Alcohol,Malicacid,Ash,Alcalinity_of_ash,Magnesium,Total_phenols,Flavanoids,Nonflavanoid_phenols,Proanthocyanins,Color_intensity,Hue,0D280_0D315_of_diluted_wines,Proline,order,value,abs_value,metric,n_train,n_test,seed,class_id
0,0,0,0,0,0,0,0,0,0,0,0,0,0,0.4,0.4,accuracy,133,45,42,19
1,0,0,0,0,0,0,0,0,0,0,0,0,1,0.6444444444444445,0.6444444444444445,accuracy,133,45,42,16
0,1,0,0,0,0,0,0,0,0,0,0,0,1,0.5555555555555556,0.5555555555555556,accuracy,133,45,42,18
0,0,1,0,0,0,0,0,0,0,0,0,0,1,0.2888888888888888,0.2888888888888888,accuracy,133,45,42,20
0,0,0,1,0,0,0,0,0,0,0,0,0,1,0.5777777777777777,0.5777777777777777,accuracy,133,45,42,18
0,0,0,0,1,0,0,0,0,0,0,0,0,1,0.4666666666666667,0.4666666666666667,accuracy,133,45,42,19
0,0,0,0,0,1,0,0,0,0,0,0,0,1,0.6222222222222222,0.6222222222222222,accuracy,133,45,42,17
0,0,0,0,0,0,1,0,0,0,0,0,0,1,0.7777777777777778,0.7777777777777778,accuracy,133,45,42,11
0,0,0,0,0,0,0,1,0,0,0,0,0,1,0.4222222222222222,0.4222222222222222,accuracy,133,45,42,19
0,0,0,0,0,0,0,0,1,0,0,0,0,1,0.5555555555555556,0.5555555555555556,accuracy,133,45,42,18
0,0,0,0,0,0,0,0,0,1,0,0,0,1,0.6666666666666666,0.6666666666666666,accuracy,133,45,42,16
0,0,0,0,0,0,0,0,0,0,1,0,0,1,0.5555555555555556,0.5555555555555556,accuracy,133,45,42,18
0,0,0,0,0,0,0,0,0,0,0,1,0,1,0.6888888888888889,0.6888888888888889,accuracy,133,45,42,15
0,0,0,0,0,0,0,0,0,0,0,0,1,1,0.7333333333333333,0.7333333333333333,accuracy,133,45,42,13
1,1,0,0,0,0,0,0,0,0,0,0,0,2,0.6888888888888889,0.6888888888888889,accuracy,133,45,42,15
1,0,1,0,0,0,0,0,0,0,0,0,0,2,0.7111111111111111,0.7111111111111111,accuracy,133,45,42,14
1,0,0,1,0,0,0,0,0,0,0,0,0,2,0.7777777777777778,0.7777777777777778,accuracy,133,45,42,11
1,0,0,0,1,0,0,0,0,0,0,0,0,2,0.6888888888888889,0.6888888888888889,accuracy,133,45,42,15
1,0,0,0,0,1,0,0,0,0,0,0,0,2,0.8222222222222222,0.8222222222222222,accuracy,133,45,42,9
1,0,0,0,0,0,1,0,0,0,0,0,0,2,0.9555555555555556,0.9555555555555556,accuracy,133,45,42,3
1,0,0,0,0,0,0,1,0,0,0,0,0,2,0.7111111111111111,0.7111111111111111,accuracy,133,45,42,14
1,0,0,0,0,0,0,0,1,0,0,0,0,2,0.7777777777777778,0.7777777777777778,accuracy,133,45,42,11
1,0,0,0,0,0,0,0,0,1,0,0,0,2,0.7777777777777778,0.7777777777777778,accuracy,133,45,42,11
1,0,0,0,0,0,0,0,0,0,1,0,0,2,0.8666666666666667,0.8666666666666667,accuracy,133,45,42,7
1,0,0,0,0,0,0,0,0,0,0,1,0,2,0.9111111111111112,0.9111111111111112,accuracy,133,45,42,5
1,0,0,0,0,0,0,0,0,0,0,0,1,2,0.9111111111111112,0.9111111111111112,accuracy,133,45,42,5
0,1,1,0,0,0,0,0,0,0,0,0,0,2,0.6444444444444445,0.6444444444444445,accuracy,133,45,42,16
0,1,0,1,0,0,0,0,0,0,0,0,0,2,0.6666666666666666,0.6666666666666666,accuracy,133,45,42,16
0,1,0,0,1,0,0,0,0,0,0,0,0,2,0.5777777777777777,0.5777777777777777,accuracy,133,45,42,18
0,1,0,0,0,1,0,0,0,0,0,0,0,2,0.6888888888888889,0.6888888888888889,accuracy,133,45,42,15
0,1,0,0,0,0,1,0,0,0,0,0,0,2,0.7777777777777778,0.7777777777777778,accuracy,133,45,42,11
0,1,0,0,0,0,0,1,0,0,0,0,0,2,0.6,0.6,accuracy,133,45,42,17
0,1,0,0,0,0,0,0,1,0,0,0,0,2,0.6222222222222222,0.6222222222222222,accuracy,133,45,42,17
0,1,0,0,0,0,0,0,0,1,0,0,0,2,0.8222222222222222,0.8222222222222222,accuracy,133,45,42,9
0,1,0,0,0,0,0,0,0,0,1,0,0,2,0.6222222222222222,0.6222222222222222,accuracy,133,45,42,17
0,1,0,0,0,0,0,0,0,0,0,1,0,2,0.6888888888888889,0.6888888888888889,accuracy,133,45,42,15
0,1,0,0,0,0,0,0,0,0,0,0,1,2,0.8,0.8,accuracy,133,45,42,10
0,0,1,1,0,0,0,0,0,0,0,0,0,2,0.6222222222222222,0.6222222222222222,accuracy,133,45,42,17
0,0,1,0,1,0,0,0,0,0,0,0,0,2,0.3555555555555555,0.3555555555555555,accuracy,133,45,42,20
0,0,1,0,0,1,0,0,0,0,0,0,0,2,0.5555555555555556,0.5555555555555556,accuracy,133,45,42,18
0,0,1,0,0,0,1,0,0,0,0,0,0,2,0.8444444444444444,0.8444444444444444,accuracy,133,45,42,8
0,0,1,0,0,0,0,1,0,0,0,0,0,2,0.4666666666666667,0.4666666666666667,accuracy,133,45,42,19
0,0,1,0,0,0,0,0,1,0,0,0,0,2,0.4444444444444444,0.4444444444444444,accuracy,133,45,42,19
0,0,1,0,0,0,0,0,0,1,0,0,0,2,0.7555555555555555,0.7555555555555555,accuracy,133,45,42,12
0,0,1,0,0,0,0,0,0,0,1,0,0,2,0.6222222222222222,0.6222222222222222,accuracy,133,45,42,17
0,0,1,0,0,0,0,0,0,0,0,1,0,2,0.7111111111111111,0.7111111111111111,accuracy,133,45,42,14
0,0,1,0,0,0,0,0,0,0,0,0,1,2,0.7111111111111111,0.7111111111111111,accuracy,133,45,42,14
0,0,0,1,1,0,0,0,0,0,0,0,0,2,0.6222222222222222,0.6222222222222222,accuracy,133,45,42,17
0,0,0,1,0,1,0,0,0,0,0,0,0,2,0.7111111111111111,0.7111111111111111,accuracy,133,45,42,14
0,0,0,1,0,0,1,0,0,0,0,0,0,2,0.8444444444444444,0.8444444444444444,accuracy,133,45,42,8
0,0,0,1,0,0,0,1,0,0,0,0,0,2,0.4888888888888889,0.4888888888888889,accuracy,133,45,42,19
0,0,0,1,0,0,0,0,1,0,0,0,0,2,0.5777777777777777,0.5777777777777777,accuracy,133,45,42,18
0,0,0,1,0,0,0,0,0,1,0,0,0,2,0.8,0.8,accuracy,133,45,42,10
0,0,0,1,0,0,0,0,0,0,1,0,0,2,0.7111111111111111,0.7111111111111111,accuracy,133,45,42,14
0,0,0,1,0,0,0,0,0,0,0,1,0,2,0.7333333333333333,0.7333333333333333,accuracy,133,45,42,13
0,0,0,1,0,0,0,0,0,0,0,0,1,2,0.7333333333333333,0.7333333333333333,accuracy,133,45,42,13
0,0,0,0,1,1,0,0,0,0,0,0,0,2,0.7333333333333333,0.7333333333333333,accuracy,133,45,42,13
0,0,0,0,1,0,1,0,0,0,0,0,0,2,0.8888888888888888,0.8888888888888888,accuracy,133,45,42,6
0,0,0,0,1,0,0,1,0,0,0,0,0,2,0.5555555555555556,0.5555555555555556,accuracy,133,45,42,18
0,0,0,0,1,0,0,0,1,0,0,0,0,2,0.5333333333333333,0.5333333333333333,accuracy,133,45,42,18
0,0,0,0,1,0,0,0,0,1,0,0,0,2,0.6888888888888889,0.6888888888888889,accuracy,133,45,42,15
0,0,0,0,1,0,0,0,0,0,1,0,0,2,0.6444444444444445,0.6444444444444445,accuracy,133,45,42,16
0,0,0,0,1,0,0,0,0,0,0,1,0,2,0.7777777777777778,0.7777777777777778,accuracy,133,45,42,11
0,0,0,0,1,0,0,0,0,0,0,0,1,2,0.7777777777777778,0.7777777777777778,accuracy,133,45,42,11
0,0,0,0,0,1,1,0,0,0,0,0,0,2,0.8,0.8,accuracy,133,45,42,10
0,0,0,0,0,1,0,1,0,0,0,0,0,2,0.5777777777777777,0.5777777777777777,accuracy,133,45,42,18
0,0,0,0,0,1,0,0,1,0,0,0,0,2,0.5555555555555556,0.5555555555555556,accuracy,133,45,42,18
0,0,0,0,0,1,0,0,0,1,0,0,0,2,0.8888888888888888,0.8888888888888888,accuracy,133,45,42,6
0,0,0,0,0,1,0,0,0,0,1,0,0,2,0.6888888888888889,0.6888888888888889,accuracy,133,45,42,15
0,0,0,0,0,1,0,0,0,0,0,1,0,2,0.7111111111111111,0.7111111111111111,accuracy,133,45,42,14
0,0,0,0,0,1,0,0,0,0,0,0,1,2,0.9111111111111112,0.9111111111111112,accuracy,133,45,42,5
0,0,0,0,0,0,1,1,0,0,0,0,0,2,0.8222222222222222,0.8222222222222222,accuracy,133,45,42,9
0,0,0,0,0,0,1,0,1,0,0,0,0,2,0.8444444444444444,0.8444444444444444,accuracy,133,45,42,8
0,0,0,0,0,0,1,0,0,1,0,0,0,2,0.9111111111111112,0.9111111111111112,accuracy,133,45,42,5
0,0,0,0,0,0,1,0,0,0,1,0,0,2,0.8222222222222222,0.8222222222222222,accuracy,133,45,42,9
0,0,0,0,0,0,1,0,0,0,0,1,0,2,0.8666666666666667,0.8666666666666667,accuracy,133,45,42,7
0,0,0,0,0,0,1,0,0,0,0,0,1,2,0.9777777777777776,0.9777777777777776,accuracy,133,45,42,2
0,0,0,0,0,0,0,1,1,0,0,0,0,2,0.5333333333333333,0.5333333333333333,accuracy,133,45,42,18
0,0,0,0,0,0,0,1,0,1,0,0,0,2,0.7333333333333333,0.7333333333333333,accuracy,133,45,42,13
0,0,0,0,0,0,0,1,0,0,1,0,0,2,0.6444444444444445,0.6444444444444445,accuracy,133,45,42,16
0,0,0,0,0,0,0,1,0,0,0,1,0,2,0.5111111111111111,0.5111111111111111,accuracy,133,45,42,18
0,0,0,0,0,0,0,1,0,0,0,0,1,2,0.7111111111111111,0.7111111111111111,accuracy,133,45,42,14
0,0,0,0,0,0,0,0,1,1,0,0,0,2,0.8,0.8,accuracy,133,45,42,10
0,0,0,0,0,0,0,0,1,0,1,0,0,2,0.7111111111111111,0.7111111111111111,accuracy,133,45,42,14
0,0,0,0,0,0,0,0,1,0,0,1,0,2,0.7111111111111111,0.7111111111111111,accuracy,133,45,42,14
0,0,0,0,0,0,0,0,1,0,0,0,1,2,0.7333333333333333,0.7333333333333333,accuracy,133,45,42,13
0,0,0,0,0,0,0,0,0,1,1,0,0,2,0.8666666666666667,0.8666666666666667,accuracy,133,45,42,7
0,0,0,0,0,0,0,0,0,1,0,1,0,2,0.8888888888888888,0.8888888888888888,accuracy,133,45,42,6
0,0,0,0,0,0,0,0,0,1,0,0,1,2,0.9333333333333332,0.9333333333333332,accuracy,133,45,42,4
0,0,0,0,0,0,0,0,0,0,1,1,0,2,0.6888888888888889,0.6888888888888889,accuracy,133,45,42,15
0,0,0,0,0,0,0,0,0,0,1,0,1,2,0.8222222222222222,0.8222222222222222,accuracy,133,45,42,9
0,0,0,0,0,0,0,0,0,0,0,1,1,2,0.8444444444444444,0.8444444444444444,accuracy,133,45,42,8
1,1,1,0,0,0,0,0,0,0,0,0,0,3,0.7777777777777778,0.7777777777777778,accuracy,133,45,42,11
1,1,0,1,0,0,0,0,0,0,0,0,0,3,0.8666666666666667,0.8666666666666667,accuracy,133,45,42,7
1,1,0,0,1,0,0,0,0,0,0,0,0,3,0.8,0.8,accuracy,133,45,42,10
1,1,0,0,0,1,0,0,0,0,0,0,0,3,0.8444444444444444,0.8444444444444444,accuracy,133,45,42,8
1,1,0,0,0,0,1,0,0,0,0,0,0,3,0.8888888888888888,0.8888888888888888,accuracy,133,45,42,6
1,1,0,0,0,0,0,1,0,0,0,0,0,3,0.8666666666666667,0.8666666666666667,accuracy,133,45,42,7
1,1,0,0,0,0,0,0,1,0,0,0,0,3,0.8222222222222222,0.8222222222222222,accuracy,133,45,42,9
1,1,0,0,0,0,0,0,0,1,0,0,0,3,0.8666666666666667,0.8666666666666667,accuracy,133,45,42,7
1,1,0,0,0,0,0,0,0,0,1,0,0,3,0.8222222222222222,0.8222222222222222,accuracy,133,45,42,9
1,1,0,0,0,0,0,0,0,0,0,1,0,3,0.9333333333333332,0.9333333333333332,accuracy,133,45,42,4
1,1,0,0,0,0,0,0,0,0,0,0,1,3,0.9111111111111112,0.9111111111111112,accuracy,133,45,42,5
1,0,1,1,0,0,0,0,0,0,0,0,0,3,0.7777777777777778,0.7777777777777778,accuracy,133,45,42,11
1,0,1,0,1,0,0,0,0,0,0,0,0,3,0.8222222222222222,0.8222222222222222,accuracy,133,45,42,9
1,0,1,0,0,1,0,0,0,0,0,0,0,3,0.8888888888888888,0.8888888888888888,accuracy,133,45,42,6
1,0,1,0,0,0,1,0,0,0,0,0,0,3,0.9555555555555556,0.9555555555555556,accuracy,133,45,42,3
1,0,1,0,0,0,0,1,0,0,0,0,0,3,0.8222222222222222,0.8222222222222222,accuracy,133,45,42,9
1,0,1,0,0,0,0,0,1,0,0,0,0,3,0.7777777777777778,0.7777777777777778,accuracy,133,45,42,11
1,0,1,0,0,0,0,0,0,1,0,0,0,3,0.7777777777777778,0.7777777777777778,accuracy,133,45,42,11
1,0,1,0,0,0,0,0,0,0,1,0,0,3,0.8,0.8,accuracy,133,45,42,10
1,0,1,0,0,0,0,0,0,0,0,1,0,3,0.9111111111111112,0.9111111111111112,accuracy,133,45,42,5
1,0,1,0,0,0,0,0,0,0,0,0,1,3,0.9333333333333332,0.9333333333333332,accuracy,133,45,42,4
1,0,0,1,1,0,0,0,0,0,0,0,0,3,0.8888888888888888,0.8888888888888888,accuracy,133,45,42,6
1,0,0,1,0,1,0,0,0,0,0,0,0,3,0.8666666666666667,0.8666666666666667,accuracy,133,45,42,7
1,0,0,1,0,0,1,0,0,0,0,0,0,3,0.9777777777777776,0.9777777777777776,accuracy,133,45,42,2
1,0,0,1,0,0,0,1,0,0,0,0,0,3,0.7555555555555555,0.7555555555555555,accuracy,133,45,42,12
1,0,0,1,0,0,0,0,1,0,0,0,0,3,0.8666666666666667,0.8666666666666667,accuracy,133,45,42,7
1,0,0,1,0,0,0,0,0,1,0,0,0,3,0.7777777777777778,0.7777777777777778,accuracy,133,45,42,11
1,0,0,1,0,0,0,0,0,0,1,0,0,3,0.9111111111111112,0.9111111111111112,accuracy,133,45,42,5
1,0,0,1,0,0,0,0,0,0,0,1,0,3,0.9555555555555556,0.9555555555555556,accuracy,133,45,42,3
1,0,0,1,0,0,0,0,0,0,0,0,1,3,0.9555555555555556,0.9555555555555556,accuracy,133,45,42,3
1,0,0,0,1,1,0,0,0,0,0,0,0,3,0.8888888888888888,0.8888888888888888,accuracy,133,45,42,6
1,0,0,0,1,0,1,0,0,0,0,0,0,3,0.9777777777777776,0.9777777777777776,accuracy,133,45,42,2
1,0,0,0,1,0,0,1,0,0,0,0,0,3,0.8666666666666667,0.8666666666666667,accuracy,133,45,42,7
1,0,0,0,1,0,0,0,1,0,0,0,0,3,0.8,0.8,accuracy,133,45,42,10
1,0,0,0,1,0,0,0,0,1,0,0,0,3,0.8888888888888888,0.8888888888888888,accuracy,133,45,42,6
1,0,0,0,1,0,0,0,0,0,1,0,0,3,0.8888888888888888,0.8888888888888888,accuracy,133,45,42,6
1,0,0,0,1,0,0,0,0,0,0,1,0,3,0.9777777777777776,0.9777777777777776,accuracy,133,45,42,2
1,0,0,0,1,0,0,0,0,0,0,0,1,3,0.9111111111111112,0.9111111111111112,accuracy,133,45,42,5
1,0,0,0,0,1,1,0,0,0,0,0,0,3,0.9555555555555556,0.9555555555555556,accuracy,133,45,42,3
1,0,0,0,0,1,0,1,0,0,0,0,0,3,0.8666666666666667,0.8666666666666667,accuracy,133,45,42,7
1,0,0,0,0,1,0,0,1,0,0,0,0,3,0.8444444444444444,0.8444444444444444,accuracy,133,45,42,8
1,0,0,0,0,1,0,0,0,1,0,0,0,3,0.9333333333333332,0.9333333333333332,accuracy,133,45,42,4
1,0,0,0,0,1,0,0,0,0,1,0,0,3,0.8444444444444444,0.8444444444444444,accuracy,133,45,42,8
1,0,0,0,0,1,0,0,0,0,0,1,0,3,0.9333333333333332,0.9333333333333332,accuracy,133,45,42,4
1,0,0,0,0,1,0,0,0,0,0,0,1,3,0.9333333333333332,0.9333333333333332,accuracy,133,45,42,4
1,0,0,0,0,0,1,1,0,0,0,0,0,3,0.9333333333333332,0.9333333333333332,accuracy,133,45,42,4
1,0,0,0,0,0,1,0,1,0,0,0,0,3,0.9555555555555556,0.9555555555555556,accuracy,133,45,42,3
1,0,0,0,0,0,1,0,0,1,0,0,0,3,0.9777777777777776,0.9777777777777776,accuracy,133,45,42,2
1,0,0,0,0,0,1,0,0,0,1,0,0,3,0.9555555555555556,0.9555555555555556,accuracy,133,45,42,3
1,0,0,0,0,0,1,0,0,0,0,1,0,3,0.9555555555555556,0.9555555555555556,accuracy,133,45,42,3
1,0,0,0,0,0,1,0,0,0,0,0,1,3,0.9777777777777776,0.9777777777777776,accuracy,133,45,42,2
1,0,0,0,0,0,0,1,1,0,0,0,0,3,0.8666666666666667,0.8666666666666667,accuracy,133,45,42,7
1,0,0,0,0,0,0,1,0,1,0,0,0,3,0.8888888888888888,0.8888888888888888,accuracy,133,45,42,6
1,0,0,0,0,0,0,1,0,0,1,0,0,3,0.8666666666666667,0.8666666666666667,accuracy,133,45,42,7
1,0,0,0,0,0,0,1,0,0,0,1,0,3,0.8888888888888888,0.8888888888888888,accuracy,133,45,42,6
1,0,0,0,0,0,0,1,0,0,0,0,1,3,0.9111111111111112,0.9111111111111112,accuracy,133,45,42,5
1,0,0,0,0,0,0,0,1,1,0,0,0,3,0.8888888888888888,0.8888888888888888,accuracy,133,45,42,6
1,0,0,0,0,0,0,0,1,0,1,0,0,3,0.8666666666666667,0.8666666666666667,accuracy,133,45,42,7
1,0,0,0,0,0,0,0,1,0,0,1,0,3,0.9111111111111112,0.9111111111111112,accuracy,133,45,42,5
1,0,0,0,0,0,0,0,1,0,0,0,1,3,0.9333333333333332,0.9333333333333332,accuracy,133,45,42,4
1,0,0,0,0,0,0,0,0,1,1,0,0,3,0.8666666666666667,0.8666666666666667,accuracy,133,45,42,7
1,0,0,0,0,0,0,0,0,1,0,1,0,3,0.9333333333333332,0.9333333333333332,accuracy,133,45,42,4
1,0,0,0,0,0,0,0,0,1,0,0,1,3,0.9111111111111112,0.9111111111111112,accuracy,133,45,42,5
1,0,0,0,0,0,0,0,0,0,1,1,0,3,0.9333333333333332,0.9333333333333332,accuracy,133,45,42,4
1,0,0,0,0,0,0,0,0,0,1,0,1,3,0.9555555555555556,0.9555555555555556,accuracy,133,45,42,3
1,0,0,0,0,0,0,0,0,0,0,1,1,3,0.9555555555555556,0.9555555555555556,accuracy,133,45,42,3
0,1,1,1,0,0,0,0,0,0,0,0,0,3,0.7777777777777778,0.7777777777777778,accuracy,133,45,42,11
0,1,1,0,1,0,0,0,0,0,0,0,0,3,0.6888888888888889,0.6888888888888889,accuracy,133,45,42,15
0,1,1,0,0,1,0,0,0,0,0,0,0,3,0.6666666666666666,0.6666666666666666,accuracy,133,45,42,16
0,1,1,0,0,0,1,0,0,0,0,0,0,3,0.8666666666666667,0.8666666666666667,accuracy,133,45,42,7
0,1,1,0,0,0,0,1,0,0,0,0,0,3,0.7333333333333333,0.7333333333333333,accuracy,133,45,42,13
0,1,1,0,0,0,0,0,1,0,0,0,0,3,0.6888888888888889,0.6888888888888889,accuracy,133,45,42,15
0,1,1,0,0,0,0,0,0,1,0,0,0,3,0.8444444444444444,0.8444444444444444,accuracy,133,45,42,8
0,1,1,0,0,0,0,0,0,0,1,0,0,3,0.7333333333333333,0.7333333333333333,accuracy,133,45,42,13
0,1,1,0,0,0,0,0,0,0,0,1,0,3,0.7333333333333333,0.7333333333333333,accuracy,133,45,42,13
0,1,1,0,0,0,0,0,0,0,0,0,1,3,0.8,0.8,accuracy,133,45,42,10
0,1,0,1,1,0,0,0,0,0,0,0,0,3,0.8,0.8,accuracy,133,45,42,10
0,1,0,1,0,1,0,0,0,0,0,0,0,3,0.7555555555555555,0.7555555555555555,accuracy,133,45,42,12
0,1,0,1,0,0,1,0,0,0,0,0,0,3,0.8222222222222222,0.8222222222222222,accuracy,133,45,42,9
0,1,0,1,0,0,0,1,0,0,0,0,0,3,0.7111111111111111,0.7111111111111111,accuracy,133,45,42,14
0,1,0,1,0,0,0,0,1,0,0,0,0,3,0.7777777777777778,0.7777777777777778,accuracy,133,45,42,11
0,1,0,1,0,0,0,0,0,1,0,0,0,3,0.8222222222222222,0.8222222222222222,accuracy,133,45,42,9
0,1,0,1,0,0,0,0,0,0,1,0,0,3,0.6888888888888889,0.6888888888888889,accuracy,133,45,42,15
0,1,0,1,0,0,0,0,0,0,0,1,0,3,0.8,0.8,accuracy,133,45,42,10
0,1,0,1,0,0,0,0,0,0,0,0,1,3,0.8444444444444444,0.8444444444444444,accuracy,133,45,42,8
0,1,0,0,1,1,0,0,0,0,0,0,0,3,0.8444444444444444,0.8444444444444444,accuracy,133,45,42,8
0,1,0,0,1,0,1,0,0,0,0,0,0,3,0.9111111111111112,0.9111111111111112,accuracy,133,45,42,5
0,1,0,0,1,0,0,1,0,0,0,0,0,3,0.6888888888888889,0.6888888888888889,accuracy,133,45,42,15
0,1,0,0,1,0,0,0,1,0,0,0,0,3,0.7111111111111111,0.7111111111111111,accuracy,133,45,42,14
0,1,0,0,1,0,0,0,0,1,0,0,0,3,0.8666666666666667,0.8666666666666667,accuracy,133,45,42,7
0,1,0,0,1,0,0,0,0,0,1,0,0,3,0.7111111111111111,0.7111111111111111,accuracy,133,45,42,14
0,1,0,0,1,0,0,0,0,0,0,1,0,3,0.8444444444444444,0.8444444444444444,accuracy,133,45,42,8
0,1,0,0,1,0,0,0,0,0,0,0,1,3,0.8,0.8,accuracy,133,45,42,10
0,1,0,0,0,1,1,0,0,0,0,0,0,3,0.7777777777777778,0.7777777777777778,accuracy,133,45,42,11
0,1,0,0,0,1,0,1,0,0,0,0,0,3,0.7111111111111111,0.7111111111111111,accuracy,133,45,42,14
0,1,0,0,0,1,0,0,1,0,0,0,0,3,0.7111111111111111,0.7111111111111111,accuracy,133,45,42,14
0,1,0,0,0,1,0,0,0,1,0,0,0,3,0.8444444444444444,0.8444444444444444,accuracy,133,45,42,8
0,1,0,0,0,1,0,0,0,0,1,0,0,3,0.7777777777777778,0.7777777777777778,accuracy,133,45,42,11
0,1,0,0,0,1,0,0,0,0,0,1,0,3,0.7555555555555555,0.7555555555555555,accuracy,133,45,42,12
0,1,0,0,0,1,0,0,0,0,0,0,1,3,0.8444444444444444,0.8444444444444444,accuracy,133,45,42,8
0,1,0,0,0,0,1,1,0,0,0,0,0,3,0.8666666666666667,0.8666666666666667,accuracy,133,45,42,7
0,1,0,0,0,0,1,0,1,0,0,0,0,3,0.7777777777777778,0.7777777777777778,accuracy,133,45,42,11
0,1,0,0,0,0,1,0,0,1,0,0,0,3,0.8888888888888888,0.8888888888888888,accuracy,133,45,42,6
0,1,0,0,0,0,1,0,0,0,1,0,0,3,0.8444444444444444,0.8444444444444444,accuracy,133,45,42,8
0,1,0,0,0,0,1,0,0,0,0,1,0,3,0.8,0.8,accuracy,133,45,42,10
0,1,0,0,0,0,1,0,0,0,0,0,1,3,0.9555555555555556,0.9555555555555556,accuracy,133,45,42,3
0,1,0,0,0,0,0,1,1,0,0,0,0,3,0.6444444444444445,0.6444444444444445,accuracy,133,45,42,16
0,1,0,0,0,0,0,1,0,1,0,0,0,3,0.8,0.8,accuracy,133,45,42,10
0,1,0,0,0,0,0,1,0,0,1,0,0,3,0.7555555555555555,0.7555555555555555,accuracy,133,45,42,12
0,1,0,0,0,0,0,1,0,0,0,1,0,3,0.7333333333333333,0.7333333333333333,accuracy,133,45,42,13
0,1,0,0,0,0,0,1,0,0,0,0,1,3,0.8888888888888888,0.8888888888888888,accuracy,133,45,42,6
0,1,0,0,0,0,0,0,1,1,0,0,0,3,0.8444444444444444,0.8444444444444444,accuracy,133,45,42,8
0,1,0,0,0,0,0,0,1,0,1,0,0,3,0.6888888888888889,0.6888888888888889,accuracy,133,45,42,15
0,1,0,0,0,0,0,0,1,0,0,1,0,3,0.7111111111111111,0.7111111111111111,accuracy,133,45,42,14
0,1,0,0,0,0,0,0,1,0,0,0,1,3,0.8666666666666667,0.8666666666666667,accuracy,133,45,42,7
0,1,0,0,0,0,0,0,0,1,1,0,0,3,0.8666666666666667,0.8666666666666667,accuracy,133,45,42,7
0,1,0,0,0,0,0,0,0,1,0,1,0,3,0.8666666666666667,0.8666666666666667,accuracy,133,45,42,7
0,1,0,0,0,0,0,0,0,1,0,0,1,3,0.9111111111111112,0.9111111111111112,accuracy,133,45,42,5
0,1,0,0,0,0,0,0,0,0,1,1,0,3,0.8222222222222222,0.8222222222222222,accuracy,133,45,42,9
0,1,0,0,0,0,0,0,0,0,1,0,1,3,0.8666666666666667,0.8666666666666667,accuracy,133,45,42,7
0,1,0,0,0,0,0,0,0,0,0,1,1,3,0.9555555555555556,0.9555555555555556,accuracy,133,45,42,3
0,0,1,1,1,0,0,0,0,0,0,0,0,3,0.6666666666666666,0.6666666666666666,accuracy,133,45,42,16
0,0,1,1,0,1,0,0,0,0,0,0,0,3,0.6444444444444445,0.6444444444444445,accuracy,133,45,42,16
0,0,1,1,0,0,1,0,0,0,0,0,0,3,0.8666666666666667,0.8666666666666667,accuracy,133,45,42,7
0,0,1,1,0,0,0,1,0,0,0,0,0,3,0.6888888888888889,0.6888888888888889,accuracy,133,45,42,15
0,0,1,1,0,0,0,0,1,0,0,0,0,3,0.7111111111111111,0.7111111111111111,accuracy,133,45,42,14
0,0,1,1,0,0,0,0,0,1,0,0,0,3,0.8666666666666667,0.8666666666666667,accuracy,133,45,42,7
0,0,1,1,0,0,0,0,0,0,1,0,0,3,0.8,0.8,accuracy,133,45,42,10
0,0,1,1,0,0,0,0,0,0,0,1,0,3,0.8444444444444444,0.8444444444444444,accuracy,133,45,42,8
0,0,1,1,0,0,0,0,0,0,0,0,1,3,0.7777777777777778,0.7777777777777778,accuracy,133,45,42,11
0,0,1,0,1,1,0,0,0,0,0,0,0,3,0.7777777777777778,0.7777777777777778,accuracy,133,45,42,11
0,0,1,0,1,0,1,0,0,0,0,0,0,3,0.9111111111111112,0.9111111111111112,accuracy,133,45,42,5
0,0,1,0,1,0,0,1,0,0,0,0,0,3,0.6,0.6,accuracy,133,45,42,17
0,0,1,0,1,0,0,0,1,0,0,0,0,3,0.6222222222222222,0.6222222222222222,accuracy,133,45,42,17
0,0,1,0,1,0,0,0,0,1,0,0,0,3,0.7777777777777778,0.7777777777777778,accuracy,133,45,42,11
0,0,1,0,1,0,0,0,0,0,1,0,0,3,0.7111111111111111,0.7111111111111111,accuracy,133,45,42,14
0,0,1,0,1,0,0,0,0,0,0,1,0,3,0.7777777777777778,0.7777777777777778,accuracy,133,45,42,11
0,0,1,0,1,0,0,0,0,0,0,0,1,3,0.7555555555555555,0.7555555555555555,accuracy,133,45,42,12
0,0,1,0,0,1,1,0,0,0,0,0,0,3,0.8888888888888888,0.8888888888888888,accuracy,133,45,42,6
0,0,1,0,0,1,0,1,0,0,0,0,0,3,0.6,0.6,accuracy,133,45,42,17
0,0,1,0,0,1,0,0,1,0,0,0,0,3,0.6444444444444445,0.6444444444444445,accuracy,133,45,42,16
0,0,1,0,0,1,0,0,0,1,0,0,0,3,0.8888888888888888,0.8888888888888888,accuracy,133,45,42,6
0,0,1,0,0,1,0,0,0,0,1,0,0,3,0.7111111111111111,0.7111111111111111,accuracy,133,45,42,14
0,0,1,0,0,1,0,0,0,0,0,1,0,3,0.8,0.8,accuracy,133,45,42,10
0,0,1,0,0,1,0,0,0,0,0,0,1,3,0.8444444444444444,0.8444444444444444,accuracy,133,45,42,8
0,0,1,0,0,0,1,1,0,0,0,0,0,3,0.8666666666666667,0.8666666666666667,accuracy,133,45,42,7
0,0,1,0,0,0,1,0,1,0,0,0,0,3,0.8222222222222222,0.8222222222222222,accuracy,133,45,42,9
0,0,1,0,0,0,1,0,0,1,0,0,0,3,0.9111111111111112,0.9111111111111112,accuracy,133,45,42,5
0,0,1,0,0,0,1,0,0,0,1,0,0,3,0.8888888888888888,0.8888888888888888,accuracy,133,45,42,6
0,0,1,0,0,0,1,0,0,0,0,1,0,3,0.8222222222222222,0.8222222222222222,accuracy,133,45,42,9
0,0,1,0,0,0,1,0,0,0,0,0,1,3,0.9777777777777776,0.9777777777777776,accuracy,133,45,42,2
0,0,1,0,0,0,0,1,1,0,0,0,0,3,0.6888888888888889,0.6888888888888889,accuracy,133,45,42,15
0,0,1,0,0,0,0,1,0,1,0,0,0,3,0.8222222222222222,0.8222222222222222,accuracy,133,45,42,9
0,0,1,0,0,0,0,1,0,0,1,0,0,3,0.7777777777777778,0.7777777777777778,accuracy,133,45,42,11
0,0,1,0,0,0,0,1,0,0,0,1,0,3,0.7111111111111111,0.7111111111111111,accuracy,133,45,42,14
0,0,1,0,0,0,0,1,0,0,0,0,1,3,0.7777777777777778,0.7777777777777778,accuracy,133,45,42,11
0,0,1,0,0,0,0,0,1,1,0,0,0,3,0.8444444444444444,0.8444444444444444,accuracy,133,45,42,8
0,0,1,0,0,0,0,0,1,0,1,0,0,3,0.6666666666666666,0.6666666666666666,accuracy,133,45,42,16
0,0,1,0,0,0,0,0,1,0,0,1,0,3,0.6666666666666666,0.6666666666666666,accuracy,133,45,42,16
0,0,1,0,0,0,0,0,1,0,0,0,1,3,0.7777777777777778,0.7777777777777778,accuracy,133,45,42,11
0,0,1,0,0,0,0,0,0,1,1,0,0,3,0.8222222222222222,0.8222222222222222,accuracy,133,45,42,9
0,0,1,0,0,0,0,0,0,1,0,1,0,3,0.9333333333333332,0.9333333333333332,accuracy,133,45,42,4
0,0,1,0,0,0,0,0,0,1,0,0,1,3,0.9333333333333332,0.9333333333333332,accuracy,133,45,42,4
0,0,1,0,0,0,0,0,0,0,1,1,0,3,0.8222222222222222,0.8222222222222222,accuracy,133,45,42,9
0,0,1,0,0,0,0,0,0,0,1,0,1,3,0.8666666666666667,0.8666666666666667,accuracy,133,45,42,7
0,0,1,0,0,0,0,0,0,0,0,1,1,3,0.9111111111111112,0.9111111111111112,accuracy,133,45,42,5
0,0,0,1,1,1,0,0,0,0,0,0,0,3,0.7555555555555555,0.7555555555555555,accuracy,133,45,42,12
0,0,0,1,1,0,1,0,0,0,0,0,0,3,0.9111111111111112,0.9111111111111112,accuracy,133,45,42,5
0,0,0,1,1,0,0,1,0,0,0,0,0,3,0.6888888888888889,0.6888888888888889,accuracy,133,45,42,15
0,0,0,1,1,0,0,0,1,0,0,0,0,3,0.7111111111111111,0.7111111111111111,accuracy,133,45,42,14
0,0,0,1,1,0,0,0,0,1,0,0,0,3,0.8444444444444444,0.8444444444444444,accuracy,133,45,42,8
0,0,0,1,1,0,0,0,0,0,1,0,0,3,0.7777777777777778,0.7777777777777778,accuracy,133,45,42,11
0,0,0,1,1,0,0,0,0,0,0,1,0,3,0.8444444444444444,0.8444444444444444,accuracy,133,45,42,8
0,0,0,1,1,0,0,0,0,0,0,0,1,3,0.7777777777777778,0.7777777777777778,accuracy,133,45,42,11
0,0,0,1,0,1,1,0,0,0,0,0,0,3,0.8222222222222222,0.8222222222222222,accuracy,133,45,42,9
0,0,0,1,0,1,0,1,0,0,0,0,0,3,0.6888888888888889,0.6888888888888889,accuracy,133,45,42,15
0,0,0,1,0,1,0,0,1,0,0,0,0,3,0.7111111111111111,0.7111111111111111,accuracy,133,45,42,14
0,0,0,1,0,1,0,0,0,1,0,0,0,3,0.9111111111111112,0.9111111111111112,accuracy,133,45,42,5
0,0,0,1,0,1,0,0,0,0,1,0,0,3,0.8,0.8,accuracy,133,45,42,10
0,0,0,1,0,1,0,0,0,0,0,1,0,3,0.7777777777777778,0.7777777777777778,accuracy,133,45,42,11
0,0,0,1,0,1,0,0,0,0,0,0,1,3,0.8666666666666667,0.8666666666666667,accuracy,133,45,42,7
0,0,0,1,0,0,1,1,0,0,0,0,0,3,0.8444444444444444,0.8444444444444444,accuracy,133,45,42,8
0,0,0,1,0,0,1,0,1,0,0,0,0,3,0.8444444444444444,0.8444444444444444,accuracy,133,45,42,8
0,0,0,1,0,0,1,0,0,1,0,0,0,3,0.8888888888888888,0.8888888888888888,accuracy,133,45,42,6
0,0,0,1,0,0,1,0,0,0,1,0,0,3,0.9111111111111112,0.9111111111111112,accuracy,133,45,42,5
0,0,0,1,0,0,1,0,0,0,0,1,0,3,0.8222222222222222,0.8222222222222222,accuracy,133,45,42,9
0,0,0,1,0,0,1,0,0,0,0,0,1,3,0.9555555555555556,0.9555555555555556,accuracy,133,45,42,3
0,0,0,1,0,0,0,1,1,0,0,0,0,3,0.6,0.6,accuracy,133,45,42,17
0,0,0,1,0,0,0,1,0,1,0,0,0,3,0.7777777777777778,0.7777777777777778,accuracy,133,45,42,11
0,0,0,1,0,0,0,1,0,0,1,0,0,3,0.6444444444444445,0.6444444444444445,accuracy,133,45,42,16
0,0,0,1,0,0,0,1,0,0,0,1,0,3,0.7777777777777778,0.7777777777777778,accuracy,133,45,42,11
0,0,0,1,0,0,0,1,0,0,0,0,1,3,0.8222222222222222,0.8222222222222222,accuracy,133,45,42,9
0,0,0,1,0,0,0,0,1,1,0,0,0,3,0.8444444444444444,0.8444444444444444,accuracy,133,45,42,8
0,0,0,1,0,0,0,0,1,0,1,0,0,3,0.6888888888888889,0.6888888888888889,accuracy,133,45,42,15
0,0,0,1,0,0,0,0,1,0,0,1,0,3,0.8,0.8,accuracy,133,45,42,10
0,0,0,1,0,0,0,0,1,0,0,0,1,3,0.8444444444444444,0.8444444444444444,accuracy,133,45,42,8
0,0,0,1,0,0,0,0,0,1,1,0,0,3,0.8,0.8,accuracy,133,45,42,10
0,0,0,1,0,0,0,0,0,1,0,1,0,3,0.8888888888888888,0.8888888888888888,accuracy,133,45,42,6
0,0,0,1,0,0,0,0,0,1,0,0,1,3,0.9555555555555556,0.9555555555555556,accuracy,133,45,42,3
0,0,0,1,0,0,0,0,0,0,1,1,0,3,0.7777777777777778,0.7777777777777778,accuracy,133,45,42,11
0,0,0,1,0,0,0,0,0,0,1,0,1,3,0.8666666666666667,0.8666666666666667,accuracy,133,45,42,7
0,0,0,1,0,0,0,0,0,0,0,1,1,3,0.9111111111111112,0.9111111111111112,accuracy,133,45,42,5
0,0,0,0,1,1,1,0,0,0,0,0,0,3,0.9111111111111112,0.9111111111111112,accuracy,133,45,42,5
0,0,0,0,1,1,0,1,0,0,0,0,0,3,0.7333333333333333,0.7333333333333333,accuracy,133,45,42,13
0,0,0,0,1,1,0,0,1,0,0,0,0,3,0.6666666666666666,0.6666666666666666,accuracy,133,45,42,16
0,0,0,0,1,1,0,0,0,1,0,0,0,3,0.8888888888888888,0.8888888888888888,accuracy,133,45,42,6
0,0,0,0,1,1,0,0,0,0,1,0,0,3,0.7555555555555555,0.7555555555555555,accuracy,133,45,42,12
0,0,0,0,1,1,0,0,0,0,0,1,0,3,0.8,0.8,accuracy,133,45,42,10
0,0,0,0,1,1,0,0,0,0,0,0,1,3,0.8,0.8,accuracy,133,45,42,10
0,0,0,0,1,0,1,1,0,0,0,0,0,3,0.9111111111111112,0.9111111111111112,accuracy,133,45,42,5
0,0,0,0,1,0,1,0,1,0,0,0,0,3,0.9555555555555556,0.9555555555555556,accuracy,133,45,42,3
0,0,0,0,1,0,1,0,0,1,0,0,0,3,0.9333333333333332,0.9333333333333332,accuracy,133,45,42,4
0,0,0,0,1,0,1,0,0,0,1,0,0,3,0.9555555555555556,0.9555555555555556,accuracy,133,45,42,3
0,0,0,0,1,0,1,0,0,0,0,1,0,3,0.8666666666666667,0.8666666666666667,accuracy,133,45,42,7
0,0,0,0,1,0,1,0,0,0,0,0,1,3,0.9777777777777776,0.9777777777777776,accuracy,133,45,42,2
0,0,0,0,1,0,0,1,1,0,0,0,0,3,0.6222222222222222,0.6222222222222222,accuracy,133,45,42,17
0,0,0,0,1,0,0,1,0,1,0,0,0,3,0.8666666666666667,0.8666666666666667,accuracy,133,45,42,7
0,0,0,0,1,0,0,1,0,0,1,0,0,3,0.7111111111111111,0.7111111111111111,accuracy,133,45,42,14
0,0,0,0,1,0,0,1,0,0,0,1,0,3,0.8,0.8,accuracy,133,45,42,10
0,0,0,0,1,0,0,1,0,0,0,0,1,3,0.8444444444444444,0.8444444444444444,accuracy,133,45,42,8
0,0,0,0,1,0,0,0,1,1,0,0,0,3,0.9111111111111112,0.9111111111111112,accuracy,133,45,42,5
0,0,0,0,1,0,0,0,1,0,1,0,0,3,0.7333333333333333,0.7333333333333333,accuracy,133,45,42,13
0,0,0,0,1,0,0,0,1,0,0,1,0,3,0.8,0.8,accuracy,133,45,42,10
0,0,0,0,1,0,0,0,1,0,0,0,1,3,0.8222222222222222,0.8222222222222222,accuracy,133,45,42,9
0,0,0,0,1,0,0,0,0,1,1,0,0,3,0.8444444444444444,0.8444444444444444,accuracy,133,45,42,8
0,0,0,0,1,0,0,0,0,1,0,1,0,3,0.9555555555555556,0.9555555555555556,accuracy,133,45,42,3
0,0,0,0,1,0,0,0,0,1,0,0,1,3,0.9333333333333332,0.9333333333333332,accuracy,133,45,42,4
0,0,0,0,1,0,0,0,0,0,1,1,0,3,0.8222222222222222,0.8222222222222222,accuracy,133,45,42,9
0,0,0,0,1,0,0,0,0,0,1,0,1,3,0.8888888888888888,0.8888888888888888,accuracy,133,45,42,6
0,0,0,0,1,0,0,0,0,0,0,1,1,3,0.9111111111111112,0.9111111111111112,accuracy,133,45,42,5
0,0,0,0,0,1,1,1,0,0,0,0,0,3,0.8222222222222222,0.8222222222222222,accuracy,133,45,42,9
0,0,0,0,0,1,1,0,1,0,0,0,0,3,0.8666666666666667,0.8666666666666667,accuracy,133,45,42,7
0,0,0,0,0,1,1,0,0,1,0,0,0,3,0.9555555555555556,0.9555555555555556,accuracy,133,45,42,3
0,0,0,0,0,1,1,0,0,0,1,0,0,3,0.8666666666666667,0.8666666666666667,accuracy,133,45,42,7
0,0,0,0,0,1,1,0,0,0,0,1,0,3,0.8444444444444444,0.8444444444444444,accuracy,133,45,42,8
0,0,0,0,0,1,1,0,0,0,0,0,1,3,0.9777777777777776,0.9777777777777776,accuracy,133,45,42,2
0,0,0,0,0,1,0,1,1,0,0,0,0,3,0.5555555555555556,0.5555555555555556,accuracy,133,45,42,18
0,0,0,0,0,1,0,1,0,1,0,0,0,3,0.8666666666666667,0.8666666666666667,accuracy,133,45,42,7
0,0,0,0,0,1,0,1,0,0,1,0,0,3,0.7555555555555555,0.7555555555555555,accuracy,133,45,42,12
0,0,0,0,0,1,0,1,0,0,0,1,0,3,0.7333333333333333,0.7333333333333333,accuracy,133,45,42,13
0,0,0,0,0,1,0,1,0,0,0,0,1,3,0.8888888888888888,0.8888888888888888,accuracy,133,45,42,6
0,0,0,0,0,1,0,0,1,1,0,0,0,3,0.8666666666666667,0.8666666666666667,accuracy,133,45,42,7
0,0,0,0,0,1,0,0,1,0,1,0,0,3,0.6666666666666666,0.6666666666666666,accuracy,133,45,42,16
0,0,0,0,0,1,0,0,1,0,0,1,0,3,0.8222222222222222,0.8222222222222222,accuracy,133,45,42,9
0,0,0,0,0,1,0,0,1,0,0,0,1,3,0.8666666666666667,0.8666666666666667,accuracy,133,45,42,7
0,0,0,0,0,1,0,0,0,1,1,0,0,3,0.8888888888888888,0.8888888888888888,accuracy,133,45,42,6
0,0,0,0,0,1,0,0,0,1,0,1,0,3,0.8888888888888888,0.8888888888888888,accuracy,133,45,42,6
0,0,0,0,0,1,0,0,0,1,0,0,1,3,0.9777777777777776,0.9777777777777776,accuracy,133,45,42,2
0,0,0,0,0,1,0,0,0,0,1,1,0,3,0.7555555555555555,0.7555555555555555,accuracy,133,45,42,12
0,0,0,0,0,1,0,0,0,0,1,0,1,3,0.8888888888888888,0.8888888888888888,accuracy,133,45,42,6
0,0,0,0,0,1,0,0,0,0,0,1,1,3,0.9555555555555556,0.9555555555555556,accuracy,133,45,42,3
0,0,0,0,0,0,1,1,1,0,0,0,0,3,0.8222222222222222,0.8222222222222222,accuracy,133,45,42,9
0,0,0,0,0,0,1,1,0,1,0,0,0,3,0.8666666666666667,0.8666666666666667,accuracy,133,45,42,7
0,0,0,0,0,0,1,1,0,0,1,0,0,3,0.8666666666666667,0.8666666666666667,accuracy,133,45,42,7
0,0,0,0,0,0,1,1,0,0,0,1,0,3,0.8444444444444444,0.8444444444444444,accuracy,133,45,42,8
0,0,0,0,0,0,1,1,0,0,0,0,1,3,0.9777777777777776,0.9777777777777776,accuracy,133,45,42,2
0,0,0,0,0,0,1,0,1,1,0,0,0,3,0.9111111111111112,0.9111111111111112,accuracy,133,45,42,5
0,0,0,0,0,0,1,0,1,0,1,0,0,3,0.8666666666666667,0.8666666666666667,accuracy,133,45,42,7
0,0,0,0,0,0,1,0,1,0,0,1,0,3,0.8444444444444444,0.8444444444444444,accuracy,133,45,42,8
0,0,0,0,0,0,1,0,1,0,0,0,1,3,0.9777777777777776,0.9777777777777776,accuracy,133,45,42,2
0,0,0,0,0,0,1,0,0,1,1,0,0,3,0.8888888888888888,0.8888888888888888,accuracy,133,45,42,6
0,0,0,0,0,0,1,0,0,1,0,1,0,3,0.9111111111111112,0.9111111111111112,accuracy,133,45,42,5
0,0,0,0,0,0,1,0,0,1,0,0,1,3,1.0,1.0,accuracy,133,45,42,1
0,0,0,0,0,0,1,0,0,0,1,1,0,3,0.8888888888888888,0.8888888888888888,accuracy,133,45,42,6
0,0,0,0,0,0,1,0,0,0,1,0,1,3,0.9333333333333332,0.9333333333333332,accuracy,133,45,42,4
0,0,0,0,0,0,1,0,0,0,0,1,1,3,0.9777777777777776,0.9777777777777776,accuracy,133,45,42,2
0,0,0,0,0,0,0,1,1,1,0,0,0,3,0.8444444444444444,0.8444444444444444,accuracy,133,45,42,8
0,0,0,0,0,0,0,1,1,0,1,0,0,3,0.6444444444444445,0.6444444444444445,accuracy,133,45,42,16
0,0,0,0,0,0,0,1,1,0,0,1,0,3,0.7111111111111111,0.7111111111111111,accuracy,133,45,42,14
0,0,0,0,0,0,0,1,1,0,0,0,1,3,0.8444444444444444,0.8444444444444444,accuracy,133,45,42,8
0,0,0,0,0,0,0,1,0,1,1,0,0,3,0.8444444444444444,0.8444444444444444,accuracy,133,45,42,8
0,0,0,0,0,0,0,1,0,1,0,1,0,3,0.8888888888888888,0.8888888888888888,accuracy,133,45,42,6
0,0,0,0,0,0,0,1,0,1,0,0,1,3,0.9333333333333332,0.9333333333333332,accuracy,133,45,42,4
0,0,0,0,0,0,0,1,0,0,1,1,0,3,0.7777777777777778,0.7777777777777778,accuracy,133,45,42,11
0,0,0,0,0,0,0,1,0,0,1,0,1,3,0.8888888888888888,0.8888888888888888,accuracy,133,45,42,6
0,0,0,0,0,0,0,1,0,0,0,1,1,3,0.9111111111111112,0.9111111111111112,accuracy,133,45,42,5
0,0,0,0,0,0,0,0,1,1,1,0,0,3,0.8888888888888888,0.8888888888888888,accuracy,133,45,42,6
0,0,0,0,0,0,0,0,1,1,0,1,0,3,0.9111111111111112,0.9111111111111112,accuracy,133,45,42,5
0,0,0,0,0,0,0,0,1,1,0,0,1,3,1.0,1.0,accuracy,133,45,42,1
0,0,0,0,0,0,0,0,1,0,1,1,0,3,0.7111111111111111,0.7111111111111111,accuracy,133,45,42,14
0,0,0,0,0,0,0,0,1,0,1,0,1,3,0.8888888888888888,0.8888888888888888,accuracy,133,45,42,6
0,0,0,0,0,0,0,0,1,0,0,1,1,3,0.8888888888888888,0.8888888888888888,accuracy,133,45,42,6
0,0,0,0,0,0,0,0,0,1,1,1,0,3,0.8666666666666667,0.8666666666666667,accuracy,133,45,42,7
0,0,0,0,0,0,0,0,0,1,1,0,1,3,0.9333333333333332,0.9333333333333332,accuracy,133,45,42,4
0,0,0,0,0,0,0,0,0,1,0,1,1,3,1.0,1.0,accuracy,133,45,42,1
0,0,0,0,0,0,0,0,0,0,1,1,1,3,0.9555555555555556,0.9555555555555556,accuracy,133,45,42,3
1,1,1,1,0,0,0,0,0,0,0,0,0,4,0.8888888888888888,0.8888888888888888,accuracy,133,45,42,6
1,1,1,0,1,0,0,0,0,0,0,0,0,4,0.8888888888888888,0.8888888888888888,accuracy,133,45,42,6
1,1,1,0,0,1,0,0,0,0,0,0,0,4,0.8444444444444444,0.8444444444444444,accuracy,133,45,42,8
1,1,1,0,0,0,1,0,0,0,0,0,0,4,0.8888888888888888,0.8888888888888888,accuracy,133,45,42,6
1,1,1,0,0,0,0,1,0,0,0,0,0,4,0.8444444444444444,0.8444444444444444,accuracy,133,45,42,8
1,1,1,0,0,0,0,0,1,0,0,0,0,4,0.8222222222222222,0.8222222222222222,accuracy,133,45,42,9
1,1,1,0,0,0,0,0,0,1,0,0,0,4,0.8444444444444444,0.8444444444444444,accuracy,133,45,42,8
1,1,1,0,0,0,0,0,0,0,1,0,0,4,0.8444444444444444,0.8444444444444444,accuracy,133,45,42,8
1,1,1,0,0,0,0,0,0,0,0,1,0,4,0.9111111111111112,0.9111111111111112,accuracy,133,45,42,5
1,1,1,0,0,0,0,0,0,0,0,0,1,4,0.8888888888888888,0.8888888888888888,accuracy,133,45,42,6
1,1,0,1,1,0,0,0,0,0,0,0,0,4,0.8444444444444444,0.8444444444444444,accuracy,133,45,42,8
1,1,0,1,0,1,0,0,0,0,0,0,0,4,0.8444444444444444,0.8444444444444444,accuracy,133,45,42,8
1,1,0,1,0,0,1,0,0,0,0,0,0,4,0.8888888888888888,0.8888888888888888,accuracy,133,45,42,6
1,1,0,1,0,0,0,1,0,0,0,0,0,4,0.7777777777777778,0.7777777777777778,accuracy,133,45,42,11
1,1,0,1,0,0,0,0,1,0,0,0,0,4,0.8222222222222222,0.8222222222222222,accuracy,133,45,42,9
1,1,0,1,0,0,0,0,0,1,0,0,0,4,0.8222222222222222,0.8222222222222222,accuracy,133,45,42,9
1,1,0,1,0,0,0,0,0,0,1,0,0,4,0.8666666666666667,0.8666666666666667,accuracy,133,45,42,7
1,1,0,1,0,0,0,0,0,0,0,1,0,4,0.8888888888888888,0.8888888888888888,accuracy,133,45,42,6
1,1,0,1,0,0,0,0,0,0,0,0,1,4,0.9555555555555556,0.9555555555555556,accuracy,133,45,42,3
1,1,0,0,1,1,0,0,0,0,0,0,0,4,0.8888888888888888,0.8888888888888888,accuracy,133,45,42,6
1,1,0,0,1,0,1,0,0,0,0,0,0,4,0.9111111111111112,0.9111111111111112,accuracy,133,45,42,5
1,1,0,0,1,0,0,1,0,0,0,0,0,4,0.8222222222222222,0.8222222222222222,accuracy,133,45,42,9
1,1,0,0,1,0,0,0,1,0,0,0,0,4,0.8,0.8,accuracy,133,45,42,10
1,1,0,0,1,0,0,0,0,1,0,0,0,4,0.8444444444444444,0.8444444444444444,accuracy,133,45,42,8
1,1,0,0,1,0,0,0,0,0,1,0,0,4,0.8444444444444444,0.8444444444444444,accuracy,133,45,42,8
1,1,0,0,1,0,0,0,0,0,0,1,0,4,0.9555555555555556,0.9555555555555556,accuracy,133,45,42,3
1,1,0,0,1,0,0,0,0,0,0,0,1,4,0.9111111111111112,0.9111111111111112,accuracy,133,45,42,5
1,1,0,0,0,1,1,0,0,0,0,0,0,4,0.8888888888888888,0.8888888888888888,accuracy,133,45,42,6
1,1,0,0,0,1,0,1,0,0,0,0,0,4,0.8444444444444444,0.8444444444444444,accuracy,133,45,42,8
1,1,0,0,0,1,0,0,1,0,0,0,0,4,0.8888888888888888,0.8888888888888888,accuracy,133,45,42,6
1,1,0,0,0,1,0,0,0,1,0,0,0,4,0.8444444444444444,0.8444444444444444,accuracy,133,45,42,8
1,1,0,0,0,1,0,0,0,0,1,0,0,4,0.8444444444444444,0.8444444444444444,accuracy,133,45,42,8
1,1,0,0,0,1,0,0,0,0,0,1,0,4,0.9333333333333332,0.9333333333333332,accuracy,133,45,42,4
1,1,0,0,0,1,0,0,0,0,0,0,1,4,0.9333333333333332,0.9333333333333332,accuracy,133,45,42,4
1,1,0,0,0,0,1,1,0,0,0,0,0,4,0.8888888888888888,0.8888888888888888,accuracy,133,45,42,6
1,1,0,0,0,0,1,0,1,0,0,0,0,4,0.8888888888888888,0.8888888888888888,accuracy,133,45,42,6
1,1,0,0,0,0,1,0,0,1,0,0,0,4,0.9111111111111112,0.9111111111111112,accuracy,133,45,42,5
1,1,0,0,0,0,1,0,0,0,1,0,0,4,0.9111111111111112,0.9111111111111112,accuracy,133,45,42,5
1,1,0,0,0,0,1,0,0,0,0,1,0,4,0.9111111111111112,0.9111111111111112,accuracy,133,45,42,5
1,1,0,0,0,0,1,0,0,0,0,0,1,4,0.9333333333333332,0.9333333333333332,accuracy,133,45,42,4
1,1,0,0,0,0,0,1,1,0,0,0,0,4,0.8444444444444444,0.8444444444444444,accuracy,133,45,42,8
1,1,0,0,0,0,0,1,0,1,0,0,0,4,0.8222222222222222,0.8222222222222222,accuracy,133,45,42,9
1,1,0,0,0,0,0,1,0,0,1,0,0,4,0.8444444444444444,0.8444444444444444,accuracy,133,45,42,8
1,1,0,0,0,0,0,1,0,0,0,1,0,4,0.9111111111111112,0.9111111111111112,accuracy,133,45,42,5
1,1,0,0,0,0,0,1,0,0,0,0,1,4,0.9111111111111112,0.9111111111111112,accuracy,133,45,42,5
1,1,0,0,0,0,0,0,1,1,0,0,0,4,0.8888888888888888,0.8888888888888888,accuracy,133,45,42,6
1,1,0,0,0,0,0,0,1,0,1,0,0,4,0.8888888888888888,0.8888888888888888,accuracy,133,45,42,6
1,1,0,0,0,0,0,0,1,0,0,1,0,4,0.9555555555555556,0.9555555555555556,accuracy,133,45,42,3
1,1,0,0,0,0,0,0,1,0,0,0,1,4,0.8888888888888888,0.8888888888888888,accuracy,133,45,42,6
1,1,0,0,0,0,0,0,0,1,1,0,0,4,0.8444444444444444,0.8444444444444444,accuracy,133,45,42,8
1,1,0,0,0,0,0,0,0,1,0,1,0,4,0.8666666666666667,0.8666666666666667,accuracy,133,45,42,7
1,1,0,0,0,0,0,0,0,1,0,0,1,4,0.9555555555555556,0.9555555555555556,accuracy,133,45,42,3
1,1,0,0,0,0,0,0,0,0,1,1,0,4,0.9333333333333332,0.9333333333333332,accuracy,133,45,42,4
1,1,0,0,0,0,0,0,0,0,1,0,1,4,0.8888888888888888,0.8888888888888888,accuracy,133,45,42,6
1,1,0,0,0,0,0,0,0,0,0,1,1,4,0.9777777777777776,0.9777777777777776,accuracy,133,45,42,2
1,0,1,1,1,0,0,0,0,0,0,0,0,4,0.8888888888888888,0.8888888888888888,accuracy,133,45,42,6
1,0,1,1,0,1,0,0,0,0,0,0,0,4,0.9111111111111112,0.9111111111111112,accuracy,133,45,42,5
1,0,1,1,0,0,1,0,0,0,0,0,0,4,0.9555555555555556,0.9555555555555556,accuracy,133,45,42,3
1,0,1,1,0,0,0,1,0,0,0,0,0,4,0.8888888888888888,0.8888888888888888,accuracy,133,45,42,6
1,0,1,1,0,0,0,0,1,0,0,0,0,4,0.9111111111111112,0.9111111111111112,accuracy,133,45,42,5
1,0,1,1,0,0,0,0,0,1,0,0,0,4,0.8222222222222222,0.8222222222222222,accuracy,133,45,42,9
1,0,1,1,0,0,0,0,0,0,1,0,0,4,0.8444444444444444,0.8444444444444444,accuracy,133,45,42,8
1,0,1,1,0,0,0,0,0,0,0,1,0,4,0.9555555555555556,0.9555555555555556,accuracy,133,45,42,3
1,0,1,1,0,0,0,0,0,0,0,0,1,4,0.9777777777777776,0.9777777777777776,accuracy,133,45,42,2
1,0,1,0,1,1,0,0,0,0,0,0,0,4,0.9555555555555556,0.9555555555555556,accuracy,133,45,42,3
1,0,1,0,1,0,1,0,0,0,0,0,0,4,0.9777777777777776,0.9777777777777776,accuracy,133,45,42,2
1,0,1,0,1,0,0,1,0,0,0,0,0,4,0.8666666666666667,0.8666666666666667,accuracy,133,45,42,7
1,0,1,0,1,0,0,0,1,0,0,0,0,4,0.7777777777777778,0.7777777777777778,accuracy,133,45,42,11
1,0,1,0,1,0,0,0,0,1,0,0,0,4,0.8444444444444444,0.8444444444444444,accuracy,133,45,42,8
1,0,1,0,1,0,0,0,0,0,1,0,0,4,0.8666666666666667,0.8666666666666667,accuracy,133,45,42,7
1,0,1,0,1,0,0,0,0,0,0,1,0,4,0.9555555555555556,0.9555555555555556,accuracy,133,45,42,3
1,0,1,0,1,0,0,0,0,0,0,0,1,4,0.8888888888888888,0.8888888888888888,accuracy,133,45,42,6
1,0,1,0,0,1,1,0,0,0,0,0,0,4,0.9333333333333332,0.9333333333333332,accuracy,133,45,42,4
1,0,1,0,0,1,0,1,0,0,0,0,0,4,0.9111111111111112,0.9111111111111112,accuracy,133,45,42,5
1,0,1,0,0,1,0,0,1,0,0,0,0,4,0.8666666666666667,0.8666666666666667,accuracy,133,45,42,7
1,0,1,0,0,1,0,0,0,1,0,0,0,4,0.8888888888888888,0.8888888888888888,accuracy,133,45,42,6
1,0,1,0,0,1,0,0,0,0,1,0,0,4,0.8444444444444444,0.8444444444444444,accuracy,133,45,42,8
1,0,1,0,0,1,0,0,0,0,0,1,0,4,0.9333333333333332,0.9333333333333332,accuracy,133,45,42,4
1,0,1,0,0,1,0,0,0,0,0,0,1,4,0.9555555555555556,0.9555555555555556,accuracy,133,45,42,3
1,0,1,0,0,0,1,1,0,0,0,0,0,4,0.9333333333333332,0.9333333333333332,accuracy,133,45,42,4
1,0,1,0,0,0,1,0,1,0,0,0,0,4,0.9555555555555556,0.9555555555555556,accuracy,133,45,42,3
1,0,1,0,0,0,1,0,0,1,0,0,0,4,0.9333333333333332,0.9333333333333332,accuracy,133,45,42,4
1,0,1,0,0,0,1,0,0,0,1,0,0,4,0.9555555555555556,0.9555555555555556,accuracy,133,45,42,3
1,0,1,0,0,0,1,0,0,0,0,1,0,4,0.9777777777777776,0.9777777777777776,accuracy,133,45,42,2
1,0,1,0,0,0,1,0,0,0,0,0,1,4,1.0,1.0,accuracy,133,45,42,1
1,0,1,0,0,0,0,1,1,0,0,0,0,4,0.8666666666666667,0.8666666666666667,accuracy,133,45,42,7
1,0,1,0,0,0,0,1,0,1,0,0,0,4,0.8444444444444444,0.8444444444444444,accuracy,133,45,42,8
1,0,1,0,0,0,0,1,0,0,1,0,0,4,0.9111111111111112,0.9111111111111112,accuracy,133,45,42,5
1,0,1,0,0,0,0,1,0,0,0,1,0,4,0.8888888888888888,0.8888888888888888,accuracy,133,45,42,6
1,0,1,0,0,0,0,1,0,0,0,0,1,4,0.9333333333333332,0.9333333333333332,accuracy,133,45,42,4
1,0,1,0,0,0,0,0,1,1,0,0,0,4,0.9333333333333332,0.9333333333333332,accuracy,133,45,42,4
1,0,1,0,0,0,0,0,1,0,1,0,0,4,0.8888888888888888,0.8888888888888888,accuracy,133,45,42,6
1,0,1,0,0,0,0,0,1,0,0,1,0,4,0.8888888888888888,0.8888888888888888,accuracy,133,45,42,6
1,0,1,0,0,0,0,0,1,0,0,0,1,4,0.9111111111111112,0.9111111111111112,accuracy,133,45,42,5
1,0,1,0,0,0,0,0,0,1,1,0,0,4,0.8,0.8,accuracy,133,45,42,10
1,0,1,0,0,0,0,0,0,1,0,1,0,4,0.9333333333333332,0.9333333333333332,accuracy,133,45,42,4
1,0,1,0,0,0,0,0,0,1,0,0,1,4,0.9111111111111112,0.9111111111111112,accuracy,133,45,42,5
1,0,1,0,0,0,0,0,0,0,1,1,0,4,0.9333333333333332,0.9333333333333332,accuracy,133,45,42,4
1,0,1,0,0,0,0,0,0,0,1,0,1,4,0.9111111111111112,0.9111111111111112,accuracy,133,45,42,5
1,0,1,0,0,0,0,0,0,0,0,1,1,4,0.9555555555555556,0.9555555555555556,accuracy,133,45,42,3
1,0,0,1,1,1,0,0,0,0,0,0,0,4,0.9111111111111112,0.9111111111111112,accuracy,133,45,42,5
1,0,0,1,1,0,1,0,0,0,0,0,0,4,0.9111111111111112,0.9111111111111112,accuracy,133,45,42,5
1,0,0,1,1,0,0,1,0,0,0,0,0,4,0.8666666666666667,0.8666666666666667,accuracy,133,45,42,7
1,0,0,1,1,0,0,0,1,0,0,0,0,4,0.8444444444444444,0.8444444444444444,accuracy,133,45,42,8
1,0,0,1,1,0,0,0,0,1,0,0,0,4,0.8444444444444444,0.8444444444444444,accuracy,133,45,42,8
1,0,0,1,1,0,0,0,0,0,1,0,0,4,0.9111111111111112,0.9111111111111112,accuracy,133,45,42,5
1,0,0,1,1,0,0,0,0,0,0,1,0,4,0.9555555555555556,0.9555555555555556,accuracy,133,45,42,3
1,0,0,1,1,0,0,0,0,0,0,0,1,4,0.9333333333333332,0.9333333333333332,accuracy,133,45,42,4
1,0,0,1,0,1,1,0,0,0,0,0,0,4,0.9333333333333332,0.9333333333333332,accuracy,133,45,42,4
1,0,0,1,0,1,0,1,0,0,0,0,0,4,0.8666666666666667,0.8666666666666667,accuracy,133,45,42,7
1,0,0,1,0,1,0,0,1,0,0,0,0,4,0.8888888888888888,0.8888888888888888,accuracy,133,45,42,6
1,0,0,1,0,1,0,0,0,1,0,0,0,4,0.9111111111111112,0.9111111111111112,accuracy,133,45,42,5
1,0,0,1,0,1,0,0,0,0,1,0,0,4,0.8444444444444444,0.8444444444444444,accuracy,133,45,42,8
1,0,0,1,0,1,0,0,0,0,0,1,0,4,0.9111111111111112,0.9111111111111112,accuracy,133,45,42,5
1,0,0,1,0,1,0,0,0,0,0,0,1,4,0.9555555555555556,0.9555555555555556,accuracy,133,45,42,3
1,0,0,1,0,0,1,1,0,0,0,0,0,4,0.9555555555555556,0.9555555555555556,accuracy,133,45,42,3
1,0,0,1,0,0,1,0,1,0,0,0,0,4,0.9555555555555556,0.9555555555555556,accuracy,133,45,42,3
1,0,0,1,0,0,1,0,0,1,0,0,0,4,0.9777777777777776,0.9777777777777776,accuracy,133,45,42,2
1,0,0,1,0,0,1,0,0,0,1,0,0,4,0.9555555555555556,0.9555555555555556,accuracy,133,45,42,3
1,0,0,1,0,0,1,0,0,0,0,1,0,4,0.9777777777777776,0.9777777777777776,accuracy,133,45,42,2
1,0,0,1,0,0,1,0,0,0,0,0,1,4,0.9777777777777776,0.9777777777777776,accuracy,133,45,42,2
1,0,0,1,0,0,0,1,1,0,0,0,0,4,0.8222222222222222,0.8222222222222222,accuracy,133,45,42,9
1,0,0,1,0,0,0,1,0,1,0,0,0,4,0.8444444444444444,0.8444444444444444,accuracy,133,45,42,8
1,0,0,1,0,0,0,1,0,0,1,0,0,4,0.8666666666666667,0.8666666666666667,accuracy,133,45,42,7
1,0,0,1,0,0,0,1,0,0,0,1,0,4,0.9111111111111112,0.9111111111111112,accuracy,133,45,42,5
1,0,0,1,0,0,0,1,0,0,0,0,1,4,0.9111111111111112,0.9111111111111112,accuracy,133,45,42,5
1,0,0,1,0,0,0,0,1,1,0,0,0,4,0.8888888888888888,0.8888888888888888,accuracy,133,45,42,6
1,0,0,1,0,0,0,0,1,0,1,0,0,4,0.8888888888888888,0.8888888888888888,accuracy,133,45,42,6
1,0,0,1,0,0,0,0,1,0,0,1,0,4,0.9333333333333332,0.9333333333333332,accuracy,133,45,42,4
1,0,0,1,0,0,0,0,1,0,0,0,1,4,0.9333333333333332,0.9333333333333332,accuracy,133,45,42,4
1,0,0,1,0,0,0,0,0,1,1,0,0,4,0.9111111111111112,0.9111111111111112,accuracy,133,45,42,5
1,0,0,1,0,0,0,0,0,1,0,1,0,4,0.9555555555555556,0.9555555555555556,accuracy,133,45,42,3
1,0,0,1,0,0,0,0,0,1,0,0,1,4,0.9333333333333332,0.9333333333333332,accuracy,133,45,42,4
1,0,0,1,0,0,0,0,0,0,1,1,0,4,0.9111111111111112,0.9111111111111112,accuracy,133,45,42,5
1,0,0,1,0,0,0,0,0,0,1,0,1,4,0.9555555555555556,0.9555555555555556,accuracy,133,45,42,3
1,0,0,1,0,0,0,0,0,0,0,1,1,4,0.9777777777777776,0.9777777777777776,accuracy,133,45,42,2
1,0,0,0,1,1,1,0,0,0,0,0,0,4,0.9555555555555556,0.9555555555555556,accuracy,133,45,42,3
1,0,0,0,1,1,0,1,0,0,0,0,0,4,0.9111111111111112,0.9111111111111112,accuracy,133,45,42,5
1,0,0,0,1,1,0,0,1,0,0,0,0,4,0.9111111111111112,0.9111111111111112,accuracy,133,45,42,5
1,0,0,0,1,1,0,0,0,1,0,0,0,4,0.9111111111111112,0.9111111111111112,accuracy,133,45,42,5
1,0,0,0,1,1,0,0,0,0,1,0,0,4,0.8888888888888888,0.8888888888888888,accuracy,133,45,42,6
1,0,0,0,1,1,0,0,0,0,0,1,0,4,0.9777777777777776,0.9777777777777776,accuracy,133,45,42,2
1,0,0,0,1,1,0,0,0,0,0,0,1,4,0.9555555555555556,0.9555555555555556,accuracy,133,45,42,3
1,0,0,0,1,0,1,1,0,0,0,0,0,4,0.9777777777777776,0.9777777777777776,accuracy,133,45,42,2
1,0,0,0,1,0,1,0,1,0,0,0,0,4,0.9555555555555556,0.9555555555555556,accuracy,133,45,42,3
1,0,0,0,1,0,1,0,0,1,0,0,0,4,0.9777777777777776,0.9777777777777776,accuracy,133,45,42,2
1,0,0,0,1,0,1,0,0,0,1,0,0,4,0.9555555555555556,0.9555555555555556,accuracy,133,45,42,3
1,0,0,0,1,0,1,0,0,0,0,1,0,4,0.9777777777777776,0.9777777777777776,accuracy,133,45,42,2
1,0,0,0,1,0,1,0,0,0,0,0,1,4,0.9777777777777776,0.9777777777777776,accuracy,133,45,42,2
1,0,0,0,1,0,0,1,1,0,0,0,0,4,0.8666666666666667,0.8666666666666667,accuracy,133,45,42,7
1,0,0,0,1,0,0,1,0,1,0,0,0,4,0.9111111111111112,0.9111111111111112,accuracy,133,45,42,5
1,0,0,0,1,0,0,1,0,0,1,0,0,4,0.8888888888888888,0.8888888888888888,accuracy,133,45,42,6
1,0,0,0,1,0,0,1,0,0,0,1,0,4,0.9333333333333332,0.9333333333333332,accuracy,133,45,42,4
1,0,0,0,1,0,0,1,0,0,0,0,1,4,0.9111111111111112,0.9111111111111112,accuracy,133,45,42,5
1,0,0,0,1,0,0,0,1,1,0,0,0,4,0.9111111111111112,0.9111111111111112,accuracy,133,45,42,5
1,0,0,0,1,0,0,0,1,0,1,0,0,4,0.8888888888888888,0.8888888888888888,accuracy,133,45,42,6
1,0,0,0,1,0,0,0,1,0,0,1,0,4,0.9555555555555556,0.9555555555555556,accuracy,133,45,42,3
1,0,0,0,1,0,0,0,1,0,0,0,1,4,0.9111111111111112,0.9111111111111112,accuracy,133,45,42,5
1,0,0,0,1,0,0,0,0,1,1,0,0,4,0.8888888888888888,0.8888888888888888,accuracy,133,45,42,6
1,0,0,0,1,0,0,0,0,1,0,1,0,4,0.9333333333333332,0.9333333333333332,accuracy,133,45,42,4
1,0,0,0,1,0,0,0,0,1,0,0,1,4,0.9555555555555556,0.9555555555555556,accuracy,133,45,42,3
1,0,0,0,1,0,0,0,0,0,1,1,0,4,0.9555555555555556,0.9555555555555556,accuracy,133,45,42,3
1,0,0,0,1,0,0,0,0,0,1,0,1,4,0.9555555555555556,0.9555555555555556,accuracy,133,45,42,3
1,0,0,0,1,0,0,0,0,0,0,1,1,4,0.9555555555555556,0.9555555555555556,accuracy,133,45,42,3
1,0,0,0,0,1,1,1,0,0,0,0,0,4,0.9555555555555556,0.9555555555555556,accuracy,133,45,42,3
1,0,0,0,0,1,1,0,1,0,0,0,0,4,0.9555555555555556,0.9555555555555556,accuracy,133,45,42,3
1,0,0,0,0,1,1,0,0,1,0,0,0,4,0.9777777777777776,0.9777777777777776,accuracy,133,45,42,2
1,0,0,0,0,1,1,0,0,0,1,0,0,4,0.9555555555555556,0.9555555555555556,accuracy,133,45,42,3
1,0,0,0,0,1,1,0,0,0,0,1,0,4,0.9555555555555556,0.9555555555555556,accuracy,133,45,42,3
1,0,0,0,0,1,1,0,0,0,0,0,1,4,0.9777777777777776,0.9777777777777776,accuracy,133,45,42,2
1,0,0,0,0,1,0,1,1,0,0,0,0,4,0.9333333333333332,0.9333333333333332,accuracy,133,45,42,4
1,0,0,0,0,1,0,1,0,1,0,0,0,4,0.9333333333333332,0.9333333333333332,accuracy,133,45,42,4
1,0,0,0,0,1,0,1,0,0,1,0,0,4,0.8444444444444444,0.8444444444444444,accuracy,133,45,42,8
1,0,0,0,0,1,0,1,0,0,0,1,0,4,0.9333333333333332,0.9333333333333332,accuracy,133,45,42,4
1,0,0,0,0,1,0,1,0,0,0,0,1,4,0.9333333333333332,0.9333333333333332,accuracy,133,45,42,4
1,0,0,0,0,1,0,0,1,1,0,0,0,4,0.9333333333333332,0.9333333333333332,accuracy,133,45,42,4
1,0,0,0,0,1,0,0,1,0,1,0,0,4,0.8888888888888888,0.8888888888888888,accuracy,133,45,42,6
1,0,0,0,0,1,0,0,1,0,0,1,0,4,0.9333333333333332,0.9333333333333332,accuracy,133,45,42,4
1,0,0,0,0,1,0,0,1,0,0,0,1,4,0.9111111111111112,0.9111111111111112,accuracy,133,45,42,5
1,0,0,0,0,1,0,0,0,1,1,0,0,4,0.9333333333333332,0.9333333333333332,accuracy,133,45,42,4
1,0,0,0,0,1,0,0,0,1,0,1,0,4,0.9333333333333332,0.9333333333333332,accuracy,133,45,42,4
1,0,0,0,0,1,0,0,0,1,0,0,1,4,0.9777777777777776,0.9777777777777776,accuracy,133,45,42,2
1,0,0,0,0,1,0,0,0,0,1,1,0,4,0.9333333333333332,0.9333333333333332,accuracy,133,45,42,4
1,0,0,0,0,1,0,0,0,0,1,0,1,4,0.9333333333333332,0.9333333333333332,accuracy,133,45,42,4
1,0,0,0,0,1,0,0,0,0,0,1,1,4,0.9555555555555556,0.9555555555555556,accuracy,133,45,42,3
1,0,0,0,0,0,1,1,1,0,0,0,0,4,0.9555555555555556,0.9555555555555556,accuracy,133,45,42,3
1,0,0,0,0,0,1,1,0,1,0,0,0,4,0.9777777777777776,0.9777777777777776,accuracy,133,45,42,2
1,0,0,0,0,0,1,1,0,0,1,0,0,4,0.9555555555555556,0.9555555555555556,accuracy,133,45,42,3
1,0,0,0,0,0,1,1,0,0,0,1,0,4,0.9333333333333332,0.9333333333333332,accuracy,133,45,42,4
1,0,0,0,0,0,1,1,0,0,0,0,1,4,0.9555555555555556,0.9555555555555556,accuracy,133,45,42,3
1,0,0,0,0,0,1,0,1,1,0,0,0,4,0.9777777777777776,0.9777777777777776,accuracy,133,45,42,2
1,0,0,0,0,0,1,0,1,0,1,0,0,4,0.9555555555555556,0.9555555555555556,accuracy,133,45,42,3
1,0,0,0,0,0,1,0,1,0,0,1,0,4,0.9555555555555556,0.9555555555555556,accuracy,133,45,42,3
1,0,0,0,0,0,1,0,1,0,0,0,1,4,0.9777777777777776,0.9777777777777776,accuracy,133,45,42,2
1,0,0,0,0,0,1,0,0,1,1,0,0,4,0.9777777777777776,0.9777777777777776,accuracy,133,45,42,2
1,0,0,0,0,0,1,0,0,1,0,1,0,4,0.9777777777777776,0.9777777777777776,accuracy,133,45,42,2
1,0,0,0,0,0,1,0,0,1,0,0,1,4,0.9777777777777776,0.9777777777777776,accuracy,133,45,42,2
1,0,0,0,0,0,1,0,0,0,1,1,0,4,0.9555555555555556,0.9555555555555556,accuracy,133,45,42,3
1,0,0,0,0,0,1,0,0,0,1,0,1,4,0.9777777777777776,0.9777777777777776,accuracy,133,45,42,2
1,0,0,0,0,0,1,0,0,0,0,1,1,4,1.0,1.0,accuracy,133,45,42,1
1,0,0,0,0,0,0,1,1,1,0,0,0,4,0.9111111111111112,0.9111111111111112,accuracy,133,45,42,5
1,0,0,0,0,0,0,1,1,0,1,0,0,4,0.8444444444444444,0.8444444444444444,accuracy,133,45,42,8
1,0,0,0,0,0,0,1,1,0,0,1,0,4,0.9111111111111112,0.9111111111111112,accuracy,133,45,42,5
1,0,0,0,0,0,0,1,1,0,0,0,1,4,0.9111111111111112,0.9111111111111112,accuracy,133,45,42,5
1,0,0,0,0,0,0,1,0,1,1,0,0,4,0.8888888888888888,0.8888888888888888,accuracy,133,45,42,6
1,0,0,0,0,0,0,1,0,1,0,1,0,4,0.9333333333333332,0.9333333333333332,accuracy,133,45,42,4
1,0,0,0,0,0,0,1,0,1,0,0,1,4,0.9333333333333332,0.9333333333333332,accuracy,133,45,42,4
1,0,0,0,0,0,0,1,0,0,1,1,0,4,0.9111111111111112,0.9111111111111112,accuracy,133,45,42,5
1,0,0,0,0,0,0,1,0,0,1,0,1,4,0.9111111111111112,0.9111111111111112,accuracy,133,45,42,5
1,0,0,0,0,0,0,1,0,0,0,1,1,4,0.9555555555555556,0.9555555555555556,accuracy,133,45,42,3
1,0,0,0,0,0,0,0,1,1,1,0,0,4,0.9111111111111112,0.9111111111111112,accuracy,133,45,42,5
1,0,0,0,0,0,0,0,1,1,0,1,0,4,0.9333333333333332,0.9333333333333332,accuracy,133,45,42,4
1,0,0,0,0,0,0,0,1,1,0,0,1,4,0.9555555555555556,0.9555555555555556,accuracy,133,45,42,3
1,0,0,0,0,0,0,0,1,0,1,1,0,4,0.9111111111111112,0.9111111111111112,accuracy,133,45,42,5
1,0,0,0,0,0,0,0,1,0,1,0,1,4,0.9333333333333332,0.9333333333333332,accuracy,133,45,42,4
1,0,0,0,0,0,0,0,1,0,0,1,1,4,0.9555555555555556,0.9555555555555556,accuracy,133,45,42,3
1,0,0,0,0,0,0,0,0,1,1,1,0,4,0.9555555555555556,0.9555555555555556,accuracy,133,45,42,3
1,0,0,0,0,0,0,0,0,1,1,0,1,4,0.9777777777777776,0.9777777777777776,accuracy,133,45,42,2
1,0,0,0,0,0,0,0,0,1,0,1,1,4,0.9777777777777776,0.9777777777777776,accuracy,133,45,42,2
1,0,0,0,0,0,0,0,0,0,1,1,1,4,0.9777777777777776,0.9777777777777776,accuracy,133,45,42,2
0,1,1,1,1,0,0,0,0,0,0,0,0,4,0.7777777777777778,0.7777777777777778,accuracy,133,45,42,11
0,1,1,1,0,1,0,0,0,0,0,0,0,4,0.7555555555555555,0.7555555555555555,accuracy,133,45,42,12
0,1,1,1,0,0,1,0,0,0,0,0,0,4,0.9111111111111112,0.9111111111111112,accuracy,133,45,42,5
0,1,1,1,0,0,0,1,0,0,0,0,0,4,0.7777777777777778,0.7777777777777778,accuracy,133,45,42,11
0,1,1,1,0,0,0,0,1,0,0,0,0,4,0.7777777777777778,0.7777777777777778,accuracy,133,45,42,11
0,1,1,1,0,0,0,0,0,1,0,0,0,4,0.8888888888888888,0.8888888888888888,accuracy,133,45,42,6
0,1,1,1,0,0,0,0,0,0,1,0,0,4,0.7777777777777778,0.7777777777777778,accuracy,133,45,42,11
0,1,1,1,0,0,0,0,0,0,0,1,0,4,0.8666666666666667,0.8666666666666667,accuracy,133,45,42,7
0,1,1,1,0,0,0,0,0,0,0,0,1,4,0.8666666666666667,0.8666666666666667,accuracy,133,45,42,7
0,1,1,0,1,1,0,0,0,0,0,0,0,4,0.8222222222222222,0.8222222222222222,accuracy,133,45,42,9
0,1,1,0,1,0,1,0,0,0,0,0,0,4,0.9111111111111112,0.9111111111111112,accuracy,133,45,42,5
0,1,1,0,1,0,0,1,0,0,0,0,0,4,0.7555555555555555,0.7555555555555555,accuracy,133,45,42,12
0,1,1,0,1,0,0,0,1,0,0,0,0,4,0.7111111111111111,0.7111111111111111,accuracy,133,45,42,14
0,1,1,0,1,0,0,0,0,1,0,0,0,4,0.8666666666666667,0.8666666666666667,accuracy,133,45,42,7
0,1,1,0,1,0,0,0,0,0,1,0,0,4,0.7333333333333333,0.7333333333333333,accuracy,133,45,42,13
0,1,1,0,1,0,0,0,0,0,0,1,0,4,0.8,0.8,accuracy,133,45,42,10
0,1,1,0,1,0,0,0,0,0,0,0,1,4,0.7777777777777778,0.7777777777777778,accuracy,133,45,42,11
0,1,1,0,0,1,1,0,0,0,0,0,0,4,0.8222222222222222,0.8222222222222222,accuracy,133,45,42,9
0,1,1,0,0,1,0,1,0,0,0,0,0,4,0.6888888888888889,0.6888888888888889,accuracy,133,45,42,15
0,1,1,0,0,1,0,0,1,0,0,0,0,4,0.7111111111111111,0.7111111111111111,accuracy,133,45,42,14
0,1,1,0,0,1,0,0,0,1,0,0,0,4,0.8222222222222222,0.8222222222222222,accuracy,133,45,42,9
0,1,1,0,0,1,0,0,0,0,1,0,0,4,0.7777777777777778,0.7777777777777778,accuracy,133,45,42,11
0,1,1,0,0,1,0,0,0,0,0,1,0,4,0.8,0.8,accuracy,133,45,42,10
0,1,1,0,0,1,0,0,0,0,0,0,1,4,0.8666666666666667,0.8666666666666667,accuracy,133,45,42,7
0,1,1,0,0,0,1,1,0,0,0,0,0,4,0.8444444444444444,0.8444444444444444,accuracy,133,45,42,8
0,1,1,0,0,0,1,0,1,0,0,0,0,4,0.8666666666666667,0.8666666666666667,accuracy,133,45,42,7
0,1,1,0,0,0,1,0,0,1,0,0,0,4,0.8888888888888888,0.8888888888888888,accuracy,133,45,42,6
0,1,1,0,0,0,1,0,0,0,1,0,0,4,0.8444444444444444,0.8444444444444444,accuracy,133,45,42,8
0,1,1,0,0,0,1,0,0,0,0,1,0,4,0.9111111111111112,0.9111111111111112,accuracy,133,45,42,5
0,1,1,0,0,0,1,0,0,0,0,0,1,4,0.9111111111111112,0.9111111111111112,accuracy,133,45,42,5
0,1,1,0,0,0,0,1,1,0,0,0,0,4,0.6666666666666666,0.6666666666666666,accuracy,133,45,42,16
0,1,1,0,0,0,0,1,0,1,0,0,0,4,0.8666666666666667,0.8666666666666667,accuracy,133,45,42,7
0,1,1,0,0,0,0,1,0,0,1,0,0,4,0.7555555555555555,0.7555555555555555,accuracy,133,45,42,12
0,1,1,0,0,0,0,1,0,0,0,1,0,4,0.7555555555555555,0.7555555555555555,accuracy,133,45,42,12
0,1,1,0,0,0,0,1,0,0,0,0,1,4,0.8888888888888888,0.8888888888888888,accuracy,133,45,42,6
0,1,1,0,0,0,0,0,1,1,0,0,0,4,0.8666666666666667,0.8666666666666667,accuracy,133,45,42,7
0,1,1,0,0,0,0,0,1,0,1,0,0,4,0.7333333333333333,0.7333333333333333,accuracy,133,45,42,13
0,1,1,0,0,0,0,0,1,0,0,1,0,4,0.7777777777777778,0.7777777777777778,accuracy,133,45,42,11
0,1,1,0,0,0,0,0,1,0,0,0,1,4,0.7777777777777778,0.7777777777777778,accuracy,133,45,42,11
0,1,1,0,0,0,0,0,0,1,1,0,0,4,0.8666666666666667,0.8666666666666667,accuracy,133,45,42,7
0,1,1,0,0,0,0,0,0,1,0,1,0,4,0.8666666666666667,0.8666666666666667,accuracy,133,45,42,7
0,1,1,0,0,0,0,0,0,1,0,0,1,4,0.8888888888888888,0.8888888888888888,accuracy,133,45,42,6
0,1,1,0,0,0,0,0,0,0,1,1,0,4,0.8,0.8,accuracy,133,45,42,10
0,1,1,0,0,0,0,0,0,0,1,0,1,4,0.8444444444444444,0.8444444444444444,accuracy,133,45,42,8
0,1,1,0,0,0,0,0,0,0,0,1,1,4,0.9333333333333332,0.9333333333333332,accuracy,133,45,42,4
0,1,0,1,1,1,0,0,0,0,0,0,0,4,0.8444444444444444,0.8444444444444444,accuracy,133,45,42,8
0,1,0,1,1,0,1,0,0,0,0,0,0,4,0.9333333333333332,0.9333333333333332,accuracy,133,45,42,4
0,1,0,1,1,0,0,1,0,0,0,0,0,4,0.7777777777777778,0.7777777777777778,accuracy,133,45,42,11
0,1,0,1,1,0,0,0,1,0,0,0,0,4,0.7777777777777778,0.7777777777777778,accuracy,133,45,42,11
0,1,0,1,1,0,0,0,0,1,0,0,0,4,0.8888888888888888,0.8888888888888888,accuracy,133,45,42,6
0,1,0,1,1,0,0,0,0,0,1,0,0,4,0.8222222222222222,0.8222222222222222,accuracy,133,45,42,9
0,1,0,1,1,0,0,0,0,0,0,1,0,4,0.8666666666666667,0.8666666666666667,accuracy,133,45,42,7
0,1,0,1,1,0,0,0,0,0,0,0,1,4,0.8222222222222222,0.8222222222222222,accuracy,133,45,42,9
0,1,0,1,0,1,1,0,0,0,0,0,0,4,0.8444444444444444,0.8444444444444444,accuracy,133,45,42,8
0,1,0,1,0,1,0,1,0,0,0,0,0,4,0.7777777777777778,0.7777777777777778,accuracy,133,45,42,11
0,1,0,1,0,1,0,0,1,0,0,0,0,4,0.7777777777777778,0.7777777777777778,accuracy,133,45,42,11
0,1,0,1,0,1,0,0,0,1,0,0,0,4,0.8666666666666667,0.8666666666666667,accuracy,133,45,42,7
0,1,0,1,0,1,0,0,0,0,1,0,0,4,0.7777777777777778,0.7777777777777778,accuracy,133,45,42,11
0,1,0,1,0,1,0,0,0,0,0,1,0,4,0.8444444444444444,0.8444444444444444,accuracy,133,45,42,8
0,1,0,1,0,1,0,0,0,0,0,0,1,4,0.8666666666666667,0.8666666666666667,accuracy,133,45,42,7
0,1,0,1,0,0,1,1,0,0,0,0,0,4,0.8444444444444444,0.8444444444444444,accuracy,133,45,42,8
0,1,0,1,0,0,1,0,1,0,0,0,0,4,0.8222222222222222,0.8222222222222222,accuracy,133,45,42,9
0,1,0,1,0,0,1,0,0,1,0,0,0,4,0.8888888888888888,0.8888888888888888,accuracy,133,45,42,6
0,1,0,1,0,0,1,0,0,0,1,0,0,4,0.8888888888888888,0.8888888888888888,accuracy,133,45,42,6
0,1,0,1,0,0,1,0,0,0,0,1,0,4,0.8444444444444444,0.8444444444444444,accuracy,133,45,42,8
0,1,0,1,0,0,1,0,0,0,0,0,1,4,0.9555555555555556,0.9555555555555556,accuracy,133,45,42,3
0,1,0,1,0,0,0,1,1,0,0,0,0,4,0.7555555555555555,0.7555555555555555,accuracy,133,45,42,12
0,1,0,1,0,0,0,1,0,1,0,0,0,4,0.8,0.8,accuracy,133,45,42,10
0,1,0,1,0,0,0,1,0,0,1,0,0,4,0.7555555555555555,0.7555555555555555,accuracy,133,45,42,12
0,1,0,1,0,0,0,1,0,0,0,1,0,4,0.7555555555555555,0.7555555555555555,accuracy,133,45,42,12
0,1,0,1,0,0,0,1,0,0,0,0,1,4,0.8888888888888888,0.8888888888888888,accuracy,133,45,42,6
0,1,0,1,0,0,0,0,1,1,0,0,0,4,0.8444444444444444,0.8444444444444444,accuracy,133,45,42,8
0,1,0,1,0,0,0,0,1,0,1,0,0,4,0.8444444444444444,0.8444444444444444,accuracy,133,45,42,8
0,1,0,1,0,0,0,0,1,0,0,1,0,4,0.7777777777777778,0.7777777777777778,accuracy,133,45,42,11
0,1,0,1,0,0,0,0,1,0,0,0,1,4,0.8888888888888888,0.8888888888888888,accuracy,133,45,42,6
0,1,0,1,0,0,0,0,0,1,1,0,0,4,0.8888888888888888,0.8888888888888888,accuracy,133,45,42,6
0,1,0,1,0,0,0,0,0,1,0,1,0,4,0.8888888888888888,0.8888888888888888,accuracy,133,45,42,6
0,1,0,1,0,0,0,0,0,1,0,0,1,4,0.9111111111111112,0.9111111111111112,accuracy,133,45,42,5
0,1,0,1,0,0,0,0,0,0,1,1,0,4,0.8,0.8,accuracy,133,45,42,10
0,1,0,1,0,0,0,0,0,0,1,0,1,4,0.8888888888888888,0.8888888888888888,accuracy,133,45,42,6
0,1,0,1,0,0,0,0,0,0,0,1,1,4,0.9333333333333332,0.9333333333333332,accuracy,133,45,42,4
0,1,0,0,1,1,1,0,0,0,0,0,0,4,0.9111111111111112,0.9111111111111112,accuracy,133,45,42,5
0,1,0,0,1,1,0,1,0,0,0,0,0,4,0.8222222222222222,0.8222222222222222,accuracy,133,45,42,9
0,1,0,0,1,1,0,0,1,0,0,0,0,4,0.7777777777777778,0.7777777777777778,accuracy,133,45,42,11
0,1,0,0,1,1,0,0,0,1,0,0,0,4,0.9111111111111112,0.9111111111111112,accuracy,133,45,42,5
0,1,0,0,1,1,0,0,0,0,1,0,0,4,0.8666666666666667,0.8666666666666667,accuracy,133,45,42,7
0,1,0,0,1,1,0,0,0,0,0,1,0,4,0.8666666666666667,0.8666666666666667,accuracy,133,45,42,7
0,1,0,0,1,1,0,0,0,0,0,0,1,4,0.9111111111111112,0.9111111111111112,accuracy,133,45,42,5
0,1,0,0,1,0,1,1,0,0,0,0,0,4,0.8888888888888888,0.8888888888888888,accuracy,133,45,42,6
0,1,0,0,1,0,1,0,1,0,0,0,0,4,0.8888888888888888,0.8888888888888888,accuracy,133,45,42,6
0,1,0,0,1,0,1,0,0,1,0,0,0,4,0.9111111111111112,0.9111111111111112,accuracy,133,45,42,5
0,1,0,0,1,0,1,0,0,0,1,0,0,4,0.9555555555555556,0.9555555555555556,accuracy,133,45,42,3
0,1,0,0,1,0,1,0,0,0,0,1,0,4,0.9333333333333332,0.9333333333333332,accuracy,133,45,42,4
0,1,0,0,1,0,1,0,0,0,0,0,1,4,0.9333333333333332,0.9333333333333332,accuracy,133,45,42,4
0,1,0,0,1,0,0,1,1,0,0,0,0,4,0.7555555555555555,0.7555555555555555,accuracy,133,45,42,12
0,1,0,0,1,0,0,1,0,1,0,0,0,4,0.8666666666666667,0.8666666666666667,accuracy,133,45,42,7
0,1,0,0,1,0,0,1,0,0,1,0,0,4,0.7111111111111111,0.7111111111111111,accuracy,133,45,42,14
0,1,0,0,1,0,0,1,0,0,0,1,0,4,0.8444444444444444,0.8444444444444444,accuracy,133,45,42,8
0,1,0,0,1,0,0,1,0,0,0,0,1,4,0.8666666666666667,0.8666666666666667,accuracy,133,45,42,7
0,1,0,0,1,0,0,0,1,1,0,0,0,4,0.8888888888888888,0.8888888888888888,accuracy,133,45,42,6
0,1,0,0,1,0,0,0,1,0,1,0,0,4,0.7555555555555555,0.7555555555555555,accuracy,133,45,42,12
0,1,0,0,1,0,0,0,1,0,0,1,0,4,0.8222222222222222,0.8222222222222222,accuracy,133,45,42,9
0,1,0,0,1,0,0,0,1,0,0,0,1,4,0.8222222222222222,0.8222222222222222,accuracy,133,45,42,9
0,1,0,0,1,0,0,0,0,1,1,0,0,4,0.8888888888888888,0.8888888888888888,accuracy,133,45,42,6
0,1,0,0,1,0,0,0,0,1,0,1,0,4,0.9111111111111112,0.9111111111111112,accuracy,133,45,42,5
0,1,0,0,1,0,0,0,0,1,0,0,1,4,0.9111111111111112,0.9111111111111112,accuracy,133,45,42,5
0,1,0,0,1,0,0,0,0,0,1,1,0,4,0.8444444444444444,0.8444444444444444,accuracy,133,45,42,8
0,1,0,0,1,0,0,0,0,0,1,0,1,4,0.8666666666666667,0.8666666666666667,accuracy,133,45,42,7
0,1,0,0,1,0,0,0,0,0,0,1,1,4,0.9333333333333332,0.9333333333333332,accuracy,133,45,42,4
0,1,0,0,0,1,1,1,0,0,0,0,0,4,0.8,0.8,accuracy,133,45,42,10
0,1,0,0,0,1,1,0,1,0,0,0,0,4,0.8,0.8,accuracy,133,45,42,10
0,1,0,0,0,1,1,0,0,1,0,0,0,4,0.8888888888888888,0.8888888888888888,accuracy,133,45,42,6
0,1,0,0,0,1,1,0,0,0,1,0,0,4,0.8888888888888888,0.8888888888888888,accuracy,133,45,42,6
0,1,0,0,0,1,1,0,0,0,0,1,0,4,0.7777777777777778,0.7777777777777778,accuracy,133,45,42,11
0,1,0,0,0,1,1,0,0,0,0,0,1,4,0.9111111111111112,0.9111111111111112,accuracy,133,45,42,5
0,1,0,0,0,1,0,1,1,0,0,0,0,4,0.7111111111111111,0.7111111111111111,accuracy,133,45,42,14
0,1,0,0,0,1,0,1,0,1,0,0,0,4,0.8666666666666667,0.8666666666666667,accuracy,133,45,42,7
0,1,0,0,0,1,0,1,0,0,1,0,0,4,0.7555555555555555,0.7555555555555555,accuracy,133,45,42,12
0,1,0,0,0,1,0,1,0,0,0,1,0,4,0.7333333333333333,0.7333333333333333,accuracy,133,45,42,13
0,1,0,0,0,1,0,1,0,0,0,0,1,4,0.8888888888888888,0.8888888888888888,accuracy,133,45,42,6
0,1,0,0,0,1,0,0,1,1,0,0,0,4,0.8666666666666667,0.8666666666666667,accuracy,133,45,42,7
0,1,0,0,0,1,0,0,1,0,1,0,0,4,0.8,0.8,accuracy,133,45,42,10
0,1,0,0,0,1,0,0,1,0,0,1,0,4,0.7555555555555555,0.7555555555555555,accuracy,133,45,42,12
0,1,0,0,0,1,0,0,1,0,0,0,1,4,0.8222222222222222,0.8222222222222222,accuracy,133,45,42,9
0,1,0,0,0,1,0,0,0,1,1,0,0,4,0.8888888888888888,0.8888888888888888,accuracy,133,45,42,6
0,1,0,0,0,1,0,0,0,1,0,1,0,4,0.8444444444444444,0.8444444444444444,accuracy,133,45,42,8
0,1,0,0,0,1,0,0,0,1,0,0,1,4,0.9333333333333332,0.9333333333333332,accuracy,133,45,42,4
0,1,0,0,0,1,0,0,0,0,1,1,0,4,0.8222222222222222,0.8222222222222222,accuracy,133,45,42,9
0,1,0,0,0,1,0,0,0,0,1,0,1,4,0.9333333333333332,0.9333333333333332,accuracy,133,45,42,4
0,1,0,0,0,1,0,0,0,0,0,1,1,4,0.9111111111111112,0.9111111111111112,accuracy,133,45,42,5
0,1,0,0,0,0,1,1,1,0,0,0,0,4,0.8222222222222222,0.8222222222222222,accuracy,133,45,42,9
0,1,0,0,0,0,1,1,0,1,0,0,0,4,0.8888888888888888,0.8888888888888888,accuracy,133,45,42,6
0,1,0,0,0,0,1,1,0,0,1,0,0,4,0.8888888888888888,0.8888888888888888,accuracy,133,45,42,6
0,1,0,0,0,0,1,1,0,0,0,1,0,4,0.8666666666666667,0.8666666666666667,accuracy,133,45,42,7
0,1,0,0,0,0,1,1,0,0,0,0,1,4,0.9555555555555556,0.9555555555555556,accuracy,133,45,42,3
0,1,0,0,0,0,1,0,1,1,0,0,0,4,0.8888888888888888,0.8888888888888888,accuracy,133,45,42,6
0,1,0,0,0,0,1,0,1,0,1,0,0,4,0.9111111111111112,0.9111111111111112,accuracy,133,45,42,5
0,1,0,0,0,0,1,0,1,0,0,1,0,4,0.8666666666666667,0.8666666666666667,accuracy,133,45,42,7
0,1,0,0,0,0,1,0,1,0,0,0,1,4,0.9333333333333332,0.9333333333333332,accuracy,133,45,42,4
0,1,0,0,0,0,1,0,0,1,1,0,0,4,0.8888888888888888,0.8888888888888888,accuracy,133,45,42,6
0,1,0,0,0,0,1,0,0,1,0,1,0,4,0.8888888888888888,0.8888888888888888,accuracy,133,45,42,6
0,1,0,0,0,0,1,0,0,1,0,0,1,4,0.9777777777777776,0.9777777777777776,accuracy,133,45,42,2
0,1,0,0,0,0,1,0,0,0,1,1,0,4,0.8666666666666667,0.8666666666666667,accuracy,133,45,42,7
0,1,0,0,0,0,1,0,0,0,1,0,1,4,0.9777777777777776,0.9777777777777776,accuracy,133,45,42,2
0,1,0,0,0,0,1,0,0,0,0,1,1,4,0.9333333333333332,0.9333333333333332,accuracy,133,45,42,4
0,1,0,0,0,0,0,1,1,1,0,0,0,4,0.8444444444444444,0.8444444444444444,accuracy,133,45,42,8
0,1,0,0,0,0,0,1,1,0,1,0,0,4,0.7555555555555555,0.7555555555555555,accuracy,133,45,42,12
0,1,0,0,0,0,0,1,1,0,0,1,0,4,0.7333333333333333,0.7333333333333333,accuracy,133,45,42,13
0,1,0,0,0,0,0,1,1,0,0,0,1,4,0.8444444444444444,0.8444444444444444,accuracy,133,45,42,8
0,1,0,0,0,0,0,1,0,1,1,0,0,4,0.8666666666666667,0.8666666666666667,accuracy,133,45,42,7
0,1,0,0,0,0,0,1,0,1,0,1,0,4,0.8444444444444444,0.8444444444444444,accuracy,133,45,42,8
0,1,0,0,0,0,0,1,0,1,0,0,1,4,0.9333333333333332,0.9333333333333332,accuracy,133,45,42,4
0,1,0,0,0,0,0,1,0,0,1,1,0,4,0.8,0.8,accuracy,133,45,42,10
0,1,0,0,0,0,0,1,0,0,1,0,1,4,0.8666666666666667,0.8666666666666667,accuracy,133,45,42,7
0,1,0,0,0,0,0,1,0,0,0,1,1,4,0.9111111111111112,0.9111111111111112,accuracy,133,45,42,5
0,1,0,0,0,0,0,0,1,1,1,0,0,4,0.8888888888888888,0.8888888888888888,accuracy,133,45,42,6
0,1,0,0,0,0,0,0,1,1,0,1,0,4,0.8666666666666667,0.8666666666666667,accuracy,133,45,42,7
0,1,0,0,0,0,0,0,1,1,0,0,1,4,0.9333333333333332,0.9333333333333332,accuracy,133,45,42,4
0,1,0,0,0,0,0,0,1,0,1,1,0,4,0.7555555555555555,0.7555555555555555,accuracy,133,45,42,12
0,1,0,0,0,0,0,0,1,0,1,0,1,4,0.9111111111111112,0.9111111111111112,accuracy,133,45,42,5
0,1,0,0,0,0,0,0,1,0,0,1,1,4,0.9333333333333332,0.9333333333333332,accuracy,133,45,42,4
0,1,0,0,0,0,0,0,0,1,1,1,0,4,0.8666666666666667,0.8666666666666667,accuracy,133,45,42,7
0,1,0,0,0,0,0,0,0,1,1,0,1,4,0.9777777777777776,0.9777777777777776,accuracy,133,45,42,2
0,1,0,0,0,0,0,0,0,1,0,1,1,4,0.9777777777777776,0.9777777777777776,accuracy,133,45,42,2
0,1,0,0,0,0,0,0,0,0,1,1,1,4,0.9333333333333332,0.9333333333333332,accuracy,133,45,42,4
0,0,1,1,1,1,0,0,0,0,0,0,0,4,0.7777777777777778,0.7777777777777778,accuracy,133,45,42,11
0,0,1,1,1,0,1,0,0,0,0,0,0,4,0.9111111111111112,0.9111111111111112,accuracy,133,45,42,5
0,0,1,1,1,0,0,1,0,0,0,0,0,4,0.7333333333333333,0.7333333333333333,accuracy,133,45,42,13
0,0,1,1,1,0,0,0,1,0,0,0,0,4,0.6888888888888889,0.6888888888888889,accuracy,133,45,42,15
0,0,1,1,1,0,0,0,0,1,0,0,0,4,0.8666666666666667,0.8666666666666667,accuracy,133,45,42,7
0,0,1,1,1,0,0,0,0,0,1,0,0,4,0.8,0.8,accuracy,133,45,42,10
0,0,1,1,1,0,0,0,0,0,0,1,0,4,0.8222222222222222,0.8222222222222222,accuracy,133,45,42,9
0,0,1,1,1,0,0,0,0,0,0,0,1,4,0.7555555555555555,0.7555555555555555,accuracy,133,45,42,12
0,0,1,1,0,1,1,0,0,0,0,0,0,4,0.8666666666666667,0.8666666666666667,accuracy,133,45,42,7
0,0,1,1,0,1,0,1,0,0,0,0,0,4,0.6444444444444445,0.6444444444444445,accuracy,133,45,42,16
0,0,1,1,0,1,0,0,1,0,0,0,0,4,0.8,0.8,accuracy,133,45,42,10
0,0,1,1,0,1,0,0,0,1,0,0,0,4,0.8888888888888888,0.8888888888888888,accuracy,133,45,42,6
0,0,1,1,0,1,0,0,0,0,1,0,0,4,0.7777777777777778,0.7777777777777778,accuracy,133,45,42,11
0,0,1,1,0,1,0,0,0,0,0,1,0,4,0.8222222222222222,0.8222222222222222,accuracy,133,45,42,9
0,0,1,1,0,1,0,0,0,0,0,0,1,4,0.8888888888888888,0.8888888888888888,accuracy,133,45,42,6
0,0,1,1,0,0,1,1,0,0,0,0,0,4,0.8444444444444444,0.8444444444444444,accuracy,133,45,42,8
0,0,1,1,0,0,1,0,1,0,0,0,0,4,0.8666666666666667,0.8666666666666667,accuracy,133,45,42,7
0,0,1,1,0,0,1,0,0,1,0,0,0,4,0.9555555555555556,0.9555555555555556,accuracy,133,45,42,3
0,0,1,1,0,0,1,0,0,0,1,0,0,4,0.8666666666666667,0.8666666666666667,accuracy,133,45,42,7
0,0,1,1,0,0,1,0,0,0,0,1,0,4,0.8666666666666667,0.8666666666666667,accuracy,133,45,42,7
0,0,1,1,0,0,1,0,0,0,0,0,1,4,0.9555555555555556,0.9555555555555556,accuracy,133,45,42,3
0,0,1,1,0,0,0,1,1,0,0,0,0,4,0.7333333333333333,0.7333333333333333,accuracy,133,45,42,13
0,0,1,1,0,0,0,1,0,1,0,0,0,4,0.8444444444444444,0.8444444444444444,accuracy,133,45,42,8
0,0,1,1,0,0,0,1,0,0,1,0,0,4,0.8,0.8,accuracy,133,45,42,10
0,0,1,1,0,0,0,1,0,0,0,1,0,4,0.8444444444444444,0.8444444444444444,accuracy,133,45,42,8
0,0,1,1,0,0,0,1,0,0,0,0,1,4,0.8222222222222222,0.8222222222222222,accuracy,133,45,42,9
0,0,1,1,0,0,0,0,1,1,0,0,0,4,0.8888888888888888,0.8888888888888888,accuracy,133,45,42,6
0,0,1,1,0,0,0,0,1,0,1,0,0,4,0.8,0.8,accuracy,133,45,42,10
0,0,1,1,0,0,0,0,1,0,0,1,0,4,0.8444444444444444,0.8444444444444444,accuracy,133,45,42,8
0,0,1,1,0,0,0,0,1,0,0,0,1,4,0.7777777777777778,0.7777777777777778,accuracy,133,45,42,11
0,0,1,1,0,0,0,0,0,1,1,0,0,4,0.8888888888888888,0.8888888888888888,accuracy,133,45,42,6
0,0,1,1,0,0,0,0,0,1,0,1,0,4,0.9111111111111112,0.9111111111111112,accuracy,133,45,42,5
0,0,1,1,0,0,0,0,0,1,0,0,1,4,0.9555555555555556,0.9555555555555556,accuracy,133,45,42,3
0,0,1,1,0,0,0,0,0,0,1,1,0,4,0.8444444444444444,0.8444444444444444,accuracy,133,45,42,8
0,0,1,1,0,0,0,0,0,0,1,0,1,4,0.8888888888888888,0.8888888888888888,accuracy,133,45,42,6
0,0,1,1,0,0,0,0,0,0,0,1,1,4,0.9333333333333332,0.9333333333333332,accuracy,133,45,42,4
0,0,1,0,1,1,1,0,0,0,0,0,0,4,0.9777777777777776,0.9777777777777776,accuracy,133,45,42,2
0,0,1,0,1,1,0,1,0,0,0,0,0,4,0.7777777777777778,0.7777777777777778,accuracy,133,45,42,11
0,0,1,0,1,1,0,0,1,0,0,0,0,4,0.7555555555555555,0.7555555555555555,accuracy,133,45,42,12
0,0,1,0,1,1,0,0,0,1,0,0,0,4,0.8888888888888888,0.8888888888888888,accuracy,133,45,42,6
0,0,1,0,1,1,0,0,0,0,1,0,0,4,0.7333333333333333,0.7333333333333333,accuracy,133,45,42,13
0,0,1,0,1,1,0,0,0,0,0,1,0,4,0.8,0.8,accuracy,133,45,42,10
0,0,1,0,1,1,0,0,0,0,0,0,1,4,0.8444444444444444,0.8444444444444444,accuracy,133,45,42,8
0,0,1,0,1,0,1,1,0,0,0,0,0,4,0.9111111111111112,0.9111111111111112,accuracy,133,45,42,5
0,0,1,0,1,0,1,0,1,0,0,0,0,4,0.9333333333333332,0.9333333333333332,accuracy,133,45,42,4
0,0,1,0,1,0,1,0,0,1,0,0,0,4,0.9555555555555556,0.9555555555555556,accuracy,133,45,42,3
0,0,1,0,1,0,1,0,0,0,1,0,0,4,0.9777777777777776,0.9777777777777776,accuracy,133,45,42,2
0,0,1,0,1,0,1,0,0,0,0,1,0,4,0.9111111111111112,0.9111111111111112,accuracy,133,45,42,5
0,0,1,0,1,0,1,0,0,0,0,0,1,4,0.9777777777777776,0.9777777777777776,accuracy,133,45,42,2
0,0,1,0,1,0,0,1,1,0,0,0,0,4,0.6888888888888889,0.6888888888888889,accuracy,133,45,42,15
0,0,1,0,1,0,0,1,0,1,0,0,0,4,0.8888888888888888,0.8888888888888888,accuracy,133,45,42,6
0,0,1,0,1,0,0,1,0,0,1,0,0,4,0.8,0.8,accuracy,133,45,42,10
0,0,1,0,1,0,0,1,0,0,0,1,0,4,0.8222222222222222,0.8222222222222222,accuracy,133,45,42,9
0,0,1,0,1,0,0,1,0,0,0,0,1,4,0.8222222222222222,0.8222222222222222,accuracy,133,45,42,9
0,0,1,0,1,0,0,0,1,1,0,0,0,4,0.9333333333333332,0.9333333333333332,accuracy,133,45,42,4
0,0,1,0,1,0,0,0,1,0,1,0,0,4,0.7333333333333333,0.7333333333333333,accuracy,133,45,42,13
0,0,1,0,1,0,0,0,1,0,0,1,0,4,0.7777777777777778,0.7777777777777778,accuracy,133,45,42,11
0,0,1,0,1,0,0,0,1,0,0,0,1,4,0.7555555555555555,0.7555555555555555,accuracy,133,45,42,12
0,0,1,0,1,0,0,0,0,1,1,0,0,4,0.8888888888888888,0.8888888888888888,accuracy,133,45,42,6
0,0,1,0,1,0,0,0,0,1,0,1,0,4,0.9555555555555556,0.9555555555555556,accuracy,133,45,42,3
0,0,1,0,1,0,0,0,0,1,0,0,1,4,0.9333333333333332,0.9333333333333332,accuracy,133,45,42,4
0,0,1,0,1,0,0,0,0,0,1,1,0,4,0.8,0.8,accuracy,133,45,42,10
0,0,1,0,1,0,0,0,0,0,1,0,1,4,0.8666666666666667,0.8666666666666667,accuracy,133,45,42,7
0,0,1,0,1,0,0,0,0,0,0,1,1,4,0.9111111111111112,0.9111111111111112,accuracy,133,45,42,5
0,0,1,0,0,1,1,1,0,0,0,0,0,4,0.8888888888888888,0.8888888888888888,accuracy,133,45,42,6
0,0,1,0,0,1,1,0,1,0,0,0,0,4,0.8666666666666667,0.8666666666666667,accuracy,133,45,42,7
0,0,1,0,0,1,1,0,0,1,0,0,0,4,0.9333333333333332,0.9333333333333332,accuracy,133,45,42,4
0,0,1,0,0,1,1,0,0,0,1,0,0,4,0.8888888888888888,0.8888888888888888,accuracy,133,45,42,6
0,0,1,0,0,1,1,0,0,0,0,1,0,4,0.8666666666666667,0.8666666666666667,accuracy,133,45,42,7
0,0,1,0,0,1,1,0,0,0,0,0,1,4,0.9777777777777776,0.9777777777777776,accuracy,133,45,42,2
0,0,1,0,0,1,0,1,1,0,0,0,0,4,0.6666666666666666,0.6666666666666666,accuracy,133,45,42,16
0,0,1,0,0,1,0,1,0,1,0,0,0,4,0.8888888888888888,0.8888888888888888,accuracy,133,45,42,6
0,0,1,0,0,1,0,1,0,0,1,0,0,4,0.7777777777777778,0.7777777777777778,accuracy,133,45,42,11
0,0,1,0,0,1,0,1,0,0,0,1,0,4,0.7333333333333333,0.7333333333333333,accuracy,133,45,42,13
0,0,1,0,0,1,0,1,0,0,0,0,1,4,0.8444444444444444,0.8444444444444444,accuracy,133,45,42,8
0,0,1,0,0,1,0,0,1,1,0,0,0,4,0.9111111111111112,0.9111111111111112,accuracy,133,45,42,5
0,0,1,0,0,1,0,0,1,0,1,0,0,4,0.7333333333333333,0.7333333333333333,accuracy,133,45,42,13
0,0,1,0,0,1,0,0,1,0,0,1,0,4,0.7777777777777778,0.7777777777777778,accuracy,133,45,42,11
0,0,1,0,0,1,0,0,1,0,0,0,1,4,0.9111111111111112,0.9111111111111112,accuracy,133,45,42,5
0,0,1,0,0,1,0,0,0,1,1,0,0,4,0.8888888888888888,0.8888888888888888,accuracy,133,45,42,6
0,0,1,0,0,1,0,0,0,1,0,1,0,4,0.9111111111111112,0.9111111111111112,accuracy,133,45,42,5
0,0,1,0,0,1,0,0,0,1,0,0,1,4,0.9555555555555556,0.9555555555555556,accuracy,133,45,42,3
0,0,1,0,0,1,0,0,0,0,1,1,0,4,0.8,0.8,accuracy,133,45,42,10
0,0,1,0,0,1,0,0,0,0,1,0,1,4,0.9333333333333332,0.9333333333333332,accuracy,133,45,42,4
0,0,1,0,0,1,0,0,0,0,0,1,1,4,0.9555555555555556,0.9555555555555556,accuracy,133,45,42,3
0,0,1,0,0,0,1,1,1,0,0,0,0,4,0.8888888888888888,0.8888888888888888,accuracy,133,45,42,6
0,0,1,0,0,0,1,1,0,1,0,0,0,4,0.9111111111111112,0.9111111111111112,accuracy,133,45,42,5
0,0,1,0,0,0,1,1,0,0,1,0,0,4,0.9111111111111112,0.9111111111111112,accuracy,133,45,42,5
0,0,1,0,0,0,1,1,0,0,0,1,0,4,0.9111111111111112,0.9111111111111112,accuracy,133,45,42,5
0,0,1,0,0,0,1,1,0,0,0,0,1,4,0.9777777777777776,0.9777777777777776,accuracy,133,45,42,2
0,0,1,0,0,0,1,0,1,1,0,0,0,4,0.9111111111111112,0.9111111111111112,accuracy,133,45,42,5
0,0,1,0,0,0,1,0,1,0,1,0,0,4,0.8888888888888888,0.8888888888888888,accuracy,133,45,42,6
0,0,1,0,0,0,1,0,1,0,0,1,0,4,0.8666666666666667,0.8666666666666667,accuracy,133,45,42,7
0,0,1,0,0,0,1,0,1,0,0,0,1,4,0.9555555555555556,0.9555555555555556,accuracy,133,45,42,3
0,0,1,0,0,0,1,0,0,1,1,0,0,4,0.9111111111111112,0.9111111111111112,accuracy,133,45,42,5
0,0,1,0,0,0,1,0,0,1,0,1,0,4,0.9333333333333332,0.9333333333333332,accuracy,133,45,42,4
0,0,1,0,0,0,1,0,0,1,0,0,1,4,1.0,1.0,accuracy,133,45,42,1
0,0,1,0,0,0,1,0,0,0,1,1,0,4,0.9111111111111112,0.9111111111111112,accuracy,133,45,42,5
0,0,1,0,0,0,1,0,0,0,1,0,1,4,0.9333333333333332,0.9333333333333332,accuracy,133,45,42,4
0,0,1,0,0,0,1,0,0,0,0,1,1,4,0.9555555555555556,0.9555555555555556,accuracy,133,45,42,3
0,0,1,0,0,0,0,1,1,1,0,0,0,4,0.8666666666666667,0.8666666666666667,accuracy,133,45,42,7
0,0,1,0,0,0,0,1,1,0,1,0,0,4,0.7555555555555555,0.7555555555555555,accuracy,133,45,42,12
0,0,1,0,0,0,0,1,1,0,0,1,0,4,0.7333333333333333,0.7333333333333333,accuracy,133,45,42,13
0,0,1,0,0,0,0,1,1,0,0,0,1,4,0.8666666666666667,0.8666666666666667,accuracy,133,45,42,7
0,0,1,0,0,0,0,1,0,1,1,0,0,4,0.8666666666666667,0.8666666666666667,accuracy,133,45,42,7
0,0,1,0,0,0,0,1,0,1,0,1,0,4,0.9333333333333332,0.9333333333333332,accuracy,133,45,42,4
0,0,1,0,0,0,0,1,0,1,0,0,1,4,0.9111111111111112,0.9111111111111112,accuracy,133,45,42,5
0,0,1,0,0,0,0,1,0,0,1,1,0,4,0.8444444444444444,0.8444444444444444,accuracy,133,45,42,8
0,0,1,0,0,0,0,1,0,0,1,0,1,4,0.9333333333333332,0.9333333333333332,accuracy,133,45,42,4
0,0,1,0,0,0,0,1,0,0,0,1,1,4,0.9333333333333332,0.9333333333333332,accuracy,133,45,42,4
0,0,1,0,0,0,0,0,1,1,1,0,0,4,0.9111111111111112,0.9111111111111112,accuracy,133,45,42,5
0,0,1,0,0,0,0,0,1,1,0,1,0,4,0.9111111111111112,0.9111111111111112,accuracy,133,45,42,5
0,0,1,0,0,0,0,0,1,1,0,0,1,4,1.0,1.0,accuracy,133,45,42,1
0,0,1,0,0,0,0,0,1,0,1,1,0,4,0.7777777777777778,0.7777777777777778,accuracy,133,45,42,11
0,0,1,0,0,0,0,0,1,0,1,0,1,4,0.9333333333333332,0.9333333333333332,accuracy,133,45,42,4
0,0,1,0,0,0,0,0,1,0,0,1,1,4,0.9111111111111112,0.9111111111111112,accuracy,133,45,42,5
0,0,1,0,0,0,0,0,0,1,1,1,0,4,0.9111111111111112,0.9111111111111112,accuracy,133,45,42,5
0,0,1,0,0,0,0,0,0,1,1,0,1,4,0.9333333333333332,0.9333333333333332,accuracy,133,45,42,4
0,0,1,0,0,0,0,0,0,1,0,1,1,4,0.9777777777777776,0.9777777777777776,accuracy,133,45,42,2
0,0,1,0,0,0,0,0,0,0,1,1,1,4,0.9777777777777776,0.9777777777777776,accuracy,133,45,42,2
0,0,0,1,1,1,1,0,0,0,0,0,0,4,0.9333333333333332,0.9333333333333332,accuracy,133,45,42,4
0,0,0,1,1,1,0,1,0,0,0,0,0,4,0.8,0.8,accuracy,133,45,42,10
0,0,0,1,1,1,0,0,1,0,0,0,0,4,0.8,0.8,accuracy,133,45,42,10
0,0,0,1,1,1,0,0,0,1,0,0,0,4,0.8888888888888888,0.8888888888888888,accuracy,133,45,42,6
0,0,0,1,1,1,0,0,0,0,1,0,0,4,0.8,0.8,accuracy,133,45,42,10
0,0,0,1,1,1,0,0,0,0,0,1,0,4,0.8444444444444444,0.8444444444444444,accuracy,133,45,42,8
0,0,0,1,1,1,0,0,0,0,0,0,1,4,0.8888888888888888,0.8888888888888888,accuracy,133,45,42,6
0,0,0,1,1,0,1,1,0,0,0,0,0,4,0.8888888888888888,0.8888888888888888,accuracy,133,45,42,6
0,0,0,1,1,0,1,0,1,0,0,0,0,4,0.9111111111111112,0.9111111111111112,accuracy,133,45,42,5
0,0,0,1,1,0,1,0,0,1,0,0,0,4,0.9555555555555556,0.9555555555555556,accuracy,133,45,42,3
0,0,0,1,1,0,1,0,0,0,1,0,0,4,0.9333333333333332,0.9333333333333332,accuracy,133,45,42,4
0,0,0,1,1,0,1,0,0,0,0,1,0,4,0.9111111111111112,0.9111111111111112,accuracy,133,45,42,5
0,0,0,1,1,0,1,0,0,0,0,0,1,4,0.9555555555555556,0.9555555555555556,accuracy,133,45,42,3
0,0,0,1,1,0,0,1,1,0,0,0,0,4,0.7555555555555555,0.7555555555555555,accuracy,133,45,42,12
0,0,0,1,1,0,0,1,0,1,0,0,0,4,0.8222222222222222,0.8222222222222222,accuracy,133,45,42,9
0,0,0,1,1,0,0,1,0,0,1,0,0,4,0.7111111111111111,0.7111111111111111,accuracy,133,45,42,14
0,0,0,1,1,0,0,1,0,0,0,1,0,4,0.8444444444444444,0.8444444444444444,accuracy,133,45,42,8
0,0,0,1,1,0,0,1,0,0,0,0,1,4,0.8,0.8,accuracy,133,45,42,10
0,0,0,1,1,0,0,0,1,1,0,0,0,4,0.8888888888888888,0.8888888888888888,accuracy,133,45,42,6
0,0,0,1,1,0,0,0,1,0,1,0,0,4,0.8444444444444444,0.8444444444444444,accuracy,133,45,42,8
0,0,0,1,1,0,0,0,1,0,0,1,0,4,0.8,0.8,accuracy,133,45,42,10
0,0,0,1,1,0,0,0,1,0,0,0,1,4,0.8444444444444444,0.8444444444444444,accuracy,133,45,42,8
0,0,0,1,1,0,0,0,0,1,1,0,0,4,0.8444444444444444,0.8444444444444444,accuracy,133,45,42,8
0,0,0,1,1,0,0,0,0,1,0,1,0,4,0.9111111111111112,0.9111111111111112,accuracy,133,45,42,5
0,0,0,1,1,0,0,0,0,1,0,0,1,4,0.9555555555555556,0.9555555555555556,accuracy,133,45,42,3
0,0,0,1,1,0,0,0,0,0,1,1,0,4,0.8222222222222222,0.8222222222222222,accuracy,133,45,42,9
0,0,0,1,1,0,0,0,0,0,1,0,1,4,0.8888888888888888,0.8888888888888888,accuracy,133,45,42,6
0,0,0,1,1,0,0,0,0,0,0,1,1,4,0.9333333333333332,0.9333333333333332,accuracy,133,45,42,4
0,0,0,1,0,1,1,1,0,0,0,0,0,4,0.8,0.8,accuracy,133,45,42,10
0,0,0,1,0,1,1,0,1,0,0,0,0,4,0.8666666666666667,0.8666666666666667,accuracy,133,45,42,7
0,0,0,1,0,1,1,0,0,1,0,0,0,4,0.9333333333333332,0.9333333333333332,accuracy,133,45,42,4
0,0,0,1,0,1,1,0,0,0,1,0,0,4,0.9111111111111112,0.9111111111111112,accuracy,133,45,42,5
0,0,0,1,0,1,1,0,0,0,0,1,0,4,0.8222222222222222,0.8222222222222222,accuracy,133,45,42,9
0,0,0,1,0,1,1,0,0,0,0,0,1,4,0.9555555555555556,0.9555555555555556,accuracy,133,45,42,3
0,0,0,1,0,1,0,1,1,0,0,0,0,4,0.6888888888888889,0.6888888888888889,accuracy,133,45,42,15
0,0,0,1,0,1,0,1,0,1,0,0,0,4,0.8666666666666667,0.8666666666666667,accuracy,133,45,42,7
0,0,0,1,0,1,0,1,0,0,1,0,0,4,0.7777777777777778,0.7777777777777778,accuracy,133,45,42,11
0,0,0,1,0,1,0,1,0,0,0,1,0,4,0.7777777777777778,0.7777777777777778,accuracy,133,45,42,11
0,0,0,1,0,1,0,1,0,0,0,0,1,4,0.8666666666666667,0.8666666666666667,accuracy,133,45,42,7
0,0,0,1,0,1,0,0,1,1,0,0,0,4,0.8666666666666667,0.8666666666666667,accuracy,133,45,42,7
0,0,0,1,0,1,0,0,1,0,1,0,0,4,0.8,0.8,accuracy,133,45,42,10
0,0,0,1,0,1,0,0,1,0,0,1,0,4,0.8222222222222222,0.8222222222222222,accuracy,133,45,42,9
0,0,0,1,0,1,0,0,1,0,0,0,1,4,0.8666666666666667,0.8666666666666667,accuracy,133,45,42,7
0,0,0,1,0,1,0,0,0,1,1,0,0,4,0.8888888888888888,0.8888888888888888,accuracy,133,45,42,6
0,0,0,1,0,1,0,0,0,1,0,1,0,4,0.9111111111111112,0.9111111111111112,accuracy,133,45,42,5
0,0,0,1,0,1,0,0,0,1,0,0,1,4,0.9555555555555556,0.9555555555555556,accuracy,133,45,42,3
0,0,0,1,0,1,0,0,0,0,1,1,0,4,0.8,0.8,accuracy,133,45,42,10
0,0,0,1,0,1,0,0,0,0,1,0,1,4,0.9111111111111112,0.9111111111111112,accuracy,133,45,42,5
0,0,0,1,0,1,0,0,0,0,0,1,1,4,0.9777777777777776,0.9777777777777776,accuracy,133,45,42,2
0,0,0,1,0,0,1,1,1,0,0,0,0,4,0.8222222222222222,0.8222222222222222,accuracy,133,45,42,9
0,0,0,1,0,0,1,1,0,1,0,0,0,4,0.8888888888888888,0.8888888888888888,accuracy,133,45,42,6
0,0,0,1,0,0,1,1,0,0,1,0,0,4,0.8888888888888888,0.8888888888888888,accuracy,133,45,42,6
0,0,0,1,0,0,1,1,0,0,0,1,0,4,0.8222222222222222,0.8222222222222222,accuracy,133,45,42,9
0,0,0,1,0,0,1,1,0,0,0,0,1,4,0.9777777777777776,0.9777777777777776,accuracy,133,45,42,2
0,0,0,1,0,0,1,0,1,1,0,0,0,4,0.9111111111111112,0.9111111111111112,accuracy,133,45,42,5
0,0,0,1,0,0,1,0,1,0,1,0,0,4,0.9111111111111112,0.9111111111111112,accuracy,133,45,42,5
0,0,0,1,0,0,1,0,1,0,0,1,0,4,0.8666666666666667,0.8666666666666667,accuracy,133,45,42,7
0,0,0,1,0,0,1,0,1,0,0,0,1,4,0.9777777777777776,0.9777777777777776,accuracy,133,45,42,2
0,0,0,1,0,0,1,0,0,1,1,0,0,4,0.9111111111111112,0.9111111111111112,accuracy,133,45,42,5
0,0,0,1,0,0,1,0,0,1,0,1,0,4,0.9333333333333332,0.9333333333333332,accuracy,133,45,42,4
0,0,0,1,0,0,1,0,0,1,0,0,1,4,1.0,1.0,accuracy,133,45,42,1
0,0,0,1,0,0,1,0,0,0,1,1,0,4,0.8888888888888888,0.8888888888888888,accuracy,133,45,42,6
0,0,0,1,0,0,1,0,0,0,1,0,1,4,0.9555555555555556,0.9555555555555556,accuracy,133,45,42,3
0,0,0,1,0,0,1,0,0,0,0,1,1,4,1.0,1.0,accuracy,133,45,42,1
0,0,0,1,0,0,0,1,1,1,0,0,0,4,0.8,0.8,accuracy,133,45,42,10
0,0,0,1,0,0,0,1,1,0,1,0,0,4,0.6888888888888889,0.6888888888888889,accuracy,133,45,42,15
0,0,0,1,0,0,0,1,1,0,0,1,0,4,0.7555555555555555,0.7555555555555555,accuracy,133,45,42,12
0,0,0,1,0,0,0,1,1,0,0,0,1,4,0.8666666666666667,0.8666666666666667,accuracy,133,45,42,7
0,0,0,1,0,0,0,1,0,1,1,0,0,4,0.8444444444444444,0.8444444444444444,accuracy,133,45,42,8
0,0,0,1,0,0,0,1,0,1,0,1,0,4,0.8888888888888888,0.8888888888888888,accuracy,133,45,42,6
0,0,0,1,0,0,0,1,0,1,0,0,1,4,0.9555555555555556,0.9555555555555556,accuracy,133,45,42,3
0,0,0,1,0,0,0,1,0,0,1,1,0,4,0.7333333333333333,0.7333333333333333,accuracy,133,45,42,13
0,0,0,1,0,0,0,1,0,0,1,0,1,4,0.8888888888888888,0.8888888888888888,accuracy,133,45,42,6
0,0,0,1,0,0,0,1,0,0,0,1,1,4,0.9333333333333332,0.9333333333333332,accuracy,133,45,42,4
0,0,0,1,0,0,0,0,1,1,1,0,0,4,0.8666666666666667,0.8666666666666667,accuracy,133,45,42,7
0,0,0,1,0,0,0,0,1,1,0,1,0,4,0.8888888888888888,0.8888888888888888,accuracy,133,45,42,6
0,0,0,1,0,0,0,0,1,1,0,0,1,4,0.9555555555555556,0.9555555555555556,accuracy,133,45,42,3
0,0,0,1,0,0,0,0,1,0,1,1,0,4,0.7333333333333333,0.7333333333333333,accuracy,133,45,42,13
0,0,0,1,0,0,0,0,1,0,1,0,1,4,0.9111111111111112,0.9111111111111112,accuracy,133,45,42,5
0,0,0,1,0,0,0,0,1,0,0,1,1,4,0.9333333333333332,0.9333333333333332,accuracy,133,45,42,4
0,0,0,1,0,0,0,0,0,1,1,1,0,4,0.8666666666666667,0.8666666666666667,accuracy,133,45,42,7
0,0,0,1,0,0,0,0,0,1,1,0,1,4,0.9555555555555556,0.9555555555555556,accuracy,133,45,42,3
0,0,0,1,0,0,0,0,0,1,0,1,1,4,1.0,1.0,accuracy,133,45,42,1
0,0,0,1,0,0,0,0,0,0,1,1,1,4,0.9555555555555556,0.9555555555555556,accuracy,133,45,42,3
0,0,0,0,1,1,1,1,0,0,0,0,0,4,0.9333333333333332,0.9333333333333332,accuracy,133,45,42,4
0,0,0,0,1,1,1,0,1,0,0,0,0,4,0.9555555555555556,0.9555555555555556,accuracy,133,45,42,3
0,0,0,0,1,1,1,0,0,1,0,0,0,4,0.9333333333333332,0.9333333333333332,accuracy,133,45,42,4
0,0,0,0,1,1,1,0,0,0,1,0,0,4,0.9555555555555556,0.9555555555555556,accuracy,133,45,42,3
0,0,0,0,1,1,1,0,0,0,0,1,0,4,0.9333333333333332,0.9333333333333332,accuracy,133,45,42,4
0,0,0,0,1,1,1,0,0,0,0,0,1,4,1.0,1.0,accuracy,133,45,42,1
0,0,0,0,1,1,0,1,1,0,0,0,0,4,0.7333333333333333,0.7333333333333333,accuracy,133,45,42,13
0,0,0,0,1,1,0,1,0,1,0,0,0,4,0.8666666666666667,0.8666666666666667,accuracy,133,45,42,7
0,0,0,0,1,1,0,1,0,0,1,0,0,4,0.8222222222222222,0.8222222222222222,accuracy,133,45,42,9
0,0,0,0,1,1,0,1,0,0,0,1,0,4,0.8,0.8,accuracy,133,45,42,10
0,0,0,0,1,1,0,1,0,0,0,0,1,4,0.8888888888888888,0.8888888888888888,accuracy,133,45,42,6
0,0,0,0,1,1,0,0,1,1,0,0,0,4,0.8888888888888888,0.8888888888888888,accuracy,133,45,42,6
0,0,0,0,1,1,0,0,1,0,1,0,0,4,0.7555555555555555,0.7555555555555555,accuracy,133,45,42,12
0,0,0,0,1,1,0,0,1,0,0,1,0,4,0.8222222222222222,0.8222222222222222,accuracy,133,45,42,9
0,0,0,0,1,1,0,0,1,0,0,0,1,4,0.8888888888888888,0.8888888888888888,accuracy,133,45,42,6
0,0,0,0,1,1,0,0,0,1,1,0,0,4,0.8888888888888888,0.8888888888888888,accuracy,133,45,42,6
0,0,0,0,1,1,0,0,0,1,0,1,0,4,0.8888888888888888,0.8888888888888888,accuracy,133,45,42,6
0,0,0,0,1,1,0,0,0,1,0,0,1,4,0.9555555555555556,0.9555555555555556,accuracy,133,45,42,3
0,0,0,0,1,1,0,0,0,0,1,1,0,4,0.8666666666666667,0.8666666666666667,accuracy,133,45,42,7
0,0,0,0,1,1,0,0,0,0,1,0,1,4,0.9111111111111112,0.9111111111111112,accuracy,133,45,42,5
0,0,0,0,1,1,0,0,0,0,0,1,1,4,0.9555555555555556,0.9555555555555556,accuracy,133,45,42,3
0,0,0,0,1,0,1,1,1,0,0,0,0,4,0.9333333333333332,0.9333333333333332,accuracy,133,45,42,4
0,0,0,0,1,0,1,1,0,1,0,0,0,4,0.9333333333333332,0.9333333333333332,accuracy,133,45,42,4
0,0,0,0,1,0,1,1,0,0,1,0,0,4,0.9555555555555556,0.9555555555555556,accuracy,133,45,42,3
0,0,0,0,1,0,1,1,0,0,0,1,0,4,0.9111111111111112,0.9111111111111112,accuracy,133,45,42,5
0,0,0,0,1,0,1,1,0,0,0,0,1,4,0.9777777777777776,0.9777777777777776,accuracy,133,45,42,2
0,0,0,0,1,0,1,0,1,1,0,0,0,4,0.9555555555555556,0.9555555555555556,accuracy,133,45,42,3
0,0,0,0,1,0,1,0,1,0,1,0,0,4,0.9333333333333332,0.9333333333333332,accuracy,133,45,42,4
0,0,0,0,1,0,1,0,1,0,0,1,0,4,0.9333333333333332,0.9333333333333332,accuracy,133,45,42,4
0,0,0,0,1,0,1,0,1,0,0,0,1,4,1.0,1.0,accuracy,133,45,42,1
0,0,0,0,1,0,1,0,0,1,1,0,0,4,0.9111111111111112,0.9111111111111112,accuracy,133,45,42,5
0,0,0,0,1,0,1,0,0,1,0,1,0,4,0.9555555555555556,0.9555555555555556,accuracy,133,45,42,3
0,0,0,0,1,0,1,0,0,1,0,0,1,4,1.0,1.0,accuracy,133,45,42,1
0,0,0,0,1,0,1,0,0,0,1,1,0,4,0.9555555555555556,0.9555555555555556,accuracy,133,45,42,3
0,0,0,0,1,0,1,0,0,0,1,0,1,4,0.9555555555555556,0.9555555555555556,accuracy,133,45,42,3
0,0,0,0,1,0,1,0,0,0,0,1,1,4,0.9777777777777776,0.9777777777777776,accuracy,133,45,42,2
0,0,0,0,1,0,0,1,1,1,0,0,0,4,0.9555555555555556,0.9555555555555556,accuracy,133,45,42,3
0,0,0,0,1,0,0,1,1,0,1,0,0,4,0.8,0.8,accuracy,133,45,42,10
0,0,0,0,1,0,0,1,1,0,0,1,0,4,0.7333333333333333,0.7333333333333333,accuracy,133,45,42,13
0,0,0,0,1,0,0,1,1,0,0,0,1,4,0.8444444444444444,0.8444444444444444,accuracy,133,45,42,8
0,0,0,0,1,0,0,1,0,1,1,0,0,4,0.8888888888888888,0.8888888888888888,accuracy,133,45,42,6
0,0,0,0,1,0,0,1,0,1,0,1,0,4,0.9555555555555556,0.9555555555555556,accuracy,133,45,42,3
0,0,0,0,1,0,0,1,0,1,0,0,1,4,0.9333333333333332,0.9333333333333332,accuracy,133,45,42,4
0,0,0,0,1,0,0,1,0,0,1,1,0,4,0.7777777777777778,0.7777777777777778,accuracy,133,45,42,11
0,0,0,0,1,0,0,1,0,0,1,0,1,4,0.9333333333333332,0.9333333333333332,accuracy,133,45,42,4
0,0,0,0,1,0,0,1,0,0,0,1,1,4,0.9333333333333332,0.9333333333333332,accuracy,133,45,42,4
0,0,0,0,1,0,0,0,1,1,1,0,0,4,0.8888888888888888,0.8888888888888888,accuracy,133,45,42,6
0,0,0,0,1,0,0,0,1,1,0,1,0,4,0.9555555555555556,0.9555555555555556,accuracy,133,45,42,3
0,0,0,0,1,0,0,0,1,1,0,0,1,4,0.9777777777777776,0.9777777777777776,accuracy,133,45,42,2
0,0,0,0,1,0,0,0,1,0,1,1,0,4,0.8222222222222222,0.8222222222222222,accuracy,133,45,42,9
0,0,0,0,1,0,0,0,1,0,1,0,1,4,0.9333333333333332,0.9333333333333332,accuracy,133,45,42,4
0,0,0,0,1,0,0,0,1,0,0,1,1,4,0.9333333333333332,0.9333333333333332,accuracy,133,45,42,4
0,0,0,0,1,0,0,0,0,1,1,1,0,4,0.9777777777777776,0.9777777777777776,accuracy,133,45,42,2
0,0,0,0,1,0,0,0,0,1,1,0,1,4,0.9555555555555556,0.9555555555555556,accuracy,133,45,42,3
0,0,0,0,1,0,0,0,0,1,0,1,1,4,0.9777777777777776,0.9777777777777776,accuracy,133,45,42,2
0,0,0,0,1,0,0,0,0,0,1,1,1,4,0.9777777777777776,0.9777777777777776,accuracy,133,45,42,2
0,0,0,0,0,1,1,1,1,0,0,0,0,4,0.8666666666666667,0.8666666666666667,accuracy,133,45,42,7
0,0,0,0,0,1,1,1,0,1,0,0,0,4,0.9111111111111112,0.9111111111111112,accuracy,133,45,42,5
0,0,0,0,0,1,1,1,0,0,1,0,0,4,0.8666666666666667,0.8666666666666667,accuracy,133,45,42,7
0,0,0,0,0,1,1,1,0,0,0,1,0,4,0.8666666666666667,0.8666666666666667,accuracy,133,45,42,7
0,0,0,0,0,1,1,1,0,0,0,0,1,4,0.9777777777777776,0.9777777777777776,accuracy,133,45,42,2
0,0,0,0,0,1,1,0,1,1,0,0,0,4,0.9333333333333332,0.9333333333333332,accuracy,133,45,42,4
0,0,0,0,0,1,1,0,1,0,1,0,0,4,0.8444444444444444,0.8444444444444444,accuracy,133,45,42,8
0,0,0,0,0,1,1,0,1,0,0,1,0,4,0.8888888888888888,0.8888888888888888,accuracy,133,45,42,6
0,0,0,0,0,1,1,0,1,0,0,0,1,4,0.9777777777777776,0.9777777777777776,accuracy,133,45,42,2
0,0,0,0,0,1,1,0,0,1,1,0,0,4,0.8888888888888888,0.8888888888888888,accuracy,133,45,42,6
0,0,0,0,0,1,1,0,0,1,0,1,0,4,0.9333333333333332,0.9333333333333332,accuracy,133,45,42,4
0,0,0,0,0,1,1,0,0,1,0,0,1,4,1.0,1.0,accuracy,133,45,42,1
0,0,0,0,0,1,1,0,0,0,1,1,0,4,0.8666666666666667,0.8666666666666667,accuracy,133,45,42,7
0,0,0,0,0,1,1,0,0,0,1,0,1,4,0.9555555555555556,0.9555555555555556,accuracy,133,45,42,3
0,0,0,0,0,1,1,0,0,0,0,1,1,4,0.9777777777777776,0.9777777777777776,accuracy,133,45,42,2
0,0,0,0,0,1,0,1,1,1,0,0,0,4,0.8888888888888888,0.8888888888888888,accuracy,133,45,42,6
0,0,0,0,0,1,0,1,1,0,1,0,0,4,0.7333333333333333,0.7333333333333333,accuracy,133,45,42,13
0,0,0,0,0,1,0,1,1,0,0,1,0,4,0.8,0.8,accuracy,133,45,42,10
0,0,0,0,0,1,0,1,1,0,0,0,1,4,0.8888888888888888,0.8888888888888888,accuracy,133,45,42,6
0,0,0,0,0,1,0,1,0,1,1,0,0,4,0.8888888888888888,0.8888888888888888,accuracy,133,45,42,6
0,0,0,0,0,1,0,1,0,1,0,1,0,4,0.8888888888888888,0.8888888888888888,accuracy,133,45,42,6
0,0,0,0,0,1,0,1,0,1,0,0,1,4,0.9777777777777776,0.9777777777777776,accuracy,133,45,42,2
0,0,0,0,0,1,0,1,0,0,1,1,0,4,0.8,0.8,accuracy,133,45,42,10
0,0,0,0,0,1,0,1,0,0,1,0,1,4,0.9111111111111112,0.9111111111111112,accuracy,133,45,42,5
0,0,0,0,0,1,0,1,0,0,0,1,1,4,0.9111111111111112,0.9111111111111112,accuracy,133,45,42,5
0,0,0,0,0,1,0,0,1,1,1,0,0,4,0.8888888888888888,0.8888888888888888,accuracy,133,45,42,6
0,0,0,0,0,1,0,0,1,1,0,1,0,4,0.9111111111111112,0.9111111111111112,accuracy,133,45,42,5
0,0,0,0,0,1,0,0,1,1,0,0,1,4,0.9777777777777776,0.9777777777777776,accuracy,133,45,42,2
0,0,0,0,0,1,0,0,1,0,1,1,0,4,0.7777777777777778,0.7777777777777778,accuracy,133,45,42,11
0,0,0,0,0,1,0,0,1,0,1,0,1,4,0.9333333333333332,0.9333333333333332,accuracy,133,45,42,4
0,0,0,0,0,1,0,0,1,0,0,1,1,4,0.9333333333333332,0.9333333333333332,accuracy,133,45,42,4
0,0,0,0,0,1,0,0,0,1,1,1,0,4,0.8888888888888888,0.8888888888888888,accuracy,133,45,42,6
0,0,0,0,0,1,0,0,0,1,1,0,1,4,0.9777777777777776,0.9777777777777776,accuracy,133,45,42,2
0,0,0,0,0,1,0,0,0,1,0,1,1,4,0.9777777777777776,0.9777777777777776,accuracy,133,45,42,2
0,0,0,0,0,1,0,0,0,0,1,1,1,4,0.9333333333333332,0.9333333333333332,accuracy,133,45,42,4
0,0,0,0,0,0,1,1,1,1,0,0,0,4,0.9111111111111112,0.9111111111111112,accuracy,133,45,42,5
0,0,0,0,0,0,1,1,1,0,1,0,0,4,0.8666666666666667,0.8666666666666667,accuracy,133,45,42,7
0,0,0,0,0,0,1,1,1,0,0,1,0,4,0.8888888888888888,0.8888888888888888,accuracy,133,45,42,6
0,0,0,0,0,0,1,1,1,0,0,0,1,4,1.0,1.0,accuracy,133,45,42,1
0,0,0,0,0,0,1,1,0,1,1,0,0,4,0.8888888888888888,0.8888888888888888,accuracy,133,45,42,6
0,0,0,0,0,0,1,1,0,1,0,1,0,4,0.8666666666666667,0.8666666666666667,accuracy,133,45,42,7
0,0,0,0,0,0,1,1,0,1,0,0,1,4,1.0,1.0,accuracy,133,45,42,1
0,0,0,0,0,0,1,1,0,0,1,1,0,4,0.8444444444444444,0.8444444444444444,accuracy,133,45,42,8
0,0,0,0,0,0,1,1,0,0,1,0,1,4,0.9555555555555556,0.9555555555555556,accuracy,133,45,42,3
0,0,0,0,0,0,1,1,0,0,0,1,1,4,0.9555555555555556,0.9555555555555556,accuracy,133,45,42,3
0,0,0,0,0,0,1,0,1,1,1,0,0,4,0.9111111111111112,0.9111111111111112,accuracy,133,45,42,5
0,0,0,0,0,0,1,0,1,1,0,1,0,4,0.9333333333333332,0.9333333333333332,accuracy,133,45,42,4
0,0,0,0,0,0,1,0,1,1,0,0,1,4,1.0,1.0,accuracy,133,45,42,1
0,0,0,0,0,0,1,0,1,0,1,1,0,4,0.8888888888888888,0.8888888888888888,accuracy,133,45,42,6
0,0,0,0,0,0,1,0,1,0,1,0,1,4,0.9555555555555556,0.9555555555555556,accuracy,133,45,42,3
0,0,0,0,0,0,1,0,1,0,0,1,1,4,1.0,1.0,accuracy,133,45,42,1
0,0,0,0,0,0,1,0,0,1,1,1,0,4,0.8888888888888888,0.8888888888888888,accuracy,133,45,42,6
0,0,0,0,0,0,1,0,0,1,1,0,1,4,1.0,1.0,accuracy,133,45,42,1
0,0,0,0,0,0,1,0,0,1,0,1,1,4,1.0,1.0,accuracy,133,45,42,1
0,0,0,0,0,0,1,0,0,0,1,1,1,4,0.9333333333333332,0.9333333333333332,accuracy,133,45,42,4
0,0,0,0,0,0,0,1,1,1,1,0,0,4,0.8888888888888888,0.8888888888888888,accuracy,133,45,42,6
0,0,0,0,0,0,0,1,1,1,0,1,0,4,0.8888888888888888,0.8888888888888888,accuracy,133,45,42,6
0,0,0,0,0,0,0,1,1,1,0,0,1,4,1.0,1.0,accuracy,133,45,42,1
0,0,0,0,0,0,0,1,1,0,1,1,0,4,0.7333333333333333,0.7333333333333333,accuracy,133,45,42,13
0,0,0,0,0,0,0,1,1,0,1,0,1,4,0.8888888888888888,0.8888888888888888,accuracy,133,45,42,6
0,0,0,0,0,0,0,1,1,0,0,1,1,4,0.9333333333333332,0.9333333333333332,accuracy,133,45,42,4
0,0,0,0,0,0,0,1,0,1,1,1,0,4,0.8666666666666667,0.8666666666666667,accuracy,133,45,42,7
0,0,0,0,0,0,0,1,0,1,1,0,1,4,0.9777777777777776,0.9777777777777776,accuracy,133,45,42,2
0,0,0,0,0,0,0,1,0,1,0,1,1,4,1.0,1.0,accuracy,133,45,42,1
0,0,0,0,0,0,0,1,0,0,1,1,1,4,0.9777777777777776,0.9777777777777776,accuracy,133,45,42,2
0,0,0,0,0,0,0,0,1,1,1,1,0,4,0.8888888888888888,0.8888888888888888,accuracy,133,45,42,6
0,0,0,0,0,0,0,0,1,1,1,0,1,4,1.0,1.0,accuracy,133,45,42,1
0,0,0,0,0,0,0,0,1,1,0,1,1,4,1.0,1.0,accuracy,133,45,42,1
0,0,0,0,0,0,0,0,1,0,1,1,1,4,0.9333333333333332,0.9333333333333332,accuracy,133,45,42,4
0,0,0,0,0,0,0,0,0,1,1,1,1,4,1.0,1.0,accuracy,133,45,42,1
1,1,1,1,1,0,0,0,0,0,0,0,0,5,0.8888888888888888,0.8888888888888888,accuracy,133,45,42,6
1,1,1,1,0,1,0,0,0,0,0,0,0,5,0.8666666666666667,0.8666666666666667,accuracy,133,45,42,7
1,1,1,1,0,0,1,0,0,0,0,0,0,5,0.9111111111111112,0.9111111111111112,accuracy,133,45,42,5
1,1,1,1,0,0,0,1,0,0,0,0,0,5,0.8222222222222222,0.8222222222222222,accuracy,133,45,42,9
1,1,1,1,0,0,0,0,1,0,0,0,0,5,0.8444444444444444,0.8444444444444444,accuracy,133,45,42,8
1,1,1,1,0,0,0,0,0,1,0,0,0,5,0.8222222222222222,0.8222222222222222,accuracy,133,45,42,9
1,1,1,1,0,0,0,0,0,0,1,0,0,5,0.8666666666666667,0.8666666666666667,accuracy,133,45,42,7
1,1,1,1,0,0,0,0,0,0,0,1,0,5,0.9111111111111112,0.9111111111111112,accuracy,133,45,42,5
1,1,1,1,0,0,0,0,0,0,0,0,1,5,0.9555555555555556,0.9555555555555556,accuracy,133,45,42,3
1,1,1,0,1,1,0,0,0,0,0,0,0,5,0.8888888888888888,0.8888888888888888,accuracy,133,45,42,6
1,1,1,0,1,0,1,0,0,0,0,0,0,5,0.9111111111111112,0.9111111111111112,accuracy,133,45,42,5
1,1,1,0,1,0,0,1,0,0,0,0,0,5,0.8666666666666667,0.8666666666666667,accuracy,133,45,42,7
1,1,1,0,1,0,0,0,1,0,0,0,0,5,0.8,0.8,accuracy,133,45,42,10
1,1,1,0,1,0,0,0,0,1,0,0,0,5,0.8222222222222222,0.8222222222222222,accuracy,133,45,42,9
1,1,1,0,1,0,0,0,0,0,1,0,0,5,0.8444444444444444,0.8444444444444444,accuracy,133,45,42,8
1,1,1,0,1,0,0,0,0,0,0,1,0,5,0.9555555555555556,0.9555555555555556,accuracy,133,45,42,3
1,1,1,0,1,0,0,0,0,0,0,0,1,5,0.9111111111111112,0.9111111111111112,accuracy,133,45,42,5
1,1,1,0,0,1,1,0,0,0,0,0,0,5,0.8666666666666667,0.8666666666666667,accuracy,133,45,42,7
1,1,1,0,0,1,0,1,0,0,0,0,0,5,0.8,0.8,accuracy,133,45,42,10
1,1,1,0,0,1,0,0,1,0,0,0,0,5,0.8666666666666667,0.8666666666666667,accuracy,133,45,42,7
1,1,1,0,0,1,0,0,0,1,0,0,0,5,0.8444444444444444,0.8444444444444444,accuracy,133,45,42,8
1,1,1,0,0,1,0,0,0,0,1,0,0,5,0.8222222222222222,0.8222222222222222,accuracy,133,45,42,9
1,1,1,0,0,1,0,0,0,0,0,1,0,5,0.9111111111111112,0.9111111111111112,accuracy,133,45,42,5
1,1,1,0,0,1,0,0,0,0,0,0,1,5,0.9333333333333332,0.9333333333333332,accuracy,133,45,42,4
1,1,1,0,0,0,1,1,0,0,0,0,0,5,0.8888888888888888,0.8888888888888888,accuracy,133,45,42,6
1,1,1,0,0,0,1,0,1,0,0,0,0,5,0.8666666666666667,0.8666666666666667,accuracy,133,45,42,7
1,1,1,0,0,0,1,0,0,1,0,0,0,5,0.8888888888888888,0.8888888888888888,accuracy,133,45,42,6
1,1,1,0,0,0,1,0,0,0,1,0,0,5,0.9111111111111112,0.9111111111111112,accuracy,133,45,42,5
1,1,1,0,0,0,1,0,0,0,0,1,0,5,0.9111111111111112,0.9111111111111112,accuracy,133,45,42,5
1,1,1,0,0,0,1,0,0,0,0,0,1,5,0.9333333333333332,0.9333333333333332,accuracy,133,45,42,4
1,1,1,0,0,0,0,1,1,0,0,0,0,5,0.8444444444444444,0.8444444444444444,accuracy,133,45,42,8
1,1,1,0,0,0,0,1,0,1,0,0,0,5,0.8,0.8,accuracy,133,45,42,10
1,1,1,0,0,0,0,1,0,0,1,0,0,5,0.8222222222222222,0.8222222222222222,accuracy,133,45,42,9
1,1,1,0,0,0,0,1,0,0,0,1,0,5,0.8888888888888888,0.8888888888888888,accuracy,133,45,42,6
1,1,1,0,0,0,0,1,0,0,0,0,1,5,0.8888888888888888,0.8888888888888888,accuracy,133,45,42,6
1,1,1,0,0,0,0,0,1,1,0,0,0,5,0.8444444444444444,0.8444444444444444,accuracy,133,45,42,8
1,1,1,0,0,0,0,0,1,0,1,0,0,5,0.8666666666666667,0.8666666666666667,accuracy,133,45,42,7
1,1,1,0,0,0,0,0,1,0,0,1,0,5,0.8888888888888888,0.8888888888888888,accuracy,133,45,42,6
1,1,1,0,0,0,0,0,1,0,0,0,1,5,0.8666666666666667,0.8666666666666667,accuracy,133,45,42,7
1,1,1,0,0,0,0,0,0,1,1,0,0,5,0.8666666666666667,0.8666666666666667,accuracy,133,45,42,7
1,1,1,0,0,0,0,0,0,1,0,1,0,5,0.8666666666666667,0.8666666666666667,accuracy,133,45,42,7
1,1,1,0,0,0,0,0,0,1,0,0,1,5,0.9333333333333332,0.9333333333333332,accuracy,133,45,42,4
1,1,1,0,0,0,0,0,0,0,1,1,0,5,0.9333333333333332,0.9333333333333332,accuracy,133,45,42,4
1,1,1,0,0,0,0,0,0,0,1,0,1,5,0.9333333333333332,0.9333333333333332,accuracy,133,45,42,4
1,1,1,0,0,0,0,0,0,0,0,1,1,5,0.9777777777777776,0.9777777777777776,accuracy,133,45,42,2
1,1,0,1,1,1,0,0,0,0,0,0,0,5,0.8666666666666667,0.8666666666666667,accuracy,133,45,42,7
1,1,0,1,1,0,1,0,0,0,0,0,0,5,0.9111111111111112,0.9111111111111112,accuracy,133,45,42,5
1,1,0,1,1,0,0,1,0,0,0,0,0,5,0.8444444444444444,0.8444444444444444,accuracy,133,45,42,8
1,1,0,1,1,0,0,0,1,0,0,0,0,5,0.8222222222222222,0.8222222222222222,accuracy,133,45,42,9
1,1,0,1,1,0,0,0,0,1,0,0,0,5,0.8666666666666667,0.8666666666666667,accuracy,133,45,42,7
1,1,0,1,1,0,0,0,0,0,1,0,0,5,0.8666666666666667,0.8666666666666667,accuracy,133,45,42,7
1,1,0,1,1,0,0,0,0,0,0,1,0,5,0.9555555555555556,0.9555555555555556,accuracy,133,45,42,3
1,1,0,1,1,0,0,0,0,0,0,0,1,5,0.9333333333333332,0.9333333333333332,accuracy,133,45,42,4
1,1,0,1,0,1,1,0,0,0,0,0,0,5,0.8888888888888888,0.8888888888888888,accuracy,133,45,42,6
1,1,0,1,0,1,0,1,0,0,0,0,0,5,0.8444444444444444,0.8444444444444444,accuracy,133,45,42,8
1,1,0,1,0,1,0,0,1,0,0,0,0,5,0.8666666666666667,0.8666666666666667,accuracy,133,45,42,7
1,1,0,1,0,1,0,0,0,1,0,0,0,5,0.8666666666666667,0.8666666666666667,accuracy,133,45,42,7
1,1,0,1,0,1,0,0,0,0,1,0,0,5,0.8666666666666667,0.8666666666666667,accuracy,133,45,42,7
1,1,0,1,0,1,0,0,0,0,0,1,0,5,0.9111111111111112,0.9111111111111112,accuracy,133,45,42,5
1,1,0,1,0,1,0,0,0,0,0,0,1,5,0.9555555555555556,0.9555555555555556,accuracy,133,45,42,3
1,1,0,1,0,0,1,1,0,0,0,0,0,5,0.8888888888888888,0.8888888888888888,accuracy,133,45,42,6
1,1,0,1,0,0,1,0,1,0,0,0,0,5,0.8888888888888888,0.8888888888888888,accuracy,133,45,42,6
1,1,0,1,0,0,1,0,0,1,0,0,0,5,0.9555555555555556,0.9555555555555556,accuracy,133,45,42,3
1,1,0,1,0,0,1,0,0,0,1,0,0,5,0.9555555555555556,0.9555555555555556,accuracy,133,45,42,3
1,1,0,1,0,0,1,0,0,0,0,1,0,5,0.9333333333333332,0.9333333333333332,accuracy,133,45,42,4
1,1,0,1,0,0,1,0,0,0,0,0,1,5,0.9333333333333332,0.9333333333333332,accuracy,133,45,42,4
1,1,0,1,0,0,0,1,1,0,0,0,0,5,0.7777777777777778,0.7777777777777778,accuracy,133,45,42,11
1,1,0,1,0,0,0,1,0,1,0,0,0,5,0.8222222222222222,0.8222222222222222,accuracy,133,45,42,9
1,1,0,1,0,0,0,1,0,0,1,0,0,5,0.8222222222222222,0.8222222222222222,accuracy,133,45,42,9
1,1,0,1,0,0,0,1,0,0,0,1,0,5,0.8666666666666667,0.8666666666666667,accuracy,133,45,42,7
1,1,0,1,0,0,0,1,0,0,0,0,1,5,0.9111111111111112,0.9111111111111112,accuracy,133,45,42,5
1,1,0,1,0,0,0,0,1,1,0,0,0,5,0.8444444444444444,0.8444444444444444,accuracy,133,45,42,8
1,1,0,1,0,0,0,0,1,0,1,0,0,5,0.8666666666666667,0.8666666666666667,accuracy,133,45,42,7
1,1,0,1,0,0,0,0,1,0,0,1,0,5,0.8888888888888888,0.8888888888888888,accuracy,133,45,42,6
1,1,0,1,0,0,0,0,1,0,0,0,1,5,0.8888888888888888,0.8888888888888888,accuracy,133,45,42,6
1,1,0,1,0,0,0,0,0,1,1,0,0,5,0.8666666666666667,0.8666666666666667,accuracy,133,45,42,7
1,1,0,1,0,0,0,0,0,1,0,1,0,5,0.8666666666666667,0.8666666666666667,accuracy,133,45,42,7
1,1,0,1,0,0,0,0,0,1,0,0,1,5,0.9333333333333332,0.9333333333333332,accuracy,133,45,42,4
1,1,0,1,0,0,0,0,0,0,1,1,0,5,0.9111111111111112,0.9111111111111112,accuracy,133,45,42,5
1,1,0,1,0,0,0,0,0,0,1,0,1,5,0.9333333333333332,0.9333333333333332,accuracy,133,45,42,4
1,1,0,1,0,0,0,0,0,0,0,1,1,5,0.9777777777777776,0.9777777777777776,accuracy,133,45,42,2
1,1,0,0,1,1,1,0,0,0,0,0,0,5,0.9333333333333332,0.9333333333333332,accuracy,133,45,42,4
1,1,0,0,1,1,0,1,0,0,0,0,0,5,0.8666666666666667,0.8666666666666667,accuracy,133,45,42,7
1,1,0,0,1,1,0,0,1,0,0,0,0,5,0.9111111111111112,0.9111111111111112,accuracy,133,45,42,5
1,1,0,0,1,1,0,0,0,1,0,0,0,5,0.8666666666666667,0.8666666666666667,accuracy,133,45,42,7
1,1,0,0,1,1,0,0,0,0,1,0,0,5,0.8888888888888888,0.8888888888888888,accuracy,133,45,42,6
1,1,0,0,1,1,0,0,0,0,0,1,0,5,0.9555555555555556,0.9555555555555556,accuracy,133,45,42,3
1,1,0,0,1,1,0,0,0,0,0,0,1,5,0.9555555555555556,0.9555555555555556,accuracy,133,45,42,3
1,1,0,0,1,0,1,1,0,0,0,0,0,5,0.9333333333333332,0.9333333333333332,accuracy,133,45,42,4
1,1,0,0,1,0,1,0,1,0,0,0,0,5,0.9333333333333332,0.9333333333333332,accuracy,133,45,42,4
1,1,0,0,1,0,1,0,0,1,0,0,0,5,0.9555555555555556,0.9555555555555556,accuracy,133,45,42,3
1,1,0,0,1,0,1,0,0,0,1,0,0,5,0.9555555555555556,0.9555555555555556,accuracy,133,45,42,3
1,1,0,0,1,0,1,0,0,0,0,1,0,5,0.9777777777777776,0.9777777777777776,accuracy,133,45,42,2
1,1,0,0,1,0,1,0,0,0,0,0,1,5,0.9333333333333332,0.9333333333333332,accuracy,133,45,42,4
1,1,0,0,1,0,0,1,1,0,0,0,0,5,0.8444444444444444,0.8444444444444444,accuracy,133,45,42,8
1,1,0,0,1,0,0,1,0,1,0,0,0,5,0.8444444444444444,0.8444444444444444,accuracy,133,45,42,8
1,1,0,0,1,0,0,1,0,0,1,0,0,5,0.8444444444444444,0.8444444444444444,accuracy,133,45,42,8
1,1,0,0,1,0,0,1,0,0,0,1,0,5,0.9555555555555556,0.9555555555555556,accuracy,133,45,42,3
1,1,0,0,1,0,0,1,0,0,0,0,1,5,0.9333333333333332,0.9333333333333332,accuracy,133,45,42,4
1,1,0,0,1,0,0,0,1,1,0,0,0,5,0.8888888888888888,0.8888888888888888,accuracy,133,45,42,6
1,1,0,0,1,0,0,0,1,0,1,0,0,5,0.9111111111111112,0.9111111111111112,accuracy,133,45,42,5
1,1,0,0,1,0,0,0,1,0,0,1,0,5,0.9333333333333332,0.9333333333333332,accuracy,133,45,42,4
1,1,0,0,1,0,0,0,1,0,0,0,1,5,0.8888888888888888,0.8888888888888888,accuracy,133,45,42,6
1,1,0,0,1,0,0,0,0,1,1,0,0,5,0.9111111111111112,0.9111111111111112,accuracy,133,45,42,5
1,1,0,0,1,0,0,0,0,1,0,1,0,5,0.8888888888888888,0.8888888888888888,accuracy,133,45,42,6
1,1,0,0,1,0,0,0,0,1,0,0,1,5,0.9555555555555556,0.9555555555555556,accuracy,133,45,42,3
1,1,0,0,1,0,0,0,0,0,1,1,0,5,0.9555555555555556,0.9555555555555556,accuracy,133,45,42,3
1,1,0,0,1,0,0,0,0,0,1,0,1,5,0.9555555555555556,0.9555555555555556,accuracy,133,45,42,3
1,1,0,0,1,0,0,0,0,0,0,1,1,5,1.0,1.0,accuracy,133,45,42,1
1,1,0,0,0,1,1,1,0,0,0,0,0,5,0.9111111111111112,0.9111111111111112,accuracy,133,45,42,5
1,1,0,0,0,1,1,0,1,0,0,0,0,5,0.9111111111111112,0.9111111111111112,accuracy,133,45,42,5
1,1,0,0,0,1,1,0,0,1,0,0,0,5,0.9111111111111112,0.9111111111111112,accuracy,133,45,42,5
1,1,0,0,0,1,1,0,0,0,1,0,0,5,0.9333333333333332,0.9333333333333332,accuracy,133,45,42,4
1,1,0,0,0,1,1,0,0,0,0,1,0,5,0.9333333333333332,0.9333333333333332,accuracy,133,45,42,4
1,1,0,0,0,1,1,0,0,0,0,0,1,5,0.9555555555555556,0.9555555555555556,accuracy,133,45,42,3
1,1,0,0,0,1,0,1,1,0,0,0,0,5,0.8444444444444444,0.8444444444444444,accuracy,133,45,42,8
1,1,0,0,0,1,0,1,0,1,0,0,0,5,0.8444444444444444,0.8444444444444444,accuracy,133,45,42,8
1,1,0,0,0,1,0,1,0,0,1,0,0,5,0.8666666666666667,0.8666666666666667,accuracy,133,45,42,7
1,1,0,0,0,1,0,1,0,0,0,1,0,5,0.9111111111111112,0.9111111111111112,accuracy,133,45,42,5
1,1,0,0,0,1,0,1,0,0,0,0,1,5,0.9333333333333332,0.9333333333333332,accuracy,133,45,42,4
1,1,0,0,0,1,0,0,1,1,0,0,0,5,0.8666666666666667,0.8666666666666667,accuracy,133,45,42,7
1,1,0,0,0,1,0,0,1,0,1,0,0,5,0.9111111111111112,0.9111111111111112,accuracy,133,45,42,5
1,1,0,0,0,1,0,0,1,0,0,1,0,5,0.9333333333333332,0.9333333333333332,accuracy,133,45,42,4
1,1,0,0,0,1,0,0,1,0,0,0,1,5,0.9111111111111112,0.9111111111111112,accuracy,133,45,42,5
1,1,0,0,0,1,0,0,0,1,1,0,0,5,0.8888888888888888,0.8888888888888888,accuracy,133,45,42,6
1,1,0,0,0,1,0,0,0,1,0,1,0,5,0.8444444444444444,0.8444444444444444,accuracy,133,45,42,8
1,1,0,0,0,1,0,0,0,1,0,0,1,5,0.9555555555555556,0.9555555555555556,accuracy,133,45,42,3
1,1,0,0,0,1,0,0,0,0,1,1,0,5,0.9333333333333332,0.9333333333333332,accuracy,133,45,42,4
1,1,0,0,0,1,0,0,0,0,1,0,1,5,0.9333333333333332,0.9333333333333332,accuracy,133,45,42,4
1,1,0,0,0,1,0,0,0,0,0,1,1,5,0.9777777777777776,0.9777777777777776,accuracy,133,45,42,2
1,1,0,0,0,0,1,1,1,0,0,0,0,5,0.9111111111111112,0.9111111111111112,accuracy,133,45,42,5
1,1,0,0,0,0,1,1,0,1,0,0,0,5,0.9111111111111112,0.9111111111111112,accuracy,133,45,42,5
1,1,0,0,0,0,1,1,0,0,1,0,0,5,0.9333333333333332,0.9333333333333332,accuracy,133,45,42,4
1,1,0,0,0,0,1,1,0,0,0,1,0,5,0.9111111111111112,0.9111111111111112,accuracy,133,45,42,5
1,1,0,0,0,0,1,1,0,0,0,0,1,5,0.9333333333333332,0.9333333333333332,accuracy,133,45,42,4
1,1,0,0,0,0,1,0,1,1,0,0,0,5,0.9111111111111112,0.9111111111111112,accuracy,133,45,42,5
1,1,0,0,0,0,1,0,1,0,1,0,0,5,0.9333333333333332,0.9333333333333332,accuracy,133,45,42,4
1,1,0,0,0,0,1,0,1,0,0,1,0,5,0.9333333333333332,0.9333333333333332,accuracy,133,45,42,4
1,1,0,0,0,0,1,0,1,0,0,0,1,5,0.9333333333333332,0.9333333333333332,accuracy,133,45,42,4
1,1,0,0,0,0,1,0,0,1,1,0,0,5,0.9111111111111112,0.9111111111111112,accuracy,133,45,42,5
1,1,0,0,0,0,1,0,0,1,0,1,0,5,0.9111111111111112,0.9111111111111112,accuracy,133,45,42,5
1,1,0,0,0,0,1,0,0,1,0,0,1,5,1.0,1.0,accuracy,133,45,42,1
1,1,0,0,0,0,1,0,0,0,1,1,0,5,0.9333333333333332,0.9333333333333332,accuracy,133,45,42,4
1,1,0,0,0,0,1,0,0,0,1,0,1,5,0.9777777777777776,0.9777777777777776,accuracy,133,45,42,2
1,1,0,0,0,0,1,0,0,0,0,1,1,5,0.9333333333333332,0.9333333333333332,accuracy,133,45,42,4
1,1,0,0,0,0,0,1,1,1,0,0,0,5,0.8888888888888888,0.8888888888888888,accuracy,133,45,42,6
1,1,0,0,0,0,0,1,1,0,1,0,0,5,0.8888888888888888,0.8888888888888888,accuracy,133,45,42,6
1,1,0,0,0,0,0,1,1,0,0,1,0,5,0.9333333333333332,0.9333333333333332,accuracy,133,45,42,4
1,1,0,0,0,0,0,1,1,0,0,0,1,5,0.8888888888888888,0.8888888888888888,accuracy,133,45,42,6
1,1,0,0,0,0,0,1,0,1,1,0,0,5,0.8222222222222222,0.8222222222222222,accuracy,133,45,42,9
1,1,0,0,0,0,0,1,0,1,0,1,0,5,0.8666666666666667,0.8666666666666667,accuracy,133,45,42,7
1,1,0,0,0,0,0,1,0,1,0,0,1,5,0.9555555555555556,0.9555555555555556,accuracy,133,45,42,3
1,1,0,0,0,0,0,1,0,0,1,1,0,5,0.9111111111111112,0.9111111111111112,accuracy,133,45,42,5
1,1,0,0,0,0,0,1,0,0,1,0,1,5,0.8888888888888888,0.8888888888888888,accuracy,133,45,42,6
1,1,0,0,0,0,0,1,0,0,0,1,1,5,1.0,1.0,accuracy,133,45,42,1
1,1,0,0,0,0,0,0,1,1,1,0,0,5,0.9111111111111112,0.9111111111111112,accuracy,133,45,42,5
1,1,0,0,0,0,0,0,1,1,0,1,0,5,0.8888888888888888,0.8888888888888888,accuracy,133,45,42,6
1,1,0,0,0,0,0,0,1,1,0,0,1,5,0.9555555555555556,0.9555555555555556,accuracy,133,45,42,3
1,1,0,0,0,0,0,0,1,0,1,1,0,5,0.9333333333333332,0.9333333333333332,accuracy,133,45,42,4
1,1,0,0,0,0,0,0,1,0,1,0,1,5,0.9111111111111112,0.9111111111111112,accuracy,133,45,42,5
1,1,0,0,0,0,0,0,1,0,0,1,1,5,0.9555555555555556,0.9555555555555556,accuracy,133,45,42,3
1,1,0,0,0,0,0,0,0,1,1,1,0,5,0.9111111111111112,0.9111111111111112,accuracy,133,45,42,5
1,1,0,0,0,0,0,0,0,1,1,0,1,5,0.9777777777777776,0.9777777777777776,accuracy,133,45,42,2
1,1,0,0,0,0,0,0,0,1,0,1,1,5,0.9777777777777776,0.9777777777777776,accuracy,133,45,42,2
1,1,0,0,0,0,0,0,0,0,1,1,1,5,0.9777777777777776,0.9777777777777776,accuracy,133,45,42,2
1,0,1,1,1,1,0,0,0,0,0,0,0,5,0.9555555555555556,0.9555555555555556,accuracy,133,45,42,3
1,0,1,1,1,0,1,0,0,0,0,0,0,5,0.9555555555555556,0.9555555555555556,accuracy,133,45,42,3
1,0,1,1,1,0,0,1,0,0,0,0,0,5,0.9111111111111112,0.9111111111111112,accuracy,133,45,42,5
1,0,1,1,1,0,0,0,1,0,0,0,0,5,0.8444444444444444,0.8444444444444444,accuracy,133,45,42,8
1,0,1,1,1,0,0,0,0,1,0,0,0,5,0.8444444444444444,0.8444444444444444,accuracy,133,45,42,8
1,0,1,1,1,0,0,0,0,0,1,0,0,5,0.8888888888888888,0.8888888888888888,accuracy,133,45,42,6
1,0,1,1,1,0,0,0,0,0,0,1,0,5,0.9777777777777776,0.9777777777777776,accuracy,133,45,42,2
1,0,1,1,1,0,0,0,0,0,0,0,1,5,0.9555555555555556,0.9555555555555556,accuracy,133,45,42,3
1,0,1,1,0,1,1,0,0,0,0,0,0,5,0.9555555555555556,0.9555555555555556,accuracy,133,45,42,3
1,0,1,1,0,1,0,1,0,0,0,0,0,5,0.9111111111111112,0.9111111111111112,accuracy,133,45,42,5
1,0,1,1,0,1,0,0,1,0,0,0,0,5,0.9111111111111112,0.9111111111111112,accuracy,133,45,42,5
1,0,1,1,0,1,0,0,0,1,0,0,0,5,0.9111111111111112,0.9111111111111112,accuracy,133,45,42,5
1,0,1,1,0,1,0,0,0,0,1,0,0,5,0.8666666666666667,0.8666666666666667,accuracy,133,45,42,7
1,0,1,1,0,1,0,0,0,0,0,1,0,5,0.9777777777777776,0.9777777777777776,accuracy,133,45,42,2
1,0,1,1,0,1,0,0,0,0,0,0,1,5,0.9777777777777776,0.9777777777777776,accuracy,133,45,42,2
1,0,1,1,0,0,1,1,0,0,0,0,0,5,0.9555555555555556,0.9555555555555556,accuracy,133,45,42,3
1,0,1,1,0,0,1,0,1,0,0,0,0,5,0.9777777777777776,0.9777777777777776,accuracy,133,45,42,2
1,0,1,1,0,0,1,0,0,1,0,0,0,5,0.9777777777777776,0.9777777777777776,accuracy,133,45,42,2
1,0,1,1,0,0,1,0,0,0,1,0,0,5,0.9555555555555556,0.9555555555555556,accuracy,133,45,42,3
1,0,1,1,0,0,1,0,0,0,0,1,0,5,0.9777777777777776,0.9777777777777776,accuracy,133,45,42,2
1,0,1,1,0,0,1,0,0,0,0,0,1,5,0.9777777777777776,0.9777777777777776,accuracy,133,45,42,2
1,0,1,1,0,0,0,1,1,0,0,0,0,5,0.8888888888888888,0.8888888888888888,accuracy,133,45,42,6
1,0,1,1,0,0,0,1,0,1,0,0,0,5,0.8444444444444444,0.8444444444444444,accuracy,133,45,42,8
1,0,1,1,0,0,0,1,0,0,1,0,0,5,0.8888888888888888,0.8888888888888888,accuracy,133,45,42,6
1,0,1,1,0,0,0,1,0,0,0,1,0,5,0.9777777777777776,0.9777777777777776,accuracy,133,45,42,2
1,0,1,1,0,0,0,1,0,0,0,0,1,5,0.9555555555555556,0.9555555555555556,accuracy,133,45,42,3
1,0,1,1,0,0,0,0,1,1,0,0,0,5,0.8888888888888888,0.8888888888888888,accuracy,133,45,42,6
1,0,1,1,0,0,0,0,1,0,1,0,0,5,0.9111111111111112,0.9111111111111112,accuracy,133,45,42,5
1,0,1,1,0,0,0,0,1,0,0,1,0,5,0.9333333333333332,0.9333333333333332,accuracy,133,45,42,4
1,0,1,1,0,0,0,0,1,0,0,0,1,5,0.9555555555555556,0.9555555555555556,accuracy,133,45,42,3
1,0,1,1,0,0,0,0,0,1,1,0,0,5,0.8666666666666667,0.8666666666666667,accuracy,133,45,42,7
1,0,1,1,0,0,0,0,0,1,0,1,0,5,0.9333333333333332,0.9333333333333332,accuracy,133,45,42,4
1,0,1,1,0,0,0,0,0,1,0,0,1,5,0.9555555555555556,0.9555555555555556,accuracy,133,45,42,3
1,0,1,1,0,0,0,0,0,0,1,1,0,5,0.9111111111111112,0.9111111111111112,accuracy,133,45,42,5
1,0,1,1,0,0,0,0,0,0,1,0,1,5,0.9333333333333332,0.9333333333333332,accuracy,133,45,42,4
1,0,1,1,0,0,0,0,0,0,0,1,1,5,1.0,1.0,accuracy,133,45,42,1
1,0,1,0,1,1,1,0,0,0,0,0,0,5,1.0,1.0,accuracy,133,45,42,1
1,0,1,0,1,1,0,1,0,0,0,0,0,5,0.9333333333333332,0.9333333333333332,accuracy,133,45,42,4
1,0,1,0,1,1,0,0,1,0,0,0,0,5,0.8888888888888888,0.8888888888888888,accuracy,133,45,42,6
1,0,1,0,1,1,0,0,0,1,0,0,0,5,0.9111111111111112,0.9111111111111112,accuracy,133,45,42,5
1,0,1,0,1,1,0,0,0,0,1,0,0,5,0.8888888888888888,0.8888888888888888,accuracy,133,45,42,6
1,0,1,0,1,1,0,0,0,0,0,1,0,5,0.9555555555555556,0.9555555555555556,accuracy,133,45,42,3
1,0,1,0,1,1,0,0,0,0,0,0,1,5,0.9555555555555556,0.9555555555555556,accuracy,133,45,42,3
1,0,1,0,1,0,1,1,0,0,0,0,0,5,0.9777777777777776,0.9777777777777776,accuracy,133,45,42,2
1,0,1,0,1,0,1,0,1,0,0,0,0,5,1.0,1.0,accuracy,133,45,42,1
1,0,1,0,1,0,1,0,0,1,0,0,0,5,0.9777777777777776,0.9777777777777776,accuracy,133,45,42,2
1,0,1,0,1,0,1,0,0,0,1,0,0,5,0.9777777777777776,0.9777777777777776,accuracy,133,45,42,2
1,0,1,0,1,0,1,0,0,0,0,1,0,5,0.9777777777777776,0.9777777777777776,accuracy,133,45,42,2
1,0,1,0,1,0,1,0,0,0,0,0,1,5,1.0,1.0,accuracy,133,45,42,1
1,0,1,0,1,0,0,1,1,0,0,0,0,5,0.8444444444444444,0.8444444444444444,accuracy,133,45,42,8
1,0,1,0,1,0,0,1,0,1,0,0,0,5,0.8888888888888888,0.8888888888888888,accuracy,133,45,42,6
1,0,1,0,1,0,0,1,0,0,1,0,0,5,0.9111111111111112,0.9111111111111112,accuracy,133,45,42,5
1,0,1,0,1,0,0,1,0,0,0,1,0,5,0.9555555555555556,0.9555555555555556,accuracy,133,45,42,3
1,0,1,0,1,0,0,1,0,0,0,0,1,5,0.9111111111111112,0.9111111111111112,accuracy,133,45,42,5
1,0,1,0,1,0,0,0,1,1,0,0,0,5,0.9333333333333332,0.9333333333333332,accuracy,133,45,42,4
1,0,1,0,1,0,0,0,1,0,1,0,0,5,0.8888888888888888,0.8888888888888888,accuracy,133,45,42,6
1,0,1,0,1,0,0,0,1,0,0,1,0,5,0.9555555555555556,0.9555555555555556,accuracy,133,45,42,3
1,0,1,0,1,0,0,0,1,0,0,0,1,5,0.9111111111111112,0.9111111111111112,accuracy,133,45,42,5
1,0,1,0,1,0,0,0,0,1,1,0,0,5,0.8444444444444444,0.8444444444444444,accuracy,133,45,42,8
1,0,1,0,1,0,0,0,0,1,0,1,0,5,0.9333333333333332,0.9333333333333332,accuracy,133,45,42,4
1,0,1,0,1,0,0,0,0,1,0,0,1,5,0.9555555555555556,0.9555555555555556,accuracy,133,45,42,3
1,0,1,0,1,0,0,0,0,0,1,1,0,5,0.9777777777777776,0.9777777777777776,accuracy,133,45,42,2
1,0,1,0,1,0,0,0,0,0,1,0,1,5,0.9111111111111112,0.9111111111111112,accuracy,133,45,42,5
1,0,1,0,1,0,0,0,0,0,0,1,1,5,0.9555555555555556,0.9555555555555556,accuracy,133,45,42,3
1,0,1,0,0,1,1,1,0,0,0,0,0,5,0.9555555555555556,0.9555555555555556,accuracy,133,45,42,3
1,0,1,0,0,1,1,0,1,0,0,0,0,5,0.9555555555555556,0.9555555555555556,accuracy,133,45,42,3
1,0,1,0,0,1,1,0,0,1,0,0,0,5,0.9555555555555556,0.9555555555555556,accuracy,133,45,42,3
1,0,1,0,0,1,1,0,0,0,1,0,0,5,0.9555555555555556,0.9555555555555556,accuracy,133,45,42,3
1,0,1,0,0,1,1,0,0,0,0,1,0,5,0.9777777777777776,0.9777777777777776,accuracy,133,45,42,2
1,0,1,0,0,1,1,0,0,0,0,0,1,5,0.9777777777777776,0.9777777777777776,accuracy,133,45,42,2
1,0,1,0,0,1,0,1,1,0,0,0,0,5,0.9111111111111112,0.9111111111111112,accuracy,133,45,42,5
1,0,1,0,0,1,0,1,0,1,0,0,0,5,0.8888888888888888,0.8888888888888888,accuracy,133,45,42,6
1,0,1,0,0,1,0,1,0,0,1,0,0,5,0.8666666666666667,0.8666666666666667,accuracy,133,45,42,7
1,0,1,0,0,1,0,1,0,0,0,1,0,5,0.9555555555555556,0.9555555555555556,accuracy,133,45,42,3
1,0,1,0,0,1,0,1,0,0,0,0,1,5,0.9555555555555556,0.9555555555555556,accuracy,133,45,42,3
1,0,1,0,0,1,0,0,1,1,0,0,0,5,0.9333333333333332,0.9333333333333332,accuracy,133,45,42,4
1,0,1,0,0,1,0,0,1,0,1,0,0,5,0.8888888888888888,0.8888888888888888,accuracy,133,45,42,6
1,0,1,0,0,1,0,0,1,0,0,1,0,5,0.9555555555555556,0.9555555555555556,accuracy,133,45,42,3
1,0,1,0,0,1,0,0,1,0,0,0,1,5,0.9333333333333332,0.9333333333333332,accuracy,133,45,42,4
1,0,1,0,0,1,0,0,0,1,1,0,0,5,0.9333333333333332,0.9333333333333332,accuracy,133,45,42,4
1,0,1,0,0,1,0,0,0,1,0,1,0,5,0.9333333333333332,0.9333333333333332,accuracy,133,45,42,4
1,0,1,0,0,1,0,0,0,1,0,0,1,5,0.9555555555555556,0.9555555555555556,accuracy,133,45,42,3
1,0,1,0,0,1,0,0,0,0,1,1,0,5,0.9333333333333332,0.9333333333333332,accuracy,133,45,42,4
1,0,1,0,0,1,0,0,0,0,1,0,1,5,0.9111111111111112,0.9111111111111112,accuracy,133,45,42,5
1,0,1,0,0,1,0,0,0,0,0,1,1,5,0.9777777777777776,0.9777777777777776,accuracy,133,45,42,2
1,0,1,0,0,0,1,1,1,0,0,0,0,5,0.9555555555555556,0.9555555555555556,accuracy,133,45,42,3
1,0,1,0,0,0,1,1,0,1,0,0,0,5,0.9555555555555556,0.9555555555555556,accuracy,133,45,42,3
1,0,1,0,0,0,1,1,0,0,1,0,0,5,0.9555555555555556,0.9555555555555556,accuracy,133,45,42,3
1,0,1,0,0,0,1,1,0,0,0,1,0,5,0.9777777777777776,0.9777777777777776,accuracy,133,45,42,2
1,0,1,0,0,0,1,1,0,0,0,0,1,5,0.9777777777777776,0.9777777777777776,accuracy,133,45,42,2
1,0,1,0,0,0,1,0,1,1,0,0,0,5,0.9555555555555556,0.9555555555555556,accuracy,133,45,42,3
1,0,1,0,0,0,1,0,1,0,1,0,0,5,0.9555555555555556,0.9555555555555556,accuracy,133,45,42,3
1,0,1,0,0,0,1,0,1,0,0,1,0,5,0.9777777777777776,0.9777777777777776,accuracy,133,45,42,2
1,0,1,0,0,0,1,0,1,0,0,0,1,5,0.9777777777777776,0.9777777777777776,accuracy,133,45,42,2
1,0,1,0,0,0,1,0,0,1,1,0,0,5,0.9555555555555556,0.9555555555555556,accuracy,133,45,42,3
1,0,1,0,0,0,1,0,0,1,0,1,0,5,0.9555555555555556,0.9555555555555556,accuracy,133,45,42,3
1,0,1,0,0,0,1,0,0,1,0,0,1,5,1.0,1.0,accuracy,133,45,42,1
1,0,1,0,0,0,1,0,0,0,1,1,0,5,0.9555555555555556,0.9555555555555556,accuracy,133,45,42,3
1,0,1,0,0,0,1,0,0,0,1,0,1,5,0.9777777777777776,0.9777777777777776,accuracy,133,45,42,2
1,0,1,0,0,0,1,0,0,0,0,1,1,5,0.9777777777777776,0.9777777777777776,accuracy,133,45,42,2
1,0,1,0,0,0,0,1,1,1,0,0,0,5,0.9111111111111112,0.9111111111111112,accuracy,133,45,42,5
1,0,1,0,0,0,0,1,1,0,1,0,0,5,0.8888888888888888,0.8888888888888888,accuracy,133,45,42,6
1,0,1,0,0,0,0,1,1,0,0,1,0,5,0.9111111111111112,0.9111111111111112,accuracy,133,45,42,5
1,0,1,0,0,0,0,1,1,0,0,0,1,5,0.9111111111111112,0.9111111111111112,accuracy,133,45,42,5
1,0,1,0,0,0,0,1,0,1,1,0,0,5,0.8444444444444444,0.8444444444444444,accuracy,133,45,42,8
1,0,1,0,0,0,0,1,0,1,0,1,0,5,0.9333333333333332,0.9333333333333332,accuracy,133,45,42,4
1,0,1,0,0,0,0,1,0,1,0,0,1,5,0.9333333333333332,0.9333333333333332,accuracy,133,45,42,4
1,0,1,0,0,0,0,1,0,0,1,1,0,5,0.9333333333333332,0.9333333333333332,accuracy,133,45,42,4
1,0,1,0,0,0,0,1,0,0,1,0,1,5,0.9555555555555556,0.9555555555555556,accuracy,133,45,42,3
1,0,1,0,0,0,0,1,0,0,0,1,1,5,0.9555555555555556,0.9555555555555556,accuracy,133,45,42,3
1,0,1,0,0,0,0,0,1,1,1,0,0,5,0.9111111111111112,0.9111111111111112,accuracy,133,45,42,5
1,0,1,0,0,0,0,0,1,1,0,1,0,5,0.9333333333333332,0.9333333333333332,accuracy,133,45,42,4
1,0,1,0,0,0,0,0,1,1,0,0,1,5,1.0,1.0,accuracy,133,45,42,1
1,0,1,0,0,0,0,0,1,0,1,1,0,5,0.9333333333333332,0.9333333333333332,accuracy,133,45,42,4
1,0,1,0,0,0,0,0,1,0,1,0,1,5,0.9555555555555556,0.9555555555555556,accuracy,133,45,42,3
1,0,1,0,0,0,0,0,1,0,0,1,1,5,0.9333333333333332,0.9333333333333332,accuracy,133,45,42,4
1,0,1,0,0,0,0,0,0,1,1,1,0,5,0.9333333333333332,0.9333333333333332,accuracy,133,45,42,4
1,0,1,0,0,0,0,0,0,1,1,0,1,5,0.9333333333333332,0.9333333333333332,accuracy,133,45,42,4
1,0,1,0,0,0,0,0,0,1,0,1,1,5,1.0,1.0,accuracy,133,45,42,1
1,0,1,0,0,0,0,0,0,0,1,1,1,5,0.9777777777777776,0.9777777777777776,accuracy,133,45,42,2
1,0,0,1,1,1,1,0,0,0,0,0,0,5,0.9555555555555556,0.9555555555555556,accuracy,133,45,42,3
1,0,0,1,1,1,0,1,0,0,0,0,0,5,0.8888888888888888,0.8888888888888888,accuracy,133,45,42,6
1,0,0,1,1,1,0,0,1,0,0,0,0,5,0.8666666666666667,0.8666666666666667,accuracy,133,45,42,7
1,0,0,1,1,1,0,0,0,1,0,0,0,5,0.8888888888888888,0.8888888888888888,accuracy,133,45,42,6
1,0,0,1,1,1,0,0,0,0,1,0,0,5,0.8666666666666667,0.8666666666666667,accuracy,133,45,42,7
1,0,0,1,1,1,0,0,0,0,0,1,0,5,0.9555555555555556,0.9555555555555556,accuracy,133,45,42,3
1,0,0,1,1,1,0,0,0,0,0,0,1,5,0.9555555555555556,0.9555555555555556,accuracy,133,45,42,3
1,0,0,1,1,0,1,1,0,0,0,0,0,5,0.9777777777777776,0.9777777777777776,accuracy,133,45,42,2
1,0,0,1,1,0,1,0,1,0,0,0,0,5,0.9777777777777776,0.9777777777777776,accuracy,133,45,42,2
1,0,0,1,1,0,1,0,0,1,0,0,0,5,0.9777777777777776,0.9777777777777776,accuracy,133,45,42,2
1,0,0,1,1,0,1,0,0,0,1,0,0,5,0.9555555555555556,0.9555555555555556,accuracy,133,45,42,3
1,0,0,1,1,0,1,0,0,0,0,1,0,5,1.0,1.0,accuracy,133,45,42,1
1,0,0,1,1,0,1,0,0,0,0,0,1,5,0.9555555555555556,0.9555555555555556,accuracy,133,45,42,3
1,0,0,1,1,0,0,1,1,0,0,0,0,5,0.8444444444444444,0.8444444444444444,accuracy,133,45,42,8
1,0,0,1,1,0,0,1,0,1,0,0,0,5,0.8444444444444444,0.8444444444444444,accuracy,133,45,42,8
1,0,0,1,1,0,0,1,0,0,1,0,0,5,0.8888888888888888,0.8888888888888888,accuracy,133,45,42,6
1,0,0,1,1,0,0,1,0,0,0,1,0,5,0.9777777777777776,0.9777777777777776,accuracy,133,45,42,2
1,0,0,1,1,0,0,1,0,0,0,0,1,5,0.9333333333333332,0.9333333333333332,accuracy,133,45,42,4
1,0,0,1,1,0,0,0,1,1,0,0,0,5,0.9111111111111112,0.9111111111111112,accuracy,133,45,42,5
1,0,0,1,1,0,0,0,1,0,1,0,0,5,0.9111111111111112,0.9111111111111112,accuracy,133,45,42,5
1,0,0,1,1,0,0,0,1,0,0,1,0,5,0.9777777777777776,0.9777777777777776,accuracy,133,45,42,2
1,0,0,1,1,0,0,0,1,0,0,0,1,5,0.9111111111111112,0.9111111111111112,accuracy,133,45,42,5
1,0,0,1,1,0,0,0,0,1,1,0,0,5,0.9111111111111112,0.9111111111111112,accuracy,133,45,42,5
1,0,0,1,1,0,0,0,0,1,0,1,0,5,0.9555555555555556,0.9555555555555556,accuracy,133,45,42,3
1,0,0,1,1,0,0,0,0,1,0,0,1,5,0.9555555555555556,0.9555555555555556,accuracy,133,45,42,3
1,0,0,1,1,0,0,0,0,0,1,1,0,5,0.9555555555555556,0.9555555555555556,accuracy,133,45,42,3
1,0,0,1,1,0,0,0,0,0,1,0,1,5,0.9555555555555556,0.9555555555555556,accuracy,133,45,42,3
1,0,0,1,1,0,0,0,0,0,0,1,1,5,0.9777777777777776,0.9777777777777776,accuracy,133,45,42,2
1,0,0,1,0,1,1,1,0,0,0,0,0,5,0.9333333333333332,0.9333333333333332,accuracy,133,45,42,4
1,0,0,1,0,1,1,0,1,0,0,0,0,5,0.9333333333333332,0.9333333333333332,accuracy,133,45,42,4
1,0,0,1,0,1,1,0,0,1,0,0,0,5,0.9777777777777776,0.9777777777777776,accuracy,133,45,42,2
1,0,0,1,0,1,1,0,0,0,1,0,0,5,0.9555555555555556,0.9555555555555556,accuracy,133,45,42,3
1,0,0,1,0,1,1,0,0,0,0,1,0,5,0.9777777777777776,0.9777777777777776,accuracy,133,45,42,2
1,0,0,1,0,1,1,0,0,0,0,0,1,5,0.9777777777777776,0.9777777777777776,accuracy,133,45,42,2
1,0,0,1,0,1,0,1,1,0,0,0,0,5,0.8666666666666667,0.8666666666666667,accuracy,133,45,42,7
1,0,0,1,0,1,0,1,0,1,0,0,0,5,0.8888888888888888,0.8888888888888888,accuracy,133,45,42,6
1,0,0,1,0,1,0,1,0,0,1,0,0,5,0.8222222222222222,0.8222222222222222,accuracy,133,45,42,9
1,0,0,1,0,1,0,1,0,0,0,1,0,5,0.9333333333333332,0.9333333333333332,accuracy,133,45,42,4
1,0,0,1,0,1,0,1,0,0,0,0,1,5,0.9333333333333332,0.9333333333333332,accuracy,133,45,42,4
1,0,0,1,0,1,0,0,1,1,0,0,0,5,0.9333333333333332,0.9333333333333332,accuracy,133,45,42,4
1,0,0,1,0,1,0,0,1,0,1,0,0,5,0.8888888888888888,0.8888888888888888,accuracy,133,45,42,6
1,0,0,1,0,1,0,0,1,0,0,1,0,5,0.9111111111111112,0.9111111111111112,accuracy,133,45,42,5
1,0,0,1,0,1,0,0,1,0,0,0,1,5,0.9111111111111112,0.9111111111111112,accuracy,133,45,42,5
1,0,0,1,0,1,0,0,0,1,1,0,0,5,0.9111111111111112,0.9111111111111112,accuracy,133,45,42,5
1,0,0,1,0,1,0,0,0,1,0,1,0,5,0.9333333333333332,0.9333333333333332,accuracy,133,45,42,4
1,0,0,1,0,1,0,0,0,1,0,0,1,5,0.9555555555555556,0.9555555555555556,accuracy,133,45,42,3
1,0,0,1,0,1,0,0,0,0,1,1,0,5,0.9333333333333332,0.9333333333333332,accuracy,133,45,42,4
1,0,0,1,0,1,0,0,0,0,1,0,1,5,0.9111111111111112,0.9111111111111112,accuracy,133,45,42,5
1,0,0,1,0,1,0,0,0,0,0,1,1,5,0.9777777777777776,0.9777777777777776,accuracy,133,45,42,2
1,0,0,1,0,0,1,1,1,0,0,0,0,5,0.9555555555555556,0.9555555555555556,accuracy,133,45,42,3
1,0,0,1,0,0,1,1,0,1,0,0,0,5,0.9777777777777776,0.9777777777777776,accuracy,133,45,42,2
1,0,0,1,0,0,1,1,0,0,1,0,0,5,0.9333333333333332,0.9333333333333332,accuracy,133,45,42,4
1,0,0,1,0,0,1,1,0,0,0,1,0,5,0.9555555555555556,0.9555555555555556,accuracy,133,45,42,3
1,0,0,1,0,0,1,1,0,0,0,0,1,5,0.9777777777777776,0.9777777777777776,accuracy,133,45,42,2
1,0,0,1,0,0,1,0,1,1,0,0,0,5,0.9777777777777776,0.9777777777777776,accuracy,133,45,42,2
1,0,0,1,0,0,1,0,1,0,1,0,0,5,0.9555555555555556,0.9555555555555556,accuracy,133,45,42,3
1,0,0,1,0,0,1,0,1,0,0,1,0,5,0.9777777777777776,0.9777777777777776,accuracy,133,45,42,2
1,0,0,1,0,0,1,0,1,0,0,0,1,5,1.0,1.0,accuracy,133,45,42,1
1,0,0,1,0,0,1,0,0,1,1,0,0,5,0.9777777777777776,0.9777777777777776,accuracy,133,45,42,2
1,0,0,1,0,0,1,0,0,1,0,1,0,5,0.9777777777777776,0.9777777777777776,accuracy,133,45,42,2
1,0,0,1,0,0,1,0,0,1,0,0,1,5,0.9777777777777776,0.9777777777777776,accuracy,133,45,42,2
1,0,0,1,0,0,1,0,0,0,1,1,0,5,0.9555555555555556,0.9555555555555556,accuracy,133,45,42,3
1,0,0,1,0,0,1,0,0,0,1,0,1,5,0.9777777777777776,0.9777777777777776,accuracy,133,45,42,2
1,0,0,1,0,0,1,0,0,0,0,1,1,5,1.0,1.0,accuracy,133,45,42,1
1,0,0,1,0,0,0,1,1,1,0,0,0,5,0.8666666666666667,0.8666666666666667,accuracy,133,45,42,7
1,0,0,1,0,0,0,1,1,0,1,0,0,5,0.8888888888888888,0.8888888888888888,accuracy,133,45,42,6
1,0,0,1,0,0,0,1,1,0,0,1,0,5,0.9333333333333332,0.9333333333333332,accuracy,133,45,42,4
1,0,0,1,0,0,0,1,1,0,0,0,1,5,0.9333333333333332,0.9333333333333332,accuracy,133,45,42,4
1,0,0,1,0,0,0,1,0,1,1,0,0,5,0.8888888888888888,0.8888888888888888,accuracy,133,45,42,6
1,0,0,1,0,0,0,1,0,1,0,1,0,5,0.9555555555555556,0.9555555555555556,accuracy,133,45,42,3
1,0,0,1,0,0,0,1,0,1,0,0,1,5,0.9333333333333332,0.9333333333333332,accuracy,133,45,42,4
1,0,0,1,0,0,0,1,0,0,1,1,0,5,0.9111111111111112,0.9111111111111112,accuracy,133,45,42,5
1,0,0,1,0,0,0,1,0,0,1,0,1,5,0.9111111111111112,0.9111111111111112,accuracy,133,45,42,5
1,0,0,1,0,0,0,1,0,0,0,1,1,5,0.9777777777777776,0.9777777777777776,accuracy,133,45,42,2
1,0,0,1,0,0,0,0,1,1,1,0,0,5,0.9333333333333332,0.9333333333333332,accuracy,133,45,42,4
1,0,0,1,0,0,0,0,1,1,0,1,0,5,0.9777777777777776,0.9777777777777776,accuracy,133,45,42,2
1,0,0,1,0,0,0,0,1,1,0,0,1,5,1.0,1.0,accuracy,133,45,42,1
1,0,0,1,0,0,0,0,1,0,1,1,0,5,0.9333333333333332,0.9333333333333332,accuracy,133,45,42,4
1,0,0,1,0,0,0,0,1,0,1,0,1,5,0.9555555555555556,0.9555555555555556,accuracy,133,45,42,3
1,0,0,1,0,0,0,0,1,0,0,1,1,5,0.9777777777777776,0.9777777777777776,accuracy,133,45,42,2
1,0,0,1,0,0,0,0,0,1,1,1,0,5,0.9555555555555556,0.9555555555555556,accuracy,133,45,42,3
1,0,0,1,0,0,0,0,0,1,1,0,1,5,1.0,1.0,accuracy,133,45,42,1
1,0,0,1,0,0,0,0,0,1,0,1,1,5,1.0,1.0,accuracy,133,45,42,1
1,0,0,1,0,0,0,0,0,0,1,1,1,5,0.9777777777777776,0.9777777777777776,accuracy,133,45,42,2
1,0,0,0,1,1,1,1,0,0,0,0,0,5,0.9555555555555556,0.9555555555555556,accuracy,133,45,42,3
1,0,0,0,1,1,1,0,1,0,0,0,0,5,0.9777777777777776,0.9777777777777776,accuracy,133,45,42,2
1,0,0,0,1,1,1,0,0,1,0,0,0,5,0.9777777777777776,0.9777777777777776,accuracy,133,45,42,2
1,0,0,0,1,1,1,0,0,0,1,0,0,5,0.9555555555555556,0.9555555555555556,accuracy,133,45,42,3
1,0,0,0,1,1,1,0,0,0,0,1,0,5,0.9777777777777776,0.9777777777777776,accuracy,133,45,42,2
1,0,0,0,1,1,1,0,0,0,0,0,1,5,0.9777777777777776,0.9777777777777776,accuracy,133,45,42,2
1,0,0,0,1,1,0,1,1,0,0,0,0,5,0.9111111111111112,0.9111111111111112,accuracy,133,45,42,5
1,0,0,0,1,1,0,1,0,1,0,0,0,5,0.9111111111111112,0.9111111111111112,accuracy,133,45,42,5
1,0,0,0,1,1,0,1,0,0,1,0,0,5,0.8888888888888888,0.8888888888888888,accuracy,133,45,42,6
1,0,0,0,1,1,0,1,0,0,0,1,0,5,0.9777777777777776,0.9777777777777776,accuracy,133,45,42,2
1,0,0,0,1,1,0,1,0,0,0,0,1,5,0.9333333333333332,0.9333333333333332,accuracy,133,45,42,4
1,0,0,0,1,1,0,0,1,1,0,0,0,5,0.9555555555555556,0.9555555555555556,accuracy,133,45,42,3
1,0,0,0,1,1,0,0,1,0,1,0,0,5,0.9333333333333332,0.9333333333333332,accuracy,133,45,42,4
1,0,0,0,1,1,0,0,1,0,0,1,0,5,0.9555555555555556,0.9555555555555556,accuracy,133,45,42,3
1,0,0,0,1,1,0,0,1,0,0,0,1,5,0.9111111111111112,0.9111111111111112,accuracy,133,45,42,5
1,0,0,0,1,1,0,0,0,1,1,0,0,5,0.9333333333333332,0.9333333333333332,accuracy,133,45,42,4
1,0,0,0,1,1,0,0,0,1,0,1,0,5,0.9333333333333332,0.9333333333333332,accuracy,133,45,42,4
1,0,0,0,1,1,0,0,0,1,0,0,1,5,0.9777777777777776,0.9777777777777776,accuracy,133,45,42,2
1,0,0,0,1,1,0,0,0,0,1,1,0,5,0.9555555555555556,0.9555555555555556,accuracy,133,45,42,3
1,0,0,0,1,1,0,0,0,0,1,0,1,5,0.9111111111111112,0.9111111111111112,accuracy,133,45,42,5
1,0,0,0,1,1,0,0,0,0,0,1,1,5,0.9777777777777776,0.9777777777777776,accuracy,133,45,42,2
1,0,0,0,1,0,1,1,1,0,0,0,0,5,0.9777777777777776,0.9777777777777776,accuracy,133,45,42,2
1,0,0,0,1,0,1,1,0,1,0,0,0,5,0.9777777777777776,0.9777777777777776,accuracy,133,45,42,2
1,0,0,0,1,0,1,1,0,0,1,0,0,5,0.9555555555555556,0.9555555555555556,accuracy,133,45,42,3
1,0,0,0,1,0,1,1,0,0,0,1,0,5,0.9555555555555556,0.9555555555555556,accuracy,133,45,42,3
1,0,0,0,1,0,1,1,0,0,0,0,1,5,0.9777777777777776,0.9777777777777776,accuracy,133,45,42,2
1,0,0,0,1,0,1,0,1,1,0,0,0,5,0.9777777777777776,0.9777777777777776,accuracy,133,45,42,2
1,0,0,0,1,0,1,0,1,0,1,0,0,5,0.9777777777777776,0.9777777777777776,accuracy,133,45,42,2
1,0,0,0,1,0,1,0,1,0,0,1,0,5,0.9777777777777776,0.9777777777777776,accuracy,133,45,42,2
1,0,0,0,1,0,1,0,1,0,0,0,1,5,0.9555555555555556,0.9555555555555556,accuracy,133,45,42,3
1,0,0,0,1,0,1,0,0,1,1,0,0,5,0.9777777777777776,0.9777777777777776,accuracy,133,45,42,2
1,0,0,0,1,0,1,0,0,1,0,1,0,5,0.9777777777777776,0.9777777777777776,accuracy,133,45,42,2
1,0,0,0,1,0,1,0,0,1,0,0,1,5,1.0,1.0,accuracy,133,45,42,1
1,0,0,0,1,0,1,0,0,0,1,1,0,5,0.9777777777777776,0.9777777777777776,accuracy,133,45,42,2
1,0,0,0,1,0,1,0,0,0,1,0,1,5,0.9777777777777776,0.9777777777777776,accuracy,133,45,42,2
1,0,0,0,1,0,1,0,0,0,0,1,1,5,1.0,1.0,accuracy,133,45,42,1
1,0,0,0,1,0,0,1,1,1,0,0,0,5,0.9333333333333332,0.9333333333333332,accuracy,133,45,42,4
1,0,0,0,1,0,0,1,1,0,1,0,0,5,0.9111111111111112,0.9111111111111112,accuracy,133,45,42,5
1,0,0,0,1,0,0,1,1,0,0,1,0,5,0.9555555555555556,0.9555555555555556,accuracy,133,45,42,3
1,0,0,0,1,0,0,1,1,0,0,0,1,5,0.9111111111111112,0.9111111111111112,accuracy,133,45,42,5
1,0,0,0,1,0,0,1,0,1,1,0,0,5,0.9111111111111112,0.9111111111111112,accuracy,133,45,42,5
1,0,0,0,1,0,0,1,0,1,0,1,0,5,0.9333333333333332,0.9333333333333332,accuracy,133,45,42,4
1,0,0,0,1,0,0,1,0,1,0,0,1,5,0.9333333333333332,0.9333333333333332,accuracy,133,45,42,4
1,0,0,0,1,0,0,1,0,0,1,1,0,5,0.9555555555555556,0.9555555555555556,accuracy,133,45,42,3
1,0,0,0,1,0,0,1,0,0,1,0,1,5,0.9333333333333332,0.9333333333333332,accuracy,133,45,42,4
1,0,0,0,1,0,0,1,0,0,0,1,1,5,0.9555555555555556,0.9555555555555556,accuracy,133,45,42,3
1,0,0,0,1,0,0,0,1,1,1,0,0,5,0.9333333333333332,0.9333333333333332,accuracy,133,45,42,4
1,0,0,0,1,0,0,0,1,1,0,1,0,5,0.9555555555555556,0.9555555555555556,accuracy,133,45,42,3
1,0,0,0,1,0,0,0,1,1,0,0,1,5,0.9777777777777776,0.9777777777777776,accuracy,133,45,42,2
1,0,0,0,1,0,0,0,1,0,1,1,0,5,0.9555555555555556,0.9555555555555556,accuracy,133,45,42,3
1,0,0,0,1,0,0,0,1,0,1,0,1,5,0.9555555555555556,0.9555555555555556,accuracy,133,45,42,3
1,0,0,0,1,0,0,0,1,0,0,1,1,5,0.9555555555555556,0.9555555555555556,accuracy,133,45,42,3
1,0,0,0,1,0,0,0,0,1,1,1,0,5,0.9777777777777776,0.9777777777777776,accuracy,133,45,42,2
1,0,0,0,1,0,0,0,0,1,1,0,1,5,0.9777777777777776,0.9777777777777776,accuracy,133,45,42,2
1,0,0,0,1,0,0,0,0,1,0,1,1,5,0.9777777777777776,0.9777777777777776,accuracy,133,45,42,2
1,0,0,0,1,0,0,0,0,0,1,1,1,5,1.0,1.0,accuracy,133,45,42,1
1,0,0,0,0,1,1,1,1,0,0,0,0,5,0.9555555555555556,0.9555555555555556,accuracy,133,45,42,3
1,0,0,0,0,1,1,1,0,1,0,0,0,5,0.9777777777777776,0.9777777777777776,accuracy,133,45,42,2
1,0,0,0,0,1,1,1,0,0,1,0,0,5,0.9555555555555556,0.9555555555555556,accuracy,133,45,42,3
1,0,0,0,0,1,1,1,0,0,0,1,0,5,0.9555555555555556,0.9555555555555556,accuracy,133,45,42,3
1,0,0,0,0,1,1,1,0,0,0,0,1,5,0.9777777777777776,0.9777777777777776,accuracy,133,45,42,2
1,0,0,0,0,1,1,0,1,1,0,0,0,5,0.9777777777777776,0.9777777777777776,accuracy,133,45,42,2
1,0,0,0,0,1,1,0,1,0,1,0,0,5,0.9555555555555556,0.9555555555555556,accuracy,133,45,42,3
1,0,0,0,0,1,1,0,1,0,0,1,0,5,0.9555555555555556,0.9555555555555556,accuracy,133,45,42,3
1,0,0,0,0,1,1,0,1,0,0,0,1,5,0.9777777777777776,0.9777777777777776,accuracy,133,45,42,2
1,0,0,0,0,1,1,0,0,1,1,0,0,5,0.9777777777777776,0.9777777777777776,accuracy,133,45,42,2
1,0,0,0,0,1,1,0,0,1,0,1,0,5,0.9777777777777776,0.9777777777777776,accuracy,133,45,42,2
1,0,0,0,0,1,1,0,0,1,0,0,1,5,0.9777777777777776,0.9777777777777776,accuracy,133,45,42,2
1,0,0,0,0,1,1,0,0,0,1,1,0,5,0.9555555555555556,0.9555555555555556,accuracy,133,45,42,3
1,0,0,0,0,1,1,0,0,0,1,0,1,5,0.9777777777777776,0.9777777777777776,accuracy,133,45,42,2
1,0,0,0,0,1,1,0,0,0,0,1,1,5,0.9777777777777776,0.9777777777777776,accuracy,133,45,42,2
1,0,0,0,0,1,0,1,1,1,0,0,0,5,0.9555555555555556,0.9555555555555556,accuracy,133,45,42,3
1,0,0,0,0,1,0,1,1,0,1,0,0,5,0.8666666666666667,0.8666666666666667,accuracy,133,45,42,7
1,0,0,0,0,1,0,1,1,0,0,1,0,5,0.9333333333333332,0.9333333333333332,accuracy,133,45,42,4
1,0,0,0,0,1,0,1,1,0,0,0,1,5,0.9111111111111112,0.9111111111111112,accuracy,133,45,42,5
1,0,0,0,0,1,0,1,0,1,1,0,0,5,0.9333333333333332,0.9333333333333332,accuracy,133,45,42,4
1,0,0,0,0,1,0,1,0,1,0,1,0,5,0.8888888888888888,0.8888888888888888,accuracy,133,45,42,6
1,0,0,0,0,1,0,1,0,1,0,0,1,5,0.9777777777777776,0.9777777777777776,accuracy,133,45,42,2
1,0,0,0,0,1,0,1,0,0,1,1,0,5,0.9333333333333332,0.9333333333333332,accuracy,133,45,42,4
1,0,0,0,0,1,0,1,0,0,1,0,1,5,0.9111111111111112,0.9111111111111112,accuracy,133,45,42,5
1,0,0,0,0,1,0,1,0,0,0,1,1,5,0.9555555555555556,0.9555555555555556,accuracy,133,45,42,3
1,0,0,0,0,1,0,0,1,1,1,0,0,5,0.9555555555555556,0.9555555555555556,accuracy,133,45,42,3
1,0,0,0,0,1,0,0,1,1,0,1,0,5,0.9777777777777776,0.9777777777777776,accuracy,133,45,42,2
1,0,0,0,0,1,0,0,1,1,0,0,1,5,1.0,1.0,accuracy,133,45,42,1
1,0,0,0,0,1,0,0,1,0,1,1,0,5,0.9555555555555556,0.9555555555555556,accuracy,133,45,42,3
1,0,0,0,0,1,0,0,1,0,1,0,1,5,0.9555555555555556,0.9555555555555556,accuracy,133,45,42,3
1,0,0,0,0,1,0,0,1,0,0,1,1,5,0.9555555555555556,0.9555555555555556,accuracy,133,45,42,3
1,0,0,0,0,1,0,0,0,1,1,1,0,5,0.9555555555555556,0.9555555555555556,accuracy,133,45,42,3
1,0,0,0,0,1,0,0,0,1,1,0,1,5,0.9777777777777776,0.9777777777777776,accuracy,133,45,42,2
1,0,0,0,0,1,0,0,0,1,0,1,1,5,0.9777777777777776,0.9777777777777776,accuracy,133,45,42,2
1,0,0,0,0,1,0,0,0,0,1,1,1,5,0.9555555555555556,0.9555555555555556,accuracy,133,45,42,3
1,0,0,0,0,0,1,1,1,1,0,0,0,5,0.9777777777777776,0.9777777777777776,accuracy,133,45,42,2
1,0,0,0,0,0,1,1,1,0,1,0,0,5,0.9555555555555556,0.9555555555555556,accuracy,133,45,42,3
1,0,0,0,0,0,1,1,1,0,0,1,0,5,0.9555555555555556,0.9555555555555556,accuracy,133,45,42,3
1,0,0,0,0,0,1,1,1,0,0,0,1,5,0.9777777777777776,0.9777777777777776,accuracy,133,45,42,2
1,0,0,0,0,0,1,1,0,1,1,0,0,5,0.9777777777777776,0.9777777777777776,accuracy,133,45,42,2
1,0,0,0,0,0,1,1,0,1,0,1,0,5,0.9777777777777776,0.9777777777777776,accuracy,133,45,42,2
1,0,0,0,0,0,1,1,0,1,0,0,1,5,0.9777777777777776,0.9777777777777776,accuracy,133,45,42,2
1,0,0,0,0,0,1,1,0,0,1,1,0,5,0.9555555555555556,0.9555555555555556,accuracy,133,45,42,3
1,0,0,0,0,0,1,1,0,0,1,0,1,5,0.9777777777777776,0.9777777777777776,accuracy,133,45,42,2
1,0,0,0,0,0,1,1,0,0,0,1,1,5,0.9555555555555556,0.9555555555555556,accuracy,133,45,42,3
1,0,0,0,0,0,1,0,1,1,1,0,0,5,0.9777777777777776,0.9777777777777776,accuracy,133,45,42,2
1,0,0,0,0,0,1,0,1,1,0,1,0,5,0.9777777777777776,0.9777777777777776,accuracy,133,45,42,2
1,0,0,0,0,0,1,0,1,1,0,0,1,5,0.9777777777777776,0.9777777777777776,accuracy,133,45,42,2
1,0,0,0,0,0,1,0,1,0,1,1,0,5,0.9555555555555556,0.9555555555555556,accuracy,133,45,42,3
1,0,0,0,0,0,1,0,1,0,1,0,1,5,0.9777777777777776,0.9777777777777776,accuracy,133,45,42,2
1,0,0,0,0,0,1,0,1,0,0,1,1,5,0.9777777777777776,0.9777777777777776,accuracy,133,45,42,2
1,0,0,0,0,0,1,0,0,1,1,1,0,5,0.9777777777777776,0.9777777777777776,accuracy,133,45,42,2
1,0,0,0,0,0,1,0,0,1,1,0,1,5,1.0,1.0,accuracy,133,45,42,1
1,0,0,0,0,0,1,0,0,1,0,1,1,5,0.9777777777777776,0.9777777777777776,accuracy,133,45,42,2
1,0,0,0,0,0,1,0,0,0,1,1,1,5,0.9777777777777776,0.9777777777777776,accuracy,133,45,42,2
1,0,0,0,0,0,0,1,1,1,1,0,0,5,0.9111111111111112,0.9111111111111112,accuracy,133,45,42,5
1,0,0,0,0,0,0,1,1,1,0,1,0,5,0.9333333333333332,0.9333333333333332,accuracy,133,45,42,4
1,0,0,0,0,0,0,1,1,1,0,0,1,5,1.0,1.0,accuracy,133,45,42,1
1,0,0,0,0,0,0,1,1,0,1,1,0,5,0.9111111111111112,0.9111111111111112,accuracy,133,45,42,5
1,0,0,0,0,0,0,1,1,0,1,0,1,5,0.9555555555555556,0.9555555555555556,accuracy,133,45,42,3
1,0,0,0,0,0,0,1,1,0,0,1,1,5,0.9555555555555556,0.9555555555555556,accuracy,133,45,42,3
1,0,0,0,0,0,0,1,0,1,1,1,0,5,0.9333333333333332,0.9333333333333332,accuracy,133,45,42,4
1,0,0,0,0,0,0,1,0,1,1,0,1,5,0.9777777777777776,0.9777777777777776,accuracy,133,45,42,2
1,0,0,0,0,0,0,1,0,1,0,1,1,5,0.9777777777777776,0.9777777777777776,accuracy,133,45,42,2
1,0,0,0,0,0,0,1,0,0,1,1,1,5,0.9555555555555556,0.9555555555555556,accuracy,133,45,42,3
1,0,0,0,0,0,0,0,1,1,1,1,0,5,0.9555555555555556,0.9555555555555556,accuracy,133,45,42,3
1,0,0,0,0,0,0,0,1,1,1,0,1,5,1.0,1.0,accuracy,133,45,42,1
1,0,0,0,0,0,0,0,1,1,0,1,1,5,0.9777777777777776,0.9777777777777776,accuracy,133,45,42,2
1,0,0,0,0,0,0,0,1,0,1,1,1,5,0.9777777777777776,0.9777777777777776,accuracy,133,45,42,2
1,0,0,0,0,0,0,0,0,1,1,1,1,5,1.0,1.0,accuracy,133,45,42,1
0,1,1,1,1,1,0,0,0,0,0,0,0,5,0.8666666666666667,0.8666666666666667,accuracy,133,45,42,7
0,1,1,1,1,0,1,0,0,0,0,0,0,5,0.9333333333333332,0.9333333333333332,accuracy,133,45,42,4
0,1,1,1,1,0,0,1,0,0,0,0,0,5,0.8444444444444444,0.8444444444444444,accuracy,133,45,42,8
0,1,1,1,1,0,0,0,1,0,0,0,0,5,0.8222222222222222,0.8222222222222222,accuracy,133,45,42,9
0,1,1,1,1,0,0,0,0,1,0,0,0,5,0.8888888888888888,0.8888888888888888,accuracy,133,45,42,6
0,1,1,1,1,0,0,0,0,0,1,0,0,5,0.8222222222222222,0.8222222222222222,accuracy,133,45,42,9
0,1,1,1,1,0,0,0,0,0,0,1,0,5,0.8444444444444444,0.8444444444444444,accuracy,133,45,42,8
0,1,1,1,1,0,0,0,0,0,0,0,1,5,0.8666666666666667,0.8666666666666667,accuracy,133,45,42,7
0,1,1,1,0,1,1,0,0,0,0,0,0,5,0.8888888888888888,0.8888888888888888,accuracy,133,45,42,6
0,1,1,1,0,1,0,1,0,0,0,0,0,5,0.8,0.8,accuracy,133,45,42,10
0,1,1,1,0,1,0,0,1,0,0,0,0,5,0.7777777777777778,0.7777777777777778,accuracy,133,45,42,11
0,1,1,1,0,1,0,0,0,1,0,0,0,5,0.8444444444444444,0.8444444444444444,accuracy,133,45,42,8
0,1,1,1,0,1,0,0,0,0,1,0,0,5,0.8444444444444444,0.8444444444444444,accuracy,133,45,42,8
0,1,1,1,0,1,0,0,0,0,0,1,0,5,0.8666666666666667,0.8666666666666667,accuracy,133,45,42,7
0,1,1,1,0,1,0,0,0,0,0,0,1,5,0.8888888888888888,0.8888888888888888,accuracy,133,45,42,6
0,1,1,1,0,0,1,1,0,0,0,0,0,5,0.8666666666666667,0.8666666666666667,accuracy,133,45,42,7
0,1,1,1,0,0,1,0,1,0,0,0,0,5,0.9111111111111112,0.9111111111111112,accuracy,133,45,42,5
0,1,1,1,0,0,1,0,0,1,0,0,0,5,0.8888888888888888,0.8888888888888888,accuracy,133,45,42,6
0,1,1,1,0,0,1,0,0,0,1,0,0,5,0.8888888888888888,0.8888888888888888,accuracy,133,45,42,6
0,1,1,1,0,0,1,0,0,0,0,1,0,5,0.9111111111111112,0.9111111111111112,accuracy,133,45,42,5
0,1,1,1,0,0,1,0,0,0,0,0,1,5,0.9555555555555556,0.9555555555555556,accuracy,133,45,42,3
0,1,1,1,0,0,0,1,1,0,0,0,0,5,0.7777777777777778,0.7777777777777778,accuracy,133,45,42,11
0,1,1,1,0,0,0,1,0,1,0,0,0,5,0.8666666666666667,0.8666666666666667,accuracy,133,45,42,7
0,1,1,1,0,0,0,1,0,0,1,0,0,5,0.8444444444444444,0.8444444444444444,accuracy,133,45,42,8
0,1,1,1,0,0,0,1,0,0,0,1,0,5,0.8444444444444444,0.8444444444444444,accuracy,133,45,42,8
0,1,1,1,0,0,0,1,0,0,0,0,1,5,0.8888888888888888,0.8888888888888888,accuracy,133,45,42,6
0,1,1,1,0,0,0,0,1,1,0,0,0,5,0.8888888888888888,0.8888888888888888,accuracy,133,45,42,6
0,1,1,1,0,0,0,0,1,0,1,0,0,5,0.8888888888888888,0.8888888888888888,accuracy,133,45,42,6
0,1,1,1,0,0,0,0,1,0,0,1,0,5,0.8444444444444444,0.8444444444444444,accuracy,133,45,42,8
0,1,1,1,0,0,0,0,1,0,0,0,1,5,0.8666666666666667,0.8666666666666667,accuracy,133,45,42,7
0,1,1,1,0,0,0,0,0,1,1,0,0,5,0.8888888888888888,0.8888888888888888,accuracy,133,45,42,6
0,1,1,1,0,0,0,0,0,1,0,1,0,5,0.8666666666666667,0.8666666666666667,accuracy,133,45,42,7
0,1,1,1,0,0,0,0,0,1,0,0,1,5,0.9111111111111112,0.9111111111111112,accuracy,133,45,42,5
0,1,1,1,0,0,0,0,0,0,1,1,0,5,0.8222222222222222,0.8222222222222222,accuracy,133,45,42,9
0,1,1,1,0,0,0,0,0,0,1,0,1,5,0.8888888888888888,0.8888888888888888,accuracy,133,45,42,6
0,1,1,1,0,0,0,0,0,0,0,1,1,5,0.9777777777777776,0.9777777777777776,accuracy,133,45,42,2
0,1,1,0,1,1,1,0,0,0,0,0,0,5,0.9333333333333332,0.9333333333333332,accuracy,133,45,42,4
0,1,1,0,1,1,0,1,0,0,0,0,0,5,0.8222222222222222,0.8222222222222222,accuracy,133,45,42,9
0,1,1,0,1,1,0,0,1,0,0,0,0,5,0.8222222222222222,0.8222222222222222,accuracy,133,45,42,9
0,1,1,0,1,1,0,0,0,1,0,0,0,5,0.8888888888888888,0.8888888888888888,accuracy,133,45,42,6
0,1,1,0,1,1,0,0,0,0,1,0,0,5,0.8222222222222222,0.8222222222222222,accuracy,133,45,42,9
0,1,1,0,1,1,0,0,0,0,0,1,0,5,0.8888888888888888,0.8888888888888888,accuracy,133,45,42,6
0,1,1,0,1,1,0,0,0,0,0,0,1,5,0.8888888888888888,0.8888888888888888,accuracy,133,45,42,6
0,1,1,0,1,0,1,1,0,0,0,0,0,5,0.9333333333333332,0.9333333333333332,accuracy,133,45,42,4
0,1,1,0,1,0,1,0,1,0,0,0,0,5,0.9333333333333332,0.9333333333333332,accuracy,133,45,42,4
0,1,1,0,1,0,1,0,0,1,0,0,0,5,0.9111111111111112,0.9111111111111112,accuracy,133,45,42,5
0,1,1,0,1,0,1,0,0,0,1,0,0,5,0.9333333333333332,0.9333333333333332,accuracy,133,45,42,4
0,1,1,0,1,0,1,0,0,0,0,1,0,5,0.9555555555555556,0.9555555555555556,accuracy,133,45,42,3
0,1,1,0,1,0,1,0,0,0,0,0,1,5,0.9777777777777776,0.9777777777777776,accuracy,133,45,42,2
0,1,1,0,1,0,0,1,1,0,0,0,0,5,0.7777777777777778,0.7777777777777778,accuracy,133,45,42,11
0,1,1,0,1,0,0,1,0,1,0,0,0,5,0.8666666666666667,0.8666666666666667,accuracy,133,45,42,7
0,1,1,0,1,0,0,1,0,0,1,0,0,5,0.8,0.8,accuracy,133,45,42,10
0,1,1,0,1,0,0,1,0,0,0,1,0,5,0.8666666666666667,0.8666666666666667,accuracy,133,45,42,7
0,1,1,0,1,0,0,1,0,0,0,0,1,5,0.8444444444444444,0.8444444444444444,accuracy,133,45,42,8
0,1,1,0,1,0,0,0,1,1,0,0,0,5,0.8888888888888888,0.8888888888888888,accuracy,133,45,42,6
0,1,1,0,1,0,0,0,1,0,1,0,0,5,0.7777777777777778,0.7777777777777778,accuracy,133,45,42,11
0,1,1,0,1,0,0,0,1,0,0,1,0,5,0.8444444444444444,0.8444444444444444,accuracy,133,45,42,8
0,1,1,0,1,0,0,0,1,0,0,0,1,5,0.8,0.8,accuracy,133,45,42,10
0,1,1,0,1,0,0,0,0,1,1,0,0,5,0.8888888888888888,0.8888888888888888,accuracy,133,45,42,6
0,1,1,0,1,0,0,0,0,1,0,1,0,5,0.8888888888888888,0.8888888888888888,accuracy,133,45,42,6
0,1,1,0,1,0,0,0,0,1,0,0,1,5,0.9111111111111112,0.9111111111111112,accuracy,133,45,42,5
0,1,1,0,1,0,0,0,0,0,1,1,0,5,0.9111111111111112,0.9111111111111112,accuracy,133,45,42,5
0,1,1,0,1,0,0,0,0,0,1,0,1,5,0.8666666666666667,0.8666666666666667,accuracy,133,45,42,7
0,1,1,0,1,0,0,0,0,0,0,1,1,5,0.9333333333333332,0.9333333333333332,accuracy,133,45,42,4
0,1,1,0,0,1,1,1,0,0,0,0,0,5,0.8222222222222222,0.8222222222222222,accuracy,133,45,42,9
0,1,1,0,0,1,1,0,1,0,0,0,0,5,0.8222222222222222,0.8222222222222222,accuracy,133,45,42,9
0,1,1,0,0,1,1,0,0,1,0,0,0,5,0.8888888888888888,0.8888888888888888,accuracy,133,45,42,6
0,1,1,0,0,1,1,0,0,0,1,0,0,5,0.8666666666666667,0.8666666666666667,accuracy,133,45,42,7
0,1,1,0,0,1,1,0,0,0,0,1,0,5,0.8666666666666667,0.8666666666666667,accuracy,133,45,42,7
0,1,1,0,0,1,1,0,0,0,0,0,1,5,0.9333333333333332,0.9333333333333332,accuracy,133,45,42,4
0,1,1,0,0,1,0,1,1,0,0,0,0,5,0.7333333333333333,0.7333333333333333,accuracy,133,45,42,13
0,1,1,0,0,1,0,1,0,1,0,0,0,5,0.8666666666666667,0.8666666666666667,accuracy,133,45,42,7
0,1,1,0,0,1,0,1,0,0,1,0,0,5,0.7555555555555555,0.7555555555555555,accuracy,133,45,42,12
0,1,1,0,0,1,0,1,0,0,0,1,0,5,0.7777777777777778,0.7777777777777778,accuracy,133,45,42,11
0,1,1,0,0,1,0,1,0,0,0,0,1,5,0.8666666666666667,0.8666666666666667,accuracy,133,45,42,7
0,1,1,0,0,1,0,0,1,1,0,0,0,5,0.8666666666666667,0.8666666666666667,accuracy,133,45,42,7
0,1,1,0,0,1,0,0,1,0,1,0,0,5,0.7555555555555555,0.7555555555555555,accuracy,133,45,42,12
0,1,1,0,0,1,0,0,1,0,0,1,0,5,0.8222222222222222,0.8222222222222222,accuracy,133,45,42,9
0,1,1,0,0,1,0,0,1,0,0,0,1,5,0.8666666666666667,0.8666666666666667,accuracy,133,45,42,7
0,1,1,0,0,1,0,0,0,1,1,0,0,5,0.9111111111111112,0.9111111111111112,accuracy,133,45,42,5
0,1,1,0,0,1,0,0,0,1,0,1,0,5,0.8666666666666667,0.8666666666666667,accuracy,133,45,42,7
0,1,1,0,0,1,0,0,0,1,0,0,1,5,0.9111111111111112,0.9111111111111112,accuracy,133,45,42,5
0,1,1,0,0,1,0,0,0,0,1,1,0,5,0.8666666666666667,0.8666666666666667,accuracy,133,45,42,7
0,1,1,0,0,1,0,0,0,0,1,0,1,5,0.8888888888888888,0.8888888888888888,accuracy,133,45,42,6
0,1,1,0,0,1,0,0,0,0,0,1,1,5,0.9111111111111112,0.9111111111111112,accuracy,133,45,42,5
0,1,1,0,0,0,1,1,1,0,0,0,0,5,0.8666666666666667,0.8666666666666667,accuracy,133,45,42,7
0,1,1,0,0,0,1,1,0,1,0,0,0,5,0.8888888888888888,0.8888888888888888,accuracy,133,45,42,6
0,1,1,0,0,0,1,1,0,0,1,0,0,5,0.8444444444444444,0.8444444444444444,accuracy,133,45,42,8
0,1,1,0,0,0,1,1,0,0,0,1,0,5,0.8666666666666667,0.8666666666666667,accuracy,133,45,42,7
0,1,1,0,0,0,1,1,0,0,0,0,1,5,0.9555555555555556,0.9555555555555556,accuracy,133,45,42,3
0,1,1,0,0,0,1,0,1,1,0,0,0,5,0.8888888888888888,0.8888888888888888,accuracy,133,45,42,6
0,1,1,0,0,0,1,0,1,0,1,0,0,5,0.8888888888888888,0.8888888888888888,accuracy,133,45,42,6
0,1,1,0,0,0,1,0,1,0,0,1,0,5,0.8888888888888888,0.8888888888888888,accuracy,133,45,42,6
0,1,1,0,0,0,1,0,1,0,0,0,1,5,0.9333333333333332,0.9333333333333332,accuracy,133,45,42,4
0,1,1,0,0,0,1,0,0,1,1,0,0,5,0.9111111111111112,0.9111111111111112,accuracy,133,45,42,5
0,1,1,0,0,0,1,0,0,1,0,1,0,5,0.8888888888888888,0.8888888888888888,accuracy,133,45,42,6
0,1,1,0,0,0,1,0,0,1,0,0,1,5,0.9555555555555556,0.9555555555555556,accuracy,133,45,42,3
0,1,1,0,0,0,1,0,0,0,1,1,0,5,0.8666666666666667,0.8666666666666667,accuracy,133,45,42,7
0,1,1,0,0,0,1,0,0,0,1,0,1,5,0.9777777777777776,0.9777777777777776,accuracy,133,45,42,2
0,1,1,0,0,0,1,0,0,0,0,1,1,5,0.9555555555555556,0.9555555555555556,accuracy,133,45,42,3
0,1,1,0,0,0,0,1,1,1,0,0,0,5,0.8444444444444444,0.8444444444444444,accuracy,133,45,42,8
0,1,1,0,0,0,0,1,1,0,1,0,0,5,0.7777777777777778,0.7777777777777778,accuracy,133,45,42,11
0,1,1,0,0,0,0,1,1,0,0,1,0,5,0.8,0.8,accuracy,133,45,42,10
0,1,1,0,0,0,0,1,1,0,0,0,1,5,0.8,0.8,accuracy,133,45,42,10
0,1,1,0,0,0,0,1,0,1,1,0,0,5,0.8888888888888888,0.8888888888888888,accuracy,133,45,42,6
0,1,1,0,0,0,0,1,0,1,0,1,0,5,0.8888888888888888,0.8888888888888888,accuracy,133,45,42,6
0,1,1,0,0,0,0,1,0,1,0,0,1,5,0.9111111111111112,0.9111111111111112,accuracy,133,45,42,5
0,1,1,0,0,0,0,1,0,0,1,1,0,5,0.8444444444444444,0.8444444444444444,accuracy,133,45,42,8
0,1,1,0,0,0,0,1,0,0,1,0,1,5,0.8888888888888888,0.8888888888888888,accuracy,133,45,42,6
0,1,1,0,0,0,0,1,0,0,0,1,1,5,0.9111111111111112,0.9111111111111112,accuracy,133,45,42,5
0,1,1,0,0,0,0,0,1,1,1,0,0,5,0.9111111111111112,0.9111111111111112,accuracy,133,45,42,5
0,1,1,0,0,0,0,0,1,1,0,1,0,5,0.9111111111111112,0.9111111111111112,accuracy,133,45,42,5
0,1,1,0,0,0,0,0,1,1,0,0,1,5,0.9111111111111112,0.9111111111111112,accuracy,133,45,42,5
0,1,1,0,0,0,0,0,1,0,1,1,0,5,0.8222222222222222,0.8222222222222222,accuracy,133,45,42,9
0,1,1,0,0,0,0,0,1,0,1,0,1,5,0.8888888888888888,0.8888888888888888,accuracy,133,45,42,6
0,1,1,0,0,0,0,0,1,0,0,1,1,5,0.9555555555555556,0.9555555555555556,accuracy,133,45,42,3
0,1,1,0,0,0,0,0,0,1,1,1,0,5,0.9333333333333332,0.9333333333333332,accuracy,133,45,42,4
0,1,1,0,0,0,0,0,0,1,1,0,1,5,0.9555555555555556,0.9555555555555556,accuracy,133,45,42,3
0,1,1,0,0,0,0,0,0,1,0,1,1,5,0.9555555555555556,0.9555555555555556,accuracy,133,45,42,3
0,1,1,0,0,0,0,0,0,0,1,1,1,5,0.9333333333333332,0.9333333333333332,accuracy,133,45,42,4
0,1,0,1,1,1,1,0,0,0,0,0,0,5,0.9333333333333332,0.9333333333333332,accuracy,133,45,42,4
0,1,0,1,1,1,0,1,0,0,0,0,0,5,0.8444444444444444,0.8444444444444444,accuracy,133,45,42,8
0,1,0,1,1,1,0,0,1,0,0,0,0,5,0.7777777777777778,0.7777777777777778,accuracy,133,45,42,11
0,1,0,1,1,1,0,0,0,1,0,0,0,5,0.8888888888888888,0.8888888888888888,accuracy,133,45,42,6
0,1,0,1,1,1,0,0,0,0,1,0,0,5,0.8666666666666667,0.8666666666666667,accuracy,133,45,42,7
0,1,0,1,1,1,0,0,0,0,0,1,0,5,0.8666666666666667,0.8666666666666667,accuracy,133,45,42,7
0,1,0,1,1,1,0,0,0,0,0,0,1,5,0.8888888888888888,0.8888888888888888,accuracy,133,45,42,6
0,1,0,1,1,0,1,1,0,0,0,0,0,5,0.9111111111111112,0.9111111111111112,accuracy,133,45,42,5
0,1,0,1,1,0,1,0,1,0,0,0,0,5,0.9111111111111112,0.9111111111111112,accuracy,133,45,42,5
0,1,0,1,1,0,1,0,0,1,0,0,0,5,0.9333333333333332,0.9333333333333332,accuracy,133,45,42,4
0,1,0,1,1,0,1,0,0,0,1,0,0,5,0.9333333333333332,0.9333333333333332,accuracy,133,45,42,4
0,1,0,1,1,0,1,0,0,0,0,1,0,5,0.9111111111111112,0.9111111111111112,accuracy,133,45,42,5
0,1,0,1,1,0,1,0,0,0,0,0,1,5,0.9555555555555556,0.9555555555555556,accuracy,133,45,42,3
0,1,0,1,1,0,0,1,1,0,0,0,0,5,0.7555555555555555,0.7555555555555555,accuracy,133,45,42,12
0,1,0,1,1,0,0,1,0,1,0,0,0,5,0.8666666666666667,0.8666666666666667,accuracy,133,45,42,7
0,1,0,1,1,0,0,1,0,0,1,0,0,5,0.7777777777777778,0.7777777777777778,accuracy,133,45,42,11
0,1,0,1,1,0,0,1,0,0,0,1,0,5,0.8666666666666667,0.8666666666666667,accuracy,133,45,42,7
0,1,0,1,1,0,0,1,0,0,0,0,1,5,0.8666666666666667,0.8666666666666667,accuracy,133,45,42,7
0,1,0,1,1,0,0,0,1,1,0,0,0,5,0.8888888888888888,0.8888888888888888,accuracy,133,45,42,6
0,1,0,1,1,0,0,0,1,0,1,0,0,5,0.8666666666666667,0.8666666666666667,accuracy,133,45,42,7
0,1,0,1,1,0,0,0,1,0,0,1,0,5,0.8666666666666667,0.8666666666666667,accuracy,133,45,42,7
0,1,0,1,1,0,0,0,1,0,0,0,1,5,0.8666666666666667,0.8666666666666667,accuracy,133,45,42,7
0,1,0,1,1,0,0,0,0,1,1,0,0,5,0.8888888888888888,0.8888888888888888,accuracy,133,45,42,6
0,1,0,1,1,0,0,0,0,1,0,1,0,5,0.8888888888888888,0.8888888888888888,accuracy,133,45,42,6
0,1,0,1,1,0,0,0,0,1,0,0,1,5,0.9111111111111112,0.9111111111111112,accuracy,133,45,42,5
0,1,0,1,1,0,0,0,0,0,1,1,0,5,0.9111111111111112,0.9111111111111112,accuracy,133,45,42,5
0,1,0,1,1,0,0,0,0,0,1,0,1,5,0.8666666666666667,0.8666666666666667,accuracy,133,45,42,7
0,1,0,1,1,0,0,0,0,0,0,1,1,5,0.9333333333333332,0.9333333333333332,accuracy,133,45,42,4
0,1,0,1,0,1,1,1,0,0,0,0,0,5,0.8222222222222222,0.8222222222222222,accuracy,133,45,42,9
0,1,0,1,0,1,1,0,1,0,0,0,0,5,0.8222222222222222,0.8222222222222222,accuracy,133,45,42,9
0,1,0,1,0,1,1,0,0,1,0,0,0,5,0.8888888888888888,0.8888888888888888,accuracy,133,45,42,6
0,1,0,1,0,1,1,0,0,0,1,0,0,5,0.8888888888888888,0.8888888888888888,accuracy,133,45,42,6
0,1,0,1,0,1,1,0,0,0,0,1,0,5,0.8444444444444444,0.8444444444444444,accuracy,133,45,42,8
0,1,0,1,0,1,1,0,0,0,0,0,1,5,0.9555555555555556,0.9555555555555556,accuracy,133,45,42,3
0,1,0,1,0,1,0,1,1,0,0,0,0,5,0.7333333333333333,0.7333333333333333,accuracy,133,45,42,13
0,1,0,1,0,1,0,1,0,1,0,0,0,5,0.8666666666666667,0.8666666666666667,accuracy,133,45,42,7
0,1,0,1,0,1,0,1,0,0,1,0,0,5,0.7777777777777778,0.7777777777777778,accuracy,133,45,42,11
0,1,0,1,0,1,0,1,0,0,0,1,0,5,0.8222222222222222,0.8222222222222222,accuracy,133,45,42,9
0,1,0,1,0,1,0,1,0,0,0,0,1,5,0.8666666666666667,0.8666666666666667,accuracy,133,45,42,7
0,1,0,1,0,1,0,0,1,1,0,0,0,5,0.8888888888888888,0.8888888888888888,accuracy,133,45,42,6
0,1,0,1,0,1,0,0,1,0,1,0,0,5,0.8,0.8,accuracy,133,45,42,10
0,1,0,1,0,1,0,0,1,0,0,1,0,5,0.8444444444444444,0.8444444444444444,accuracy,133,45,42,8
0,1,0,1,0,1,0,0,1,0,0,0,1,5,0.8888888888888888,0.8888888888888888,accuracy,133,45,42,6
0,1,0,1,0,1,0,0,0,1,1,0,0,5,0.9111111111111112,0.9111111111111112,accuracy,133,45,42,5
0,1,0,1,0,1,0,0,0,1,0,1,0,5,0.8666666666666667,0.8666666666666667,accuracy,133,45,42,7
0,1,0,1,0,1,0,0,0,1,0,0,1,5,0.9111111111111112,0.9111111111111112,accuracy,133,45,42,5
0,1,0,1,0,1,0,0,0,0,1,1,0,5,0.8444444444444444,0.8444444444444444,accuracy,133,45,42,8
0,1,0,1,0,1,0,0,0,0,1,0,1,5,0.9111111111111112,0.9111111111111112,accuracy,133,45,42,5
0,1,0,1,0,1,0,0,0,0,0,1,1,5,0.9333333333333332,0.9333333333333332,accuracy,133,45,42,4
0,1,0,1,0,0,1,1,1,0,0,0,0,5,0.8,0.8,accuracy,133,45,42,10
0,1,0,1,0,0,1,1,0,1,0,0,0,5,0.8888888888888888,0.8888888888888888,accuracy,133,45,42,6
0,1,0,1,0,0,1,1,0,0,1,0,0,5,0.8888888888888888,0.8888888888888888,accuracy,133,45,42,6
0,1,0,1,0,0,1,1,0,0,0,1,0,5,0.8222222222222222,0.8222222222222222,accuracy,133,45,42,9
0,1,0,1,0,0,1,1,0,0,0,0,1,5,0.9555555555555556,0.9555555555555556,accuracy,133,45,42,3
0,1,0,1,0,0,1,0,1,1,0,0,0,5,0.8888888888888888,0.8888888888888888,accuracy,133,45,42,6
0,1,0,1,0,0,1,0,1,0,1,0,0,5,0.9111111111111112,0.9111111111111112,accuracy,133,45,42,5
0,1,0,1,0,0,1,0,1,0,0,1,0,5,0.8222222222222222,0.8222222222222222,accuracy,133,45,42,9
0,1,0,1,0,0,1,0,1,0,0,0,1,5,0.9333333333333332,0.9333333333333332,accuracy,133,45,42,4
0,1,0,1,0,0,1,0,0,1,1,0,0,5,0.8888888888888888,0.8888888888888888,accuracy,133,45,42,6
0,1,0,1,0,0,1,0,0,1,0,1,0,5,0.8888888888888888,0.8888888888888888,accuracy,133,45,42,6
0,1,0,1,0,0,1,0,0,1,0,0,1,5,0.9777777777777776,0.9777777777777776,accuracy,133,45,42,2
0,1,0,1,0,0,1,0,0,0,1,1,0,5,0.8888888888888888,0.8888888888888888,accuracy,133,45,42,6
0,1,0,1,0,0,1,0,0,0,1,0,1,5,0.9777777777777776,0.9777777777777776,accuracy,133,45,42,2
0,1,0,1,0,0,1,0,0,0,0,1,1,5,0.9777777777777776,0.9777777777777776,accuracy,133,45,42,2
0,1,0,1,0,0,0,1,1,1,0,0,0,5,0.8444444444444444,0.8444444444444444,accuracy,133,45,42,8
0,1,0,1,0,0,0,1,1,0,1,0,0,5,0.8222222222222222,0.8222222222222222,accuracy,133,45,42,9
0,1,0,1,0,0,0,1,1,0,0,1,0,5,0.8,0.8,accuracy,133,45,42,10
0,1,0,1,0,0,0,1,1,0,0,0,1,5,0.8888888888888888,0.8888888888888888,accuracy,133,45,42,6
0,1,0,1,0,0,0,1,0,1,1,0,0,5,0.8888888888888888,0.8888888888888888,accuracy,133,45,42,6
0,1,0,1,0,0,0,1,0,1,0,1,0,5,0.8666666666666667,0.8666666666666667,accuracy,133,45,42,7
0,1,0,1,0,0,0,1,0,1,0,0,1,5,0.9111111111111112,0.9111111111111112,accuracy,133,45,42,5
0,1,0,1,0,0,0,1,0,0,1,1,0,5,0.8222222222222222,0.8222222222222222,accuracy,133,45,42,9
0,1,0,1,0,0,0,1,0,0,1,0,1,5,0.8888888888888888,0.8888888888888888,accuracy,133,45,42,6
0,1,0,1,0,0,0,1,0,0,0,1,1,5,0.9333333333333332,0.9333333333333332,accuracy,133,45,42,4
0,1,0,1,0,0,0,0,1,1,1,0,0,5,0.9333333333333332,0.9333333333333332,accuracy,133,45,42,4
0,1,0,1,0,0,0,0,1,1,0,1,0,5,0.8888888888888888,0.8888888888888888,accuracy,133,45,42,6
0,1,0,1,0,0,0,0,1,1,0,0,1,5,0.9333333333333332,0.9333333333333332,accuracy,133,45,42,4
0,1,0,1,0,0,0,0,1,0,1,1,0,5,0.8444444444444444,0.8444444444444444,accuracy,133,45,42,8
0,1,0,1,0,0,0,0,1,0,1,0,1,5,0.9333333333333332,0.9333333333333332,accuracy,133,45,42,4
0,1,0,1,0,0,0,0,1,0,0,1,1,5,0.9111111111111112,0.9111111111111112,accuracy,133,45,42,5
0,1,0,1,0,0,0,0,0,1,1,1,0,5,0.9111111111111112,0.9111111111111112,accuracy,133,45,42,5
0,1,0,1,0,0,0,0,0,1,1,0,1,5,0.9777777777777776,0.9777777777777776,accuracy,133,45,42,2
0,1,0,1,0,0,0,0,0,1,0,1,1,5,0.9777777777777776,0.9777777777777776,accuracy,133,45,42,2
0,1,0,1,0,0,0,0,0,0,1,1,1,5,0.9555555555555556,0.9555555555555556,accuracy,133,45,42,3
0,1,0,0,1,1,1,1,0,0,0,0,0,5,0.9111111111111112,0.9111111111111112,accuracy,133,45,42,5
0,1,0,0,1,1,1,0,1,0,0,0,0,5,0.8888888888888888,0.8888888888888888,accuracy,133,45,42,6
0,1,0,0,1,1,1,0,0,1,0,0,0,5,0.9333333333333332,0.9333333333333332,accuracy,133,45,42,4
0,1,0,0,1,1,1,0,0,0,1,0,0,5,0.9555555555555556,0.9555555555555556,accuracy,133,45,42,3
0,1,0,0,1,1,1,0,0,0,0,1,0,5,0.9111111111111112,0.9111111111111112,accuracy,133,45,42,5
0,1,0,0,1,1,1,0,0,0,0,0,1,5,0.9333333333333332,0.9333333333333332,accuracy,133,45,42,4
0,1,0,0,1,1,0,1,1,0,0,0,0,5,0.7777777777777778,0.7777777777777778,accuracy,133,45,42,11
0,1,0,0,1,1,0,1,0,1,0,0,0,5,0.8888888888888888,0.8888888888888888,accuracy,133,45,42,6
0,1,0,0,1,1,0,1,0,0,1,0,0,5,0.8222222222222222,0.8222222222222222,accuracy,133,45,42,9
0,1,0,0,1,1,0,1,0,0,0,1,0,5,0.8444444444444444,0.8444444444444444,accuracy,133,45,42,8
0,1,0,0,1,1,0,1,0,0,0,0,1,5,0.9111111111111112,0.9111111111111112,accuracy,133,45,42,5
0,1,0,0,1,1,0,0,1,1,0,0,0,5,0.9111111111111112,0.9111111111111112,accuracy,133,45,42,5
0,1,0,0,1,1,0,0,1,0,1,0,0,5,0.8444444444444444,0.8444444444444444,accuracy,133,45,42,8
0,1,0,0,1,1,0,0,1,0,0,1,0,5,0.8666666666666667,0.8666666666666667,accuracy,133,45,42,7
0,1,0,0,1,1,0,0,1,0,0,0,1,5,0.8444444444444444,0.8444444444444444,accuracy,133,45,42,8
0,1,0,0,1,1,0,0,0,1,1,0,0,5,0.9111111111111112,0.9111111111111112,accuracy,133,45,42,5
0,1,0,0,1,1,0,0,0,1,0,1,0,5,0.9111111111111112,0.9111111111111112,accuracy,133,45,42,5
0,1,0,0,1,1,0,0,0,1,0,0,1,5,0.9111111111111112,0.9111111111111112,accuracy,133,45,42,5
0,1,0,0,1,1,0,0,0,0,1,1,0,5,0.8888888888888888,0.8888888888888888,accuracy,133,45,42,6
0,1,0,0,1,1,0,0,0,0,1,0,1,5,0.9111111111111112,0.9111111111111112,accuracy,133,45,42,5
0,1,0,0,1,1,0,0,0,0,0,1,1,5,0.9333333333333332,0.9333333333333332,accuracy,133,45,42,4
0,1,0,0,1,0,1,1,1,0,0,0,0,5,0.9111111111111112,0.9111111111111112,accuracy,133,45,42,5
0,1,0,0,1,0,1,1,0,1,0,0,0,5,0.9333333333333332,0.9333333333333332,accuracy,133,45,42,4
0,1,0,0,1,0,1,1,0,0,1,0,0,5,0.9333333333333332,0.9333333333333332,accuracy,133,45,42,4
0,1,0,0,1,0,1,1,0,0,0,1,0,5,0.9111111111111112,0.9111111111111112,accuracy,133,45,42,5
0,1,0,0,1,0,1,1,0,0,0,0,1,5,0.9555555555555556,0.9555555555555556,accuracy,133,45,42,3
0,1,0,0,1,0,1,0,1,1,0,0,0,5,0.9111111111111112,0.9111111111111112,accuracy,133,45,42,5
0,1,0,0,1,0,1,0,1,0,1,0,0,5,0.9333333333333332,0.9333333333333332,accuracy,133,45,42,4
0,1,0,0,1,0,1,0,1,0,0,1,0,5,0.9333333333333332,0.9333333333333332,accuracy,133,45,42,4
0,1,0,0,1,0,1,0,1,0,0,0,1,5,0.9555555555555556,0.9555555555555556,accuracy,133,45,42,3
0,1,0,0,1,0,1,0,0,1,1,0,0,5,0.9333333333333332,0.9333333333333332,accuracy,133,45,42,4
0,1,0,0,1,0,1,0,0,1,0,1,0,5,0.9333333333333332,0.9333333333333332,accuracy,133,45,42,4
0,1,0,0,1,0,1,0,0,1,0,0,1,5,0.9555555555555556,0.9555555555555556,accuracy,133,45,42,3
0,1,0,0,1,0,1,0,0,0,1,1,0,5,0.9333333333333332,0.9333333333333332,accuracy,133,45,42,4
0,1,0,0,1,0,1,0,0,0,1,0,1,5,0.9777777777777776,0.9777777777777776,accuracy,133,45,42,2
0,1,0,0,1,0,1,0,0,0,0,1,1,5,0.9555555555555556,0.9555555555555556,accuracy,133,45,42,3
0,1,0,0,1,0,0,1,1,1,0,0,0,5,0.8888888888888888,0.8888888888888888,accuracy,133,45,42,6
0,1,0,0,1,0,0,1,1,0,1,0,0,5,0.7555555555555555,0.7555555555555555,accuracy,133,45,42,12
0,1,0,0,1,0,0,1,1,0,0,1,0,5,0.8222222222222222,0.8222222222222222,accuracy,133,45,42,9
0,1,0,0,1,0,0,1,1,0,0,0,1,5,0.8222222222222222,0.8222222222222222,accuracy,133,45,42,9
0,1,0,0,1,0,0,1,0,1,1,0,0,5,0.9333333333333332,0.9333333333333332,accuracy,133,45,42,4
0,1,0,0,1,0,0,1,0,1,0,1,0,5,0.8888888888888888,0.8888888888888888,accuracy,133,45,42,6
0,1,0,0,1,0,0,1,0,1,0,0,1,5,0.9111111111111112,0.9111111111111112,accuracy,133,45,42,5
0,1,0,0,1,0,0,1,0,0,1,1,0,5,0.8888888888888888,0.8888888888888888,accuracy,133,45,42,6
0,1,0,0,1,0,0,1,0,0,1,0,1,5,0.8444444444444444,0.8444444444444444,accuracy,133,45,42,8
0,1,0,0,1,0,0,1,0,0,0,1,1,5,0.8888888888888888,0.8888888888888888,accuracy,133,45,42,6
0,1,0,0,1,0,0,0,1,1,1,0,0,5,0.9333333333333332,0.9333333333333332,accuracy,133,45,42,4
0,1,0,0,1,0,0,0,1,1,0,1,0,5,0.9111111111111112,0.9111111111111112,accuracy,133,45,42,5
0,1,0,0,1,0,0,0,1,1,0,0,1,5,0.9111111111111112,0.9111111111111112,accuracy,133,45,42,5
0,1,0,0,1,0,0,0,1,0,1,1,0,5,0.8444444444444444,0.8444444444444444,accuracy,133,45,42,8
0,1,0,0,1,0,0,0,1,0,1,0,1,5,0.8888888888888888,0.8888888888888888,accuracy,133,45,42,6
0,1,0,0,1,0,0,0,1,0,0,1,1,5,0.9333333333333332,0.9333333333333332,accuracy,133,45,42,4
0,1,0,0,1,0,0,0,0,1,1,1,0,5,0.9555555555555556,0.9555555555555556,accuracy,133,45,42,3
0,1,0,0,1,0,0,0,0,1,1,0,1,5,1.0,1.0,accuracy,133,45,42,1
0,1,0,0,1,0,0,0,0,1,0,1,1,5,0.9777777777777776,0.9777777777777776,accuracy,133,45,42,2
0,1,0,0,1,0,0,0,0,0,1,1,1,5,0.9111111111111112,0.9111111111111112,accuracy,133,45,42,5
0,1,0,0,0,1,1,1,1,0,0,0,0,5,0.8444444444444444,0.8444444444444444,accuracy,133,45,42,8
0,1,0,0,0,1,1,1,0,1,0,0,0,5,0.8888888888888888,0.8888888888888888,accuracy,133,45,42,6
0,1,0,0,0,1,1,1,0,0,1,0,0,5,0.8888888888888888,0.8888888888888888,accuracy,133,45,42,6
0,1,0,0,0,1,1,1,0,0,0,1,0,5,0.8444444444444444,0.8444444444444444,accuracy,133,45,42,8
0,1,0,0,0,1,1,1,0,0,0,0,1,5,0.9555555555555556,0.9555555555555556,accuracy,133,45,42,3
0,1,0,0,0,1,1,0,1,1,0,0,0,5,0.8888888888888888,0.8888888888888888,accuracy,133,45,42,6
0,1,0,0,0,1,1,0,1,0,1,0,0,5,0.8888888888888888,0.8888888888888888,accuracy,133,45,42,6
0,1,0,0,0,1,1,0,1,0,0,1,0,5,0.8444444444444444,0.8444444444444444,accuracy,133,45,42,8
0,1,0,0,0,1,1,0,1,0,0,0,1,5,0.9111111111111112,0.9111111111111112,accuracy,133,45,42,5
0,1,0,0,0,1,1,0,0,1,1,0,0,5,0.9111111111111112,0.9111111111111112,accuracy,133,45,42,5
0,1,0,0,0,1,1,0,0,1,0,1,0,5,0.8888888888888888,0.8888888888888888,accuracy,133,45,42,6
0,1,0,0,0,1,1,0,0,1,0,0,1,5,1.0,1.0,accuracy,133,45,42,1
0,1,0,0,0,1,1,0,0,0,1,1,0,5,0.8666666666666667,0.8666666666666667,accuracy,133,45,42,7
0,1,0,0,0,1,1,0,0,0,1,0,1,5,0.9777777777777776,0.9777777777777776,accuracy,133,45,42,2
0,1,0,0,0,1,1,0,0,0,0,1,1,5,0.9555555555555556,0.9555555555555556,accuracy,133,45,42,3
0,1,0,0,0,1,0,1,1,1,0,0,0,5,0.8888888888888888,0.8888888888888888,accuracy,133,45,42,6
0,1,0,0,0,1,0,1,1,0,1,0,0,5,0.7777777777777778,0.7777777777777778,accuracy,133,45,42,11
0,1,0,0,0,1,0,1,1,0,0,1,0,5,0.7555555555555555,0.7555555555555555,accuracy,133,45,42,12
0,1,0,0,0,1,0,1,1,0,0,0,1,5,0.8444444444444444,0.8444444444444444,accuracy,133,45,42,8
0,1,0,0,0,1,0,1,0,1,1,0,0,5,0.9111111111111112,0.9111111111111112,accuracy,133,45,42,5
0,1,0,0,0,1,0,1,0,1,0,1,0,5,0.8444444444444444,0.8444444444444444,accuracy,133,45,42,8
0,1,0,0,0,1,0,1,0,1,0,0,1,5,0.9333333333333332,0.9333333333333332,accuracy,133,45,42,4
0,1,0,0,0,1,0,1,0,0,1,1,0,5,0.7777777777777778,0.7777777777777778,accuracy,133,45,42,11
0,1,0,0,0,1,0,1,0,0,1,0,1,5,0.9111111111111112,0.9111111111111112,accuracy,133,45,42,5
0,1,0,0,0,1,0,1,0,0,0,1,1,5,0.9111111111111112,0.9111111111111112,accuracy,133,45,42,5
0,1,0,0,0,1,0,0,1,1,1,0,0,5,0.9111111111111112,0.9111111111111112,accuracy,133,45,42,5
0,1,0,0,0,1,0,0,1,1,0,1,0,5,0.8666666666666667,0.8666666666666667,accuracy,133,45,42,7
0,1,0,0,0,1,0,0,1,1,0,0,1,5,0.9555555555555556,0.9555555555555556,accuracy,133,45,42,3
0,1,0,0,0,1,0,0,1,0,1,1,0,5,0.8444444444444444,0.8444444444444444,accuracy,133,45,42,8
0,1,0,0,0,1,0,0,1,0,1,0,1,5,0.9333333333333332,0.9333333333333332,accuracy,133,45,42,4
0,1,0,0,0,1,0,0,1,0,0,1,1,5,0.9333333333333332,0.9333333333333332,accuracy,133,45,42,4
0,1,0,0,0,1,0,0,0,1,1,1,0,5,0.9111111111111112,0.9111111111111112,accuracy,133,45,42,5
0,1,0,0,0,1,0,0,0,1,1,0,1,5,0.9777777777777776,0.9777777777777776,accuracy,133,45,42,2
0,1,0,0,0,1,0,0,0,1,0,1,1,5,0.9777777777777776,0.9777777777777776,accuracy,133,45,42,2
0,1,0,0,0,1,0,0,0,0,1,1,1,5,0.9111111111111112,0.9111111111111112,accuracy,133,45,42,5
0,1,0,0,0,0,1,1,1,1,0,0,0,5,0.8888888888888888,0.8888888888888888,accuracy,133,45,42,6
0,1,0,0,0,0,1,1,1,0,1,0,0,5,0.9111111111111112,0.9111111111111112,accuracy,133,45,42,5
0,1,0,0,0,0,1,1,1,0,0,1,0,5,0.8222222222222222,0.8222222222222222,accuracy,133,45,42,9
0,1,0,0,0,0,1,1,1,0,0,0,1,5,0.9333333333333332,0.9333333333333332,accuracy,133,45,42,4
0,1,0,0,0,0,1,1,0,1,1,0,0,5,0.8888888888888888,0.8888888888888888,accuracy,133,45,42,6
0,1,0,0,0,0,1,1,0,1,0,1,0,5,0.8888888888888888,0.8888888888888888,accuracy,133,45,42,6
0,1,0,0,0,0,1,1,0,1,0,0,1,5,0.9777777777777776,0.9777777777777776,accuracy,133,45,42,2
0,1,0,0,0,0,1,1,0,0,1,1,0,5,0.8888888888888888,0.8888888888888888,accuracy,133,45,42,6
0,1,0,0,0,0,1,1,0,0,1,0,1,5,0.9777777777777776,0.9777777777777776,accuracy,133,45,42,2
0,1,0,0,0,0,1,1,0,0,0,1,1,5,0.9111111111111112,0.9111111111111112,accuracy,133,45,42,5
0,1,0,0,0,0,1,0,1,1,1,0,0,5,0.9111111111111112,0.9111111111111112,accuracy,133,45,42,5
0,1,0,0,0,0,1,0,1,1,0,1,0,5,0.8888888888888888,0.8888888888888888,accuracy,133,45,42,6
0,1,0,0,0,0,1,0,1,1,0,0,1,5,0.9777777777777776,0.9777777777777776,accuracy,133,45,42,2
0,1,0,0,0,0,1,0,1,0,1,1,0,5,0.8888888888888888,0.8888888888888888,accuracy,133,45,42,6
0,1,0,0,0,0,1,0,1,0,1,0,1,5,0.9777777777777776,0.9777777777777776,accuracy,133,45,42,2
0,1,0,0,0,0,1,0,1,0,0,1,1,5,0.9333333333333332,0.9333333333333332,accuracy,133,45,42,4
0,1,0,0,0,0,1,0,0,1,1,1,0,5,0.8888888888888888,0.8888888888888888,accuracy,133,45,42,6
0,1,0,0,0,0,1,0,0,1,1,0,1,5,1.0,1.0,accuracy,133,45,42,1
0,1,0,0,0,0,1,0,0,1,0,1,1,5,1.0,1.0,accuracy,133,45,42,1
0,1,0,0,0,0,1,0,0,0,1,1,1,5,0.9333333333333332,0.9333333333333332,accuracy,133,45,42,4
0,1,0,0,0,0,0,1,1,1,1,0,0,5,0.9111111111111112,0.9111111111111112,accuracy,133,45,42,5
0,1,0,0,0,0,0,1,1,1,0,1,0,5,0.8666666666666667,0.8666666666666667,accuracy,133,45,42,7
0,1,0,0,0,0,0,1,1,1,0,0,1,5,0.9333333333333332,0.9333333333333332,accuracy,133,45,42,4
0,1,0,0,0,0,0,1,1,0,1,1,0,5,0.8,0.8,accuracy,133,45,42,10
0,1,0,0,0,0,0,1,1,0,1,0,1,5,0.9111111111111112,0.9111111111111112,accuracy,133,45,42,5
0,1,0,0,0,0,0,1,1,0,0,1,1,5,0.9111111111111112,0.9111111111111112,accuracy,133,45,42,5
0,1,0,0,0,0,0,1,0,1,1,1,0,5,0.8666666666666667,0.8666666666666667,accuracy,133,45,42,7
0,1,0,0,0,0,0,1,0,1,1,0,1,5,0.9777777777777776,0.9777777777777776,accuracy,133,45,42,2
0,1,0,0,0,0,0,1,0,1,0,1,1,5,0.9777777777777776,0.9777777777777776,accuracy,133,45,42,2
0,1,0,0,0,0,0,1,0,0,1,1,1,5,0.9333333333333332,0.9333333333333332,accuracy,133,45,42,4
0,1,0,0,0,0,0,0,1,1,1,1,0,5,0.9111111111111112,0.9111111111111112,accuracy,133,45,42,5
0,1,0,0,0,0,0,0,1,1,1,0,1,5,1.0,1.0,accuracy,133,45,42,1
0,1,0,0,0,0,0,0,1,1,0,1,1,5,0.9777777777777776,0.9777777777777776,accuracy,133,45,42,2
0,1,0,0,0,0,0,0,1,0,1,1,1,5,0.9111111111111112,0.9111111111111112,accuracy,133,45,42,5
0,1,0,0,0,0,0,0,0,1,1,1,1,5,1.0,1.0,accuracy,133,45,42,1
0,0,1,1,1,1,1,0,0,0,0,0,0,5,0.9111111111111112,0.9111111111111112,accuracy,133,45,42,5
0,0,1,1,1,1,0,1,0,0,0,0,0,5,0.8666666666666667,0.8666666666666667,accuracy,133,45,42,7
0,0,1,1,1,1,0,0,1,0,0,0,0,5,0.7777777777777778,0.7777777777777778,accuracy,133,45,42,11
0,0,1,1,1,1,0,0,0,1,0,0,0,5,0.8888888888888888,0.8888888888888888,accuracy,133,45,42,6
0,0,1,1,1,1,0,0,0,0,1,0,0,5,0.7555555555555555,0.7555555555555555,accuracy,133,45,42,12
0,0,1,1,1,1,0,0,0,0,0,1,0,5,0.8222222222222222,0.8222222222222222,accuracy,133,45,42,9
0,0,1,1,1,1,0,0,0,0,0,0,1,5,0.8888888888888888,0.8888888888888888,accuracy,133,45,42,6
0,0,1,1,1,0,1,1,0,0,0,0,0,5,0.9111111111111112,0.9111111111111112,accuracy,133,45,42,5
0,0,1,1,1,0,1,0,1,0,0,0,0,5,0.9111111111111112,0.9111111111111112,accuracy,133,45,42,5
0,0,1,1,1,0,1,0,0,1,0,0,0,5,0.9555555555555556,0.9555555555555556,accuracy,133,45,42,3
0,0,1,1,1,0,1,0,0,0,1,0,0,5,0.9555555555555556,0.9555555555555556,accuracy,133,45,42,3
0,0,1,1,1,0,1,0,0,0,0,1,0,5,0.8888888888888888,0.8888888888888888,accuracy,133,45,42,6
0,0,1,1,1,0,1,0,0,0,0,0,1,5,0.9777777777777776,0.9777777777777776,accuracy,133,45,42,2
0,0,1,1,1,0,0,1,1,0,0,0,0,5,0.7777777777777778,0.7777777777777778,accuracy,133,45,42,11
0,0,1,1,1,0,0,1,0,1,0,0,0,5,0.8666666666666667,0.8666666666666667,accuracy,133,45,42,7
0,0,1,1,1,0,0,1,0,0,1,0,0,5,0.7777777777777778,0.7777777777777778,accuracy,133,45,42,11
0,0,1,1,1,0,0,1,0,0,0,1,0,5,0.8222222222222222,0.8222222222222222,accuracy,133,45,42,9
0,0,1,1,1,0,0,1,0,0,0,0,1,5,0.8666666666666667,0.8666666666666667,accuracy,133,45,42,7
0,0,1,1,1,0,0,0,1,1,0,0,0,5,0.8888888888888888,0.8888888888888888,accuracy,133,45,42,6
0,0,1,1,1,0,0,0,1,0,1,0,0,5,0.8,0.8,accuracy,133,45,42,10
0,0,1,1,1,0,0,0,1,0,0,1,0,5,0.8444444444444444,0.8444444444444444,accuracy,133,45,42,8
0,0,1,1,1,0,0,0,1,0,0,0,1,5,0.7777777777777778,0.7777777777777778,accuracy,133,45,42,11
0,0,1,1,1,0,0,0,0,1,1,0,0,5,0.9111111111111112,0.9111111111111112,accuracy,133,45,42,5
0,0,1,1,1,0,0,0,0,1,0,1,0,5,0.9333333333333332,0.9333333333333332,accuracy,133,45,42,4
0,0,1,1,1,0,0,0,0,1,0,0,1,5,0.9555555555555556,0.9555555555555556,accuracy,133,45,42,3
0,0,1,1,1,0,0,0,0,0,1,1,0,5,0.8666666666666667,0.8666666666666667,accuracy,133,45,42,7
0,0,1,1,1,0,0,0,0,0,1,0,1,5,0.8888888888888888,0.8888888888888888,accuracy,133,45,42,6
0,0,1,1,1,0,0,0,0,0,0,1,1,5,0.9333333333333332,0.9333333333333332,accuracy,133,45,42,4
0,0,1,1,0,1,1,1,0,0,0,0,0,5,0.8444444444444444,0.8444444444444444,accuracy,133,45,42,8
0,0,1,1,0,1,1,0,1,0,0,0,0,5,0.8666666666666667,0.8666666666666667,accuracy,133,45,42,7
0,0,1,1,0,1,1,0,0,1,0,0,0,5,0.9555555555555556,0.9555555555555556,accuracy,133,45,42,3
0,0,1,1,0,1,1,0,0,0,1,0,0,5,0.8666666666666667,0.8666666666666667,accuracy,133,45,42,7
0,0,1,1,0,1,1,0,0,0,0,1,0,5,0.8666666666666667,0.8666666666666667,accuracy,133,45,42,7
0,0,1,1,0,1,1,0,0,0,0,0,1,5,0.9777777777777776,0.9777777777777776,accuracy,133,45,42,2
0,0,1,1,0,1,0,1,1,0,0,0,0,5,0.7333333333333333,0.7333333333333333,accuracy,133,45,42,13
0,0,1,1,0,1,0,1,0,1,0,0,0,5,0.9111111111111112,0.9111111111111112,accuracy,133,45,42,5
0,0,1,1,0,1,0,1,0,0,1,0,0,5,0.8,0.8,accuracy,133,45,42,10
0,0,1,1,0,1,0,1,0,0,0,1,0,5,0.7777777777777778,0.7777777777777778,accuracy,133,45,42,11
0,0,1,1,0,1,0,1,0,0,0,0,1,5,0.8888888888888888,0.8888888888888888,accuracy,133,45,42,6
0,0,1,1,0,1,0,0,1,1,0,0,0,5,0.9111111111111112,0.9111111111111112,accuracy,133,45,42,5
0,0,1,1,0,1,0,0,1,0,1,0,0,5,0.8,0.8,accuracy,133,45,42,10
0,0,1,1,0,1,0,0,1,0,0,1,0,5,0.8,0.8,accuracy,133,45,42,10
0,0,1,1,0,1,0,0,1,0,0,0,1,5,0.9111111111111112,0.9111111111111112,accuracy,133,45,42,5
0,0,1,1,0,1,0,0,0,1,1,0,0,5,0.9111111111111112,0.9111111111111112,accuracy,133,45,42,5
0,0,1,1,0,1,0,0,0,1,0,1,0,5,0.9111111111111112,0.9111111111111112,accuracy,133,45,42,5
0,0,1,1,0,1,0,0,0,1,0,0,1,5,0.9555555555555556,0.9555555555555556,accuracy,133,45,42,3
0,0,1,1,0,1,0,0,0,0,1,1,0,5,0.8,0.8,accuracy,133,45,42,10
0,0,1,1,0,1,0,0,0,0,1,0,1,5,0.8888888888888888,0.8888888888888888,accuracy,133,45,42,6
0,0,1,1,0,1,0,0,0,0,0,1,1,5,0.9555555555555556,0.9555555555555556,accuracy,133,45,42,3
0,0,1,1,0,0,1,1,1,0,0,0,0,5,0.8444444444444444,0.8444444444444444,accuracy,133,45,42,8
0,0,1,1,0,0,1,1,0,1,0,0,0,5,0.9555555555555556,0.9555555555555556,accuracy,133,45,42,3
0,0,1,1,0,0,1,1,0,0,1,0,0,5,0.9111111111111112,0.9111111111111112,accuracy,133,45,42,5
0,0,1,1,0,0,1,1,0,0,0,1,0,5,0.8888888888888888,0.8888888888888888,accuracy,133,45,42,6
0,0,1,1,0,0,1,1,0,0,0,0,1,5,0.9777777777777776,0.9777777777777776,accuracy,133,45,42,2
0,0,1,1,0,0,1,0,1,1,0,0,0,5,0.9555555555555556,0.9555555555555556,accuracy,133,45,42,3
0,0,1,1,0,0,1,0,1,0,1,0,0,5,0.9111111111111112,0.9111111111111112,accuracy,133,45,42,5
0,0,1,1,0,0,1,0,1,0,0,1,0,5,0.8888888888888888,0.8888888888888888,accuracy,133,45,42,6
0,0,1,1,0,0,1,0,1,0,0,0,1,5,0.9777777777777776,0.9777777777777776,accuracy,133,45,42,2
0,0,1,1,0,0,1,0,0,1,1,0,0,5,0.9111111111111112,0.9111111111111112,accuracy,133,45,42,5
0,0,1,1,0,0,1,0,0,1,0,1,0,5,0.9333333333333332,0.9333333333333332,accuracy,133,45,42,4
0,0,1,1,0,0,1,0,0,1,0,0,1,5,1.0,1.0,accuracy,133,45,42,1
0,0,1,1,0,0,1,0,0,0,1,1,0,5,0.8666666666666667,0.8666666666666667,accuracy,133,45,42,7
0,0,1,1,0,0,1,0,0,0,1,0,1,5,0.9555555555555556,0.9555555555555556,accuracy,133,45,42,3
0,0,1,1,0,0,1,0,0,0,0,1,1,5,0.9555555555555556,0.9555555555555556,accuracy,133,45,42,3
0,0,1,1,0,0,0,1,1,1,0,0,0,5,0.8444444444444444,0.8444444444444444,accuracy,133,45,42,8
0,0,1,1,0,0,0,1,1,0,1,0,0,5,0.7777777777777778,0.7777777777777778,accuracy,133,45,42,11
0,0,1,1,0,0,0,1,1,0,0,1,0,5,0.8444444444444444,0.8444444444444444,accuracy,133,45,42,8
0,0,1,1,0,0,0,1,1,0,0,0,1,5,0.9111111111111112,0.9111111111111112,accuracy,133,45,42,5
0,0,1,1,0,0,0,1,0,1,1,0,0,5,0.8444444444444444,0.8444444444444444,accuracy,133,45,42,8
0,0,1,1,0,0,0,1,0,1,0,1,0,5,0.9111111111111112,0.9111111111111112,accuracy,133,45,42,5
0,0,1,1,0,0,0,1,0,1,0,0,1,5,0.9555555555555556,0.9555555555555556,accuracy,133,45,42,3
0,0,1,1,0,0,0,1,0,0,1,1,0,5,0.8666666666666667,0.8666666666666667,accuracy,133,45,42,7
0,0,1,1,0,0,0,1,0,0,1,0,1,5,0.9111111111111112,0.9111111111111112,accuracy,133,45,42,5
0,0,1,1,0,0,0,1,0,0,0,1,1,5,0.9333333333333332,0.9333333333333332,accuracy,133,45,42,4
0,0,1,1,0,0,0,0,1,1,1,0,0,5,0.9333333333333332,0.9333333333333332,accuracy,133,45,42,4
0,0,1,1,0,0,0,0,1,1,0,1,0,5,0.9333333333333332,0.9333333333333332,accuracy,133,45,42,4
0,0,1,1,0,0,0,0,1,1,0,0,1,5,0.9777777777777776,0.9777777777777776,accuracy,133,45,42,2
0,0,1,1,0,0,0,0,1,0,1,1,0,5,0.8222222222222222,0.8222222222222222,accuracy,133,45,42,9
0,0,1,1,0,0,0,0,1,0,1,0,1,5,0.8888888888888888,0.8888888888888888,accuracy,133,45,42,6
0,0,1,1,0,0,0,0,1,0,0,1,1,5,0.9111111111111112,0.9111111111111112,accuracy,133,45,42,5
0,0,1,1,0,0,0,0,0,1,1,1,0,5,0.9333333333333332,0.9333333333333332,accuracy,133,45,42,4
0,0,1,1,0,0,0,0,0,1,1,0,1,5,0.9555555555555556,0.9555555555555556,accuracy,133,45,42,3
0,0,1,1,0,0,0,0,0,1,0,1,1,5,1.0,1.0,accuracy,133,45,42,1
0,0,1,1,0,0,0,0,0,0,1,1,1,5,0.9555555555555556,0.9555555555555556,accuracy,133,45,42,3
0,0,1,0,1,1,1,1,0,0,0,0,0,5,0.9555555555555556,0.9555555555555556,accuracy,133,45,42,3
0,0,1,0,1,1,1,0,1,0,0,0,0,5,0.9333333333333332,0.9333333333333332,accuracy,133,45,42,4
0,0,1,0,1,1,1,0,0,1,0,0,0,5,0.9333333333333332,0.9333333333333332,accuracy,133,45,42,4
0,0,1,0,1,1,1,0,0,0,1,0,0,5,0.9555555555555556,0.9555555555555556,accuracy,133,45,42,3
0,0,1,0,1,1,1,0,0,0,0,1,0,5,0.9555555555555556,0.9555555555555556,accuracy,133,45,42,3
0,0,1,0,1,1,1,0,0,0,0,0,1,5,1.0,1.0,accuracy,133,45,42,1
0,0,1,0,1,1,0,1,1,0,0,0,0,5,0.7333333333333333,0.7333333333333333,accuracy,133,45,42,13
0,0,1,0,1,1,0,1,0,1,0,0,0,5,0.8666666666666667,0.8666666666666667,accuracy,133,45,42,7
0,0,1,0,1,1,0,1,0,0,1,0,0,5,0.8222222222222222,0.8222222222222222,accuracy,133,45,42,9
0,0,1,0,1,1,0,1,0,0,0,1,0,5,0.8222222222222222,0.8222222222222222,accuracy,133,45,42,9
0,0,1,0,1,1,0,1,0,0,0,0,1,5,0.8666666666666667,0.8666666666666667,accuracy,133,45,42,7
0,0,1,0,1,1,0,0,1,1,0,0,0,5,0.8888888888888888,0.8888888888888888,accuracy,133,45,42,6
0,0,1,0,1,1,0,0,1,0,1,0,0,5,0.7555555555555555,0.7555555555555555,accuracy,133,45,42,12
0,0,1,0,1,1,0,0,1,0,0,1,0,5,0.8444444444444444,0.8444444444444444,accuracy,133,45,42,8
0,0,1,0,1,1,0,0,1,0,0,0,1,5,0.8444444444444444,0.8444444444444444,accuracy,133,45,42,8
0,0,1,0,1,1,0,0,0,1,1,0,0,5,0.8888888888888888,0.8888888888888888,accuracy,133,45,42,6
0,0,1,0,1,1,0,0,0,1,0,1,0,5,0.9111111111111112,0.9111111111111112,accuracy,133,45,42,5
0,0,1,0,1,1,0,0,0,1,0,0,1,5,0.9333333333333332,0.9333333333333332,accuracy,133,45,42,4
0,0,1,0,1,1,0,0,0,0,1,1,0,5,0.8222222222222222,0.8222222222222222,accuracy,133,45,42,9
0,0,1,0,1,1,0,0,0,0,1,0,1,5,0.8888888888888888,0.8888888888888888,accuracy,133,45,42,6
0,0,1,0,1,1,0,0,0,0,0,1,1,5,0.9333333333333332,0.9333333333333332,accuracy,133,45,42,4
0,0,1,0,1,0,1,1,1,0,0,0,0,5,0.9333333333333332,0.9333333333333332,accuracy,133,45,42,4
0,0,1,0,1,0,1,1,0,1,0,0,0,5,0.9555555555555556,0.9555555555555556,accuracy,133,45,42,3
0,0,1,0,1,0,1,1,0,0,1,0,0,5,0.9777777777777776,0.9777777777777776,accuracy,133,45,42,2
0,0,1,0,1,0,1,1,0,0,0,1,0,5,0.9111111111111112,0.9111111111111112,accuracy,133,45,42,5
0,0,1,0,1,0,1,1,0,0,0,0,1,5,0.9555555555555556,0.9555555555555556,accuracy,133,45,42,3
0,0,1,0,1,0,1,0,1,1,0,0,0,5,0.9555555555555556,0.9555555555555556,accuracy,133,45,42,3
0,0,1,0,1,0,1,0,1,0,1,0,0,5,0.9333333333333332,0.9333333333333332,accuracy,133,45,42,4
0,0,1,0,1,0,1,0,1,0,0,1,0,5,0.9333333333333332,0.9333333333333332,accuracy,133,45,42,4
0,0,1,0,1,0,1,0,1,0,0,0,1,5,0.9555555555555556,0.9555555555555556,accuracy,133,45,42,3
0,0,1,0,1,0,1,0,0,1,1,0,0,5,0.9111111111111112,0.9111111111111112,accuracy,133,45,42,5
0,0,1,0,1,0,1,0,0,1,0,1,0,5,0.9555555555555556,0.9555555555555556,accuracy,133,45,42,3
0,0,1,0,1,0,1,0,0,1,0,0,1,5,0.9777777777777776,0.9777777777777776,accuracy,133,45,42,2
0,0,1,0,1,0,1,0,0,0,1,1,0,5,0.9333333333333332,0.9333333333333332,accuracy,133,45,42,4
0,0,1,0,1,0,1,0,0,0,1,0,1,5,0.9555555555555556,0.9555555555555556,accuracy,133,45,42,3
0,0,1,0,1,0,1,0,0,0,0,1,1,5,0.9777777777777776,0.9777777777777776,accuracy,133,45,42,2
0,0,1,0,1,0,0,1,1,1,0,0,0,5,0.9111111111111112,0.9111111111111112,accuracy,133,45,42,5
0,0,1,0,1,0,0,1,1,0,1,0,0,5,0.7777777777777778,0.7777777777777778,accuracy,133,45,42,11
0,0,1,0,1,0,0,1,1,0,0,1,0,5,0.8222222222222222,0.8222222222222222,accuracy,133,45,42,9
0,0,1,0,1,0,0,1,1,0,0,0,1,5,0.8666666666666667,0.8666666666666667,accuracy,133,45,42,7
0,0,1,0,1,0,0,1,0,1,1,0,0,5,0.8666666666666667,0.8666666666666667,accuracy,133,45,42,7
0,0,1,0,1,0,0,1,0,1,0,1,0,5,0.9555555555555556,0.9555555555555556,accuracy,133,45,42,3
0,0,1,0,1,0,0,1,0,1,0,0,1,5,0.9555555555555556,0.9555555555555556,accuracy,133,45,42,3
0,0,1,0,1,0,0,1,0,0,1,1,0,5,0.8888888888888888,0.8888888888888888,accuracy,133,45,42,6
0,0,1,0,1,0,0,1,0,0,1,0,1,5,0.9111111111111112,0.9111111111111112,accuracy,133,45,42,5
0,0,1,0,1,0,0,1,0,0,0,1,1,5,0.9333333333333332,0.9333333333333332,accuracy,133,45,42,4
0,0,1,0,1,0,0,0,1,1,1,0,0,5,0.9111111111111112,0.9111111111111112,accuracy,133,45,42,5
0,0,1,0,1,0,0,0,1,1,0,1,0,5,0.9555555555555556,0.9555555555555556,accuracy,133,45,42,3
0,0,1,0,1,0,0,0,1,1,0,0,1,5,0.9777777777777776,0.9777777777777776,accuracy,133,45,42,2
0,0,1,0,1,0,0,0,1,0,1,1,0,5,0.8666666666666667,0.8666666666666667,accuracy,133,45,42,7
0,0,1,0,1,0,0,0,1,0,1,0,1,5,0.9111111111111112,0.9111111111111112,accuracy,133,45,42,5
0,0,1,0,1,0,0,0,1,0,0,1,1,5,0.9333333333333332,0.9333333333333332,accuracy,133,45,42,4
0,0,1,0,1,0,0,0,0,1,1,1,0,5,0.9555555555555556,0.9555555555555556,accuracy,133,45,42,3
0,0,1,0,1,0,0,0,0,1,1,0,1,5,0.9333333333333332,0.9333333333333332,accuracy,133,45,42,4
0,0,1,0,1,0,0,0,0,1,0,1,1,5,0.9777777777777776,0.9777777777777776,accuracy,133,45,42,2
0,0,1,0,1,0,0,0,0,0,1,1,1,5,0.9777777777777776,0.9777777777777776,accuracy,133,45,42,2
0,0,1,0,0,1,1,1,1,0,0,0,0,5,0.8666666666666667,0.8666666666666667,accuracy,133,45,42,7
0,0,1,0,0,1,1,1,0,1,0,0,0,5,0.9333333333333332,0.9333333333333332,accuracy,133,45,42,4
0,0,1,0,0,1,1,1,0,0,1,0,0,5,0.8888888888888888,0.8888888888888888,accuracy,133,45,42,6
0,0,1,0,0,1,1,1,0,0,0,1,0,5,0.8444444444444444,0.8444444444444444,accuracy,133,45,42,8
0,0,1,0,0,1,1,1,0,0,0,0,1,5,0.9555555555555556,0.9555555555555556,accuracy,133,45,42,3
0,0,1,0,0,1,1,0,1,1,0,0,0,5,0.9333333333333332,0.9333333333333332,accuracy,133,45,42,4
0,0,1,0,0,1,1,0,1,0,1,0,0,5,0.8888888888888888,0.8888888888888888,accuracy,133,45,42,6
0,0,1,0,0,1,1,0,1,0,0,1,0,5,0.8888888888888888,0.8888888888888888,accuracy,133,45,42,6
0,0,1,0,0,1,1,0,1,0,0,0,1,5,1.0,1.0,accuracy,133,45,42,1
0,0,1,0,0,1,1,0,0,1,1,0,0,5,0.9111111111111112,0.9111111111111112,accuracy,133,45,42,5
0,0,1,0,0,1,1,0,0,1,0,1,0,5,0.9333333333333332,0.9333333333333332,accuracy,133,45,42,4
0,0,1,0,0,1,1,0,0,1,0,0,1,5,1.0,1.0,accuracy,133,45,42,1
0,0,1,0,0,1,1,0,0,0,1,1,0,5,0.8888888888888888,0.8888888888888888,accuracy,133,45,42,6
0,0,1,0,0,1,1,0,0,0,1,0,1,5,0.9555555555555556,0.9555555555555556,accuracy,133,45,42,3
0,0,1,0,0,1,1,0,0,0,0,1,1,5,0.9777777777777776,0.9777777777777776,accuracy,133,45,42,2
0,0,1,0,0,1,0,1,1,1,0,0,0,5,0.9111111111111112,0.9111111111111112,accuracy,133,45,42,5
0,0,1,0,0,1,0,1,1,0,1,0,0,5,0.7777777777777778,0.7777777777777778,accuracy,133,45,42,11
0,0,1,0,0,1,0,1,1,0,0,1,0,5,0.7555555555555555,0.7555555555555555,accuracy,133,45,42,12
0,0,1,0,0,1,0,1,1,0,0,0,1,5,0.8666666666666667,0.8666666666666667,accuracy,133,45,42,7
0,0,1,0,0,1,0,1,0,1,1,0,0,5,0.8888888888888888,0.8888888888888888,accuracy,133,45,42,6
0,0,1,0,0,1,0,1,0,1,0,1,0,5,0.9111111111111112,0.9111111111111112,accuracy,133,45,42,5
0,0,1,0,0,1,0,1,0,1,0,0,1,5,0.9555555555555556,0.9555555555555556,accuracy,133,45,42,3
0,0,1,0,0,1,0,1,0,0,1,1,0,5,0.8,0.8,accuracy,133,45,42,10
0,0,1,0,0,1,0,1,0,0,1,0,1,5,0.9111111111111112,0.9111111111111112,accuracy,133,45,42,5
0,0,1,0,0,1,0,1,0,0,0,1,1,5,0.9333333333333332,0.9333333333333332,accuracy,133,45,42,4
0,0,1,0,0,1,0,0,1,1,1,0,0,5,0.8888888888888888,0.8888888888888888,accuracy,133,45,42,6
0,0,1,0,0,1,0,0,1,1,0,1,0,5,0.9333333333333332,0.9333333333333332,accuracy,133,45,42,4
0,0,1,0,0,1,0,0,1,1,0,0,1,5,1.0,1.0,accuracy,133,45,42,1
0,0,1,0,0,1,0,0,1,0,1,1,0,5,0.8,0.8,accuracy,133,45,42,10
0,0,1,0,0,1,0,0,1,0,1,0,1,5,0.8888888888888888,0.8888888888888888,accuracy,133,45,42,6
0,0,1,0,0,1,0,0,1,0,0,1,1,5,0.9333333333333332,0.9333333333333332,accuracy,133,45,42,4
0,0,1,0,0,1,0,0,0,1,1,1,0,5,0.9111111111111112,0.9111111111111112,accuracy,133,45,42,5
0,0,1,0,0,1,0,0,0,1,1,0,1,5,0.9777777777777776,0.9777777777777776,accuracy,133,45,42,2
0,0,1,0,0,1,0,0,0,1,0,1,1,5,0.9555555555555556,0.9555555555555556,accuracy,133,45,42,3
0,0,1,0,0,1,0,0,0,0,1,1,1,5,0.9555555555555556,0.9555555555555556,accuracy,133,45,42,3
0,0,1,0,0,0,1,1,1,1,0,0,0,5,0.9111111111111112,0.9111111111111112,accuracy,133,45,42,5
0,0,1,0,0,0,1,1,1,0,1,0,0,5,0.8888888888888888,0.8888888888888888,accuracy,133,45,42,6
0,0,1,0,0,0,1,1,1,0,0,1,0,5,0.8666666666666667,0.8666666666666667,accuracy,133,45,42,7
0,0,1,0,0,0,1,1,1,0,0,0,1,5,0.9333333333333332,0.9333333333333332,accuracy,133,45,42,4
0,0,1,0,0,0,1,1,0,1,1,0,0,5,0.9111111111111112,0.9111111111111112,accuracy,133,45,42,5
0,0,1,0,0,0,1,1,0,1,0,1,0,5,0.9333333333333332,0.9333333333333332,accuracy,133,45,42,4
0,0,1,0,0,0,1,1,0,1,0,0,1,5,1.0,1.0,accuracy,133,45,42,1
0,0,1,0,0,0,1,1,0,0,1,1,0,5,0.9111111111111112,0.9111111111111112,accuracy,133,45,42,5
0,0,1,0,0,0,1,1,0,0,1,0,1,5,0.9555555555555556,0.9555555555555556,accuracy,133,45,42,3
0,0,1,0,0,0,1,1,0,0,0,1,1,5,0.9555555555555556,0.9555555555555556,accuracy,133,45,42,3
0,0,1,0,0,0,1,0,1,1,1,0,0,5,0.9111111111111112,0.9111111111111112,accuracy,133,45,42,5
0,0,1,0,0,0,1,0,1,1,0,1,0,5,0.9333333333333332,0.9333333333333332,accuracy,133,45,42,4
0,0,1,0,0,0,1,0,1,1,0,0,1,5,1.0,1.0,accuracy,133,45,42,1
0,0,1,0,0,0,1,0,1,0,1,1,0,5,0.8888888888888888,0.8888888888888888,accuracy,133,45,42,6
0,0,1,0,0,0,1,0,1,0,1,0,1,5,0.9555555555555556,0.9555555555555556,accuracy,133,45,42,3
0,0,1,0,0,0,1,0,1,0,0,1,1,5,0.9777777777777776,0.9777777777777776,accuracy,133,45,42,2
0,0,1,0,0,0,1,0,0,1,1,1,0,5,0.9111111111111112,0.9111111111111112,accuracy,133,45,42,5
0,0,1,0,0,0,1,0,0,1,1,0,1,5,1.0,1.0,accuracy,133,45,42,1
0,0,1,0,0,0,1,0,0,1,0,1,1,5,1.0,1.0,accuracy,133,45,42,1
0,0,1,0,0,0,1,0,0,0,1,1,1,5,0.9333333333333332,0.9333333333333332,accuracy,133,45,42,4
0,0,1,0,0,0,0,1,1,1,1,0,0,5,0.9111111111111112,0.9111111111111112,accuracy,133,45,42,5
0,0,1,0,0,0,0,1,1,1,0,1,0,5,0.9111111111111112,0.9111111111111112,accuracy,133,45,42,5
0,0,1,0,0,0,0,1,1,1,0,0,1,5,1.0,1.0,accuracy,133,45,42,1
0,0,1,0,0,0,0,1,1,0,1,1,0,5,0.8222222222222222,0.8222222222222222,accuracy,133,45,42,9
0,0,1,0,0,0,0,1,1,0,1,0,1,5,0.9111111111111112,0.9111111111111112,accuracy,133,45,42,5
0,0,1,0,0,0,0,1,1,0,0,1,1,5,0.9333333333333332,0.9333333333333332,accuracy,133,45,42,4
0,0,1,0,0,0,0,1,0,1,1,1,0,5,0.9111111111111112,0.9111111111111112,accuracy,133,45,42,5
0,0,1,0,0,0,0,1,0,1,1,0,1,5,0.9777777777777776,0.9777777777777776,accuracy,133,45,42,2
0,0,1,0,0,0,0,1,0,1,0,1,1,5,0.9777777777777776,0.9777777777777776,accuracy,133,45,42,2
0,0,1,0,0,0,0,1,0,0,1,1,1,5,0.9777777777777776,0.9777777777777776,accuracy,133,45,42,2
0,0,1,0,0,0,0,0,1,1,1,1,0,5,0.9111111111111112,0.9111111111111112,accuracy,133,45,42,5
0,0,1,0,0,0,0,0,1,1,1,0,1,5,1.0,1.0,accuracy,133,45,42,1
0,0,1,0,0,0,0,0,1,1,0,1,1,5,1.0,1.0,accuracy,133,45,42,1
0,0,1,0,0,0,0,0,1,0,1,1,1,5,0.9555555555555556,0.9555555555555556,accuracy,133,45,42,3
0,0,1,0,0,0,0,0,0,1,1,1,1,5,1.0,1.0,accuracy,133,45,42,1
0,0,0,1,1,1,1,1,0,0,0,0,0,5,0.8888888888888888,0.8888888888888888,accuracy,133,45,42,6
0,0,0,1,1,1,1,0,1,0,0,0,0,5,0.9111111111111112,0.9111111111111112,accuracy,133,45,42,5
0,0,0,1,1,1,1,0,0,1,0,0,0,5,0.9555555555555556,0.9555555555555556,accuracy,133,45,42,3
0,0,0,1,1,1,1,0,0,0,1,0,0,5,0.9333333333333332,0.9333333333333332,accuracy,133,45,42,4
0,0,0,1,1,1,1,0,0,0,0,1,0,5,0.9333333333333332,0.9333333333333332,accuracy,133,45,42,4
0,0,0,1,1,1,1,0,0,0,0,0,1,5,0.9555555555555556,0.9555555555555556,accuracy,133,45,42,3
0,0,0,1,1,1,0,1,1,0,0,0,0,5,0.8222222222222222,0.8222222222222222,accuracy,133,45,42,9
0,0,0,1,1,1,0,1,0,1,0,0,0,5,0.8888888888888888,0.8888888888888888,accuracy,133,45,42,6
0,0,0,1,1,1,0,1,0,0,1,0,0,5,0.8,0.8,accuracy,133,45,42,10
0,0,0,1,1,1,0,1,0,0,0,1,0,5,0.8666666666666667,0.8666666666666667,accuracy,133,45,42,7
0,0,0,1,1,1,0,1,0,0,0,0,1,5,0.9111111111111112,0.9111111111111112,accuracy,133,45,42,5
0,0,0,1,1,1,0,0,1,1,0,0,0,5,0.9333333333333332,0.9333333333333332,accuracy,133,45,42,4
0,0,0,1,1,1,0,0,1,0,1,0,0,5,0.8222222222222222,0.8222222222222222,accuracy,133,45,42,9
0,0,0,1,1,1,0,0,1,0,0,1,0,5,0.8666666666666667,0.8666666666666667,accuracy,133,45,42,7
0,0,0,1,1,1,0,0,1,0,0,0,1,5,0.9111111111111112,0.9111111111111112,accuracy,133,45,42,5
0,0,0,1,1,1,0,0,0,1,1,0,0,5,0.8888888888888888,0.8888888888888888,accuracy,133,45,42,6
0,0,0,1,1,1,0,0,0,1,0,1,0,5,0.9111111111111112,0.9111111111111112,accuracy,133,45,42,5
0,0,0,1,1,1,0,0,0,1,0,0,1,5,0.9333333333333332,0.9333333333333332,accuracy,133,45,42,4
0,0,0,1,1,1,0,0,0,0,1,1,0,5,0.8666666666666667,0.8666666666666667,accuracy,133,45,42,7
0,0,0,1,1,1,0,0,0,0,1,0,1,5,0.9111111111111112,0.9111111111111112,accuracy,133,45,42,5
0,0,0,1,1,1,0,0,0,0,0,1,1,5,0.9777777777777776,0.9777777777777776,accuracy,133,45,42,2
0,0,0,1,1,0,1,1,1,0,0,0,0,5,0.9111111111111112,0.9111111111111112,accuracy,133,45,42,5
0,0,0,1,1,0,1,1,0,1,0,0,0,5,0.9555555555555556,0.9555555555555556,accuracy,133,45,42,3
0,0,0,1,1,0,1,1,0,0,1,0,0,5,0.9333333333333332,0.9333333333333332,accuracy,133,45,42,4
0,0,0,1,1,0,1,1,0,0,0,1,0,5,0.9111111111111112,0.9111111111111112,accuracy,133,45,42,5
0,0,0,1,1,0,1,1,0,0,0,0,1,5,0.9777777777777776,0.9777777777777776,accuracy,133,45,42,2
0,0,0,1,1,0,1,0,1,1,0,0,0,5,0.9555555555555556,0.9555555555555556,accuracy,133,45,42,3
0,0,0,1,1,0,1,0,1,0,1,0,0,5,0.9333333333333332,0.9333333333333332,accuracy,133,45,42,4
0,0,0,1,1,0,1,0,1,0,0,1,0,5,0.9555555555555556,0.9555555555555556,accuracy,133,45,42,3
0,0,0,1,1,0,1,0,1,0,0,0,1,5,0.9555555555555556,0.9555555555555556,accuracy,133,45,42,3
0,0,0,1,1,0,1,0,0,1,1,0,0,5,0.9333333333333332,0.9333333333333332,accuracy,133,45,42,4
0,0,0,1,1,0,1,0,0,1,0,1,0,5,0.9333333333333332,0.9333333333333332,accuracy,133,45,42,4
0,0,0,1,1,0,1,0,0,1,0,0,1,5,1.0,1.0,accuracy,133,45,42,1
0,0,0,1,1,0,1,0,0,0,1,1,0,5,0.9333333333333332,0.9333333333333332,accuracy,133,45,42,4
0,0,0,1,1,0,1,0,0,0,1,0,1,5,0.9555555555555556,0.9555555555555556,accuracy,133,45,42,3
0,0,0,1,1,0,1,0,0,0,0,1,1,5,1.0,1.0,accuracy,133,45,42,1
0,0,0,1,1,0,0,1,1,1,0,0,0,5,0.8888888888888888,0.8888888888888888,accuracy,133,45,42,6
0,0,0,1,1,0,0,1,1,0,1,0,0,5,0.8,0.8,accuracy,133,45,42,10
0,0,0,1,1,0,0,1,1,0,0,1,0,5,0.8444444444444444,0.8444444444444444,accuracy,133,45,42,8
0,0,0,1,1,0,0,1,1,0,0,0,1,5,0.8444444444444444,0.8444444444444444,accuracy,133,45,42,8
0,0,0,1,1,0,0,1,0,1,1,0,0,5,0.8666666666666667,0.8666666666666667,accuracy,133,45,42,7
0,0,0,1,1,0,0,1,0,1,0,1,0,5,0.8888888888888888,0.8888888888888888,accuracy,133,45,42,6
0,0,0,1,1,0,0,1,0,1,0,0,1,5,0.9555555555555556,0.9555555555555556,accuracy,133,45,42,3
0,0,0,1,1,0,0,1,0,0,1,1,0,5,0.8444444444444444,0.8444444444444444,accuracy,133,45,42,8
0,0,0,1,1,0,0,1,0,0,1,0,1,5,0.9555555555555556,0.9555555555555556,accuracy,133,45,42,3
0,0,0,1,1,0,0,1,0,0,0,1,1,5,0.9555555555555556,0.9555555555555556,accuracy,133,45,42,3
0,0,0,1,1,0,0,0,1,1,1,0,0,5,0.9333333333333332,0.9333333333333332,accuracy,133,45,42,4
0,0,0,1,1,0,0,0,1,1,0,1,0,5,0.9333333333333332,0.9333333333333332,accuracy,133,45,42,4
0,0,0,1,1,0,0,0,1,1,0,0,1,5,0.9333333333333332,0.9333333333333332,accuracy,133,45,42,4
0,0,0,1,1,0,0,0,1,0,1,1,0,5,0.8222222222222222,0.8222222222222222,accuracy,133,45,42,9
0,0,0,1,1,0,0,0,1,0,1,0,1,5,0.9333333333333332,0.9333333333333332,accuracy,133,45,42,4
0,0,0,1,1,0,0,0,1,0,0,1,1,5,0.9555555555555556,0.9555555555555556,accuracy,133,45,42,3
0,0,0,1,1,0,0,0,0,1,1,1,0,5,0.9333333333333332,0.9333333333333332,accuracy,133,45,42,4
0,0,0,1,1,0,0,0,0,1,1,0,1,5,0.9555555555555556,0.9555555555555556,accuracy,133,45,42,3
0,0,0,1,1,0,0,0,0,1,0,1,1,5,1.0,1.0,accuracy,133,45,42,1
0,0,0,1,1,0,0,0,0,0,1,1,1,5,0.9777777777777776,0.9777777777777776,accuracy,133,45,42,2
0,0,0,1,0,1,1,1,1,0,0,0,0,5,0.8222222222222222,0.8222222222222222,accuracy,133,45,42,9
0,0,0,1,0,1,1,1,0,1,0,0,0,5,0.9111111111111112,0.9111111111111112,accuracy,133,45,42,5
0,0,0,1,0,1,1,1,0,0,1,0,0,5,0.8444444444444444,0.8444444444444444,accuracy,133,45,42,8
0,0,0,1,0,1,1,1,0,0,0,1,0,5,0.8444444444444444,0.8444444444444444,accuracy,133,45,42,8
0,0,0,1,0,1,1,1,0,0,0,0,1,5,0.9777777777777776,0.9777777777777776,accuracy,133,45,42,2
0,0,0,1,0,1,1,0,1,1,0,0,0,5,0.9111111111111112,0.9111111111111112,accuracy,133,45,42,5
0,0,0,1,0,1,1,0,1,0,1,0,0,5,0.9111111111111112,0.9111111111111112,accuracy,133,45,42,5
0,0,0,1,0,1,1,0,1,0,0,1,0,5,0.8666666666666667,0.8666666666666667,accuracy,133,45,42,7
0,0,0,1,0,1,1,0,1,0,0,0,1,5,0.9777777777777776,0.9777777777777776,accuracy,133,45,42,2
0,0,0,1,0,1,1,0,0,1,1,0,0,5,0.9111111111111112,0.9111111111111112,accuracy,133,45,42,5
0,0,0,1,0,1,1,0,0,1,0,1,0,5,0.9555555555555556,0.9555555555555556,accuracy,133,45,42,3
0,0,0,1,0,1,1,0,0,1,0,0,1,5,1.0,1.0,accuracy,133,45,42,1
0,0,0,1,0,1,1,0,0,0,1,1,0,5,0.8888888888888888,0.8888888888888888,accuracy,133,45,42,6
0,0,0,1,0,1,1,0,0,0,1,0,1,5,0.9555555555555556,0.9555555555555556,accuracy,133,45,42,3
0,0,0,1,0,1,1,0,0,0,0,1,1,5,1.0,1.0,accuracy,133,45,42,1
0,0,0,1,0,1,0,1,1,1,0,0,0,5,0.8666666666666667,0.8666666666666667,accuracy,133,45,42,7
0,0,0,1,0,1,0,1,1,0,1,0,0,5,0.7777777777777778,0.7777777777777778,accuracy,133,45,42,11
0,0,0,1,0,1,0,1,1,0,0,1,0,5,0.8,0.8,accuracy,133,45,42,10
0,0,0,1,0,1,0,1,1,0,0,0,1,5,0.9111111111111112,0.9111111111111112,accuracy,133,45,42,5
0,0,0,1,0,1,0,1,0,1,1,0,0,5,0.8888888888888888,0.8888888888888888,accuracy,133,45,42,6
0,0,0,1,0,1,0,1,0,1,0,1,0,5,0.8888888888888888,0.8888888888888888,accuracy,133,45,42,6
0,0,0,1,0,1,0,1,0,1,0,0,1,5,0.9555555555555556,0.9555555555555556,accuracy,133,45,42,3
0,0,0,1,0,1,0,1,0,0,1,1,0,5,0.8222222222222222,0.8222222222222222,accuracy,133,45,42,9
0,0,0,1,0,1,0,1,0,0,1,0,1,5,0.9111111111111112,0.9111111111111112,accuracy,133,45,42,5
0,0,0,1,0,1,0,1,0,0,0,1,1,5,0.9777777777777776,0.9777777777777776,accuracy,133,45,42,2
0,0,0,1,0,1,0,0,1,1,1,0,0,5,0.8888888888888888,0.8888888888888888,accuracy,133,45,42,6
0,0,0,1,0,1,0,0,1,1,0,1,0,5,0.9333333333333332,0.9333333333333332,accuracy,133,45,42,4
0,0,0,1,0,1,0,0,1,1,0,0,1,5,0.9777777777777776,0.9777777777777776,accuracy,133,45,42,2
0,0,0,1,0,1,0,0,1,0,1,1,0,5,0.8222222222222222,0.8222222222222222,accuracy,133,45,42,9
0,0,0,1,0,1,0,0,1,0,1,0,1,5,0.9333333333333332,0.9333333333333332,accuracy,133,45,42,4
0,0,0,1,0,1,0,0,1,0,0,1,1,5,0.9555555555555556,0.9555555555555556,accuracy,133,45,42,3
0,0,0,1,0,1,0,0,0,1,1,1,0,5,0.8888888888888888,0.8888888888888888,accuracy,133,45,42,6
0,0,0,1,0,1,0,0,0,1,1,0,1,5,0.9777777777777776,0.9777777777777776,accuracy,133,45,42,2
0,0,0,1,0,1,0,0,0,1,0,1,1,5,1.0,1.0,accuracy,133,45,42,1
0,0,0,1,0,1,0,0,0,0,1,1,1,5,0.9555555555555556,0.9555555555555556,accuracy,133,45,42,3
0,0,0,1,0,0,1,1,1,1,0,0,0,5,0.9111111111111112,0.9111111111111112,accuracy,133,45,42,5
0,0,0,1,0,0,1,1,1,0,1,0,0,5,0.9111111111111112,0.9111111111111112,accuracy,133,45,42,5
0,0,0,1,0,0,1,1,1,0,0,1,0,5,0.8444444444444444,0.8444444444444444,accuracy,133,45,42,8
0,0,0,1,0,0,1,1,1,0,0,0,1,5,0.9777777777777776,0.9777777777777776,accuracy,133,45,42,2
0,0,0,1,0,0,1,1,0,1,1,0,0,5,0.9111111111111112,0.9111111111111112,accuracy,133,45,42,5
0,0,0,1,0,0,1,1,0,1,0,1,0,5,0.9333333333333332,0.9333333333333332,accuracy,133,45,42,4
0,0,0,1,0,0,1,1,0,1,0,0,1,5,1.0,1.0,accuracy,133,45,42,1
0,0,0,1,0,0,1,1,0,0,1,1,0,5,0.8888888888888888,0.8888888888888888,accuracy,133,45,42,6
0,0,0,1,0,0,1,1,0,0,1,0,1,5,0.9555555555555556,0.9555555555555556,accuracy,133,45,42,3
0,0,0,1,0,0,1,1,0,0,0,1,1,5,1.0,1.0,accuracy,133,45,42,1
0,0,0,1,0,0,1,0,1,1,1,0,0,5,0.9111111111111112,0.9111111111111112,accuracy,133,45,42,5
0,0,0,1,0,0,1,0,1,1,0,1,0,5,0.9333333333333332,0.9333333333333332,accuracy,133,45,42,4
0,0,0,1,0,0,1,0,1,1,0,0,1,5,1.0,1.0,accuracy,133,45,42,1
0,0,0,1,0,0,1,0,1,0,1,1,0,5,0.9111111111111112,0.9111111111111112,accuracy,133,45,42,5
0,0,0,1,0,0,1,0,1,0,1,0,1,5,0.9555555555555556,0.9555555555555556,accuracy,133,45,42,3
0,0,0,1,0,0,1,0,1,0,0,1,1,5,1.0,1.0,accuracy,133,45,42,1
0,0,0,1,0,0,1,0,0,1,1,1,0,5,0.8888888888888888,0.8888888888888888,accuracy,133,45,42,6
0,0,0,1,0,0,1,0,0,1,1,0,1,5,1.0,1.0,accuracy,133,45,42,1
0,0,0,1,0,0,1,0,0,1,0,1,1,5,1.0,1.0,accuracy,133,45,42,1
0,0,0,1,0,0,1,0,0,0,1,1,1,5,0.9555555555555556,0.9555555555555556,accuracy,133,45,42,3
0,0,0,1,0,0,0,1,1,1,1,0,0,5,0.8666666666666667,0.8666666666666667,accuracy,133,45,42,7
0,0,0,1,0,0,0,1,1,1,0,1,0,5,0.9111111111111112,0.9111111111111112,accuracy,133,45,42,5
0,0,0,1,0,0,0,1,1,1,0,0,1,5,0.9555555555555556,0.9555555555555556,accuracy,133,45,42,3
0,0,0,1,0,0,0,1,1,0,1,1,0,5,0.7333333333333333,0.7333333333333333,accuracy,133,45,42,13
0,0,0,1,0,0,0,1,1,0,1,0,1,5,0.8888888888888888,0.8888888888888888,accuracy,133,45,42,6
0,0,0,1,0,0,0,1,1,0,0,1,1,5,0.9777777777777776,0.9777777777777776,accuracy,133,45,42,2
0,0,0,1,0,0,0,1,0,1,1,1,0,5,0.9111111111111112,0.9111111111111112,accuracy,133,45,42,5
0,0,0,1,0,0,0,1,0,1,1,0,1,5,0.9777777777777776,0.9777777777777776,accuracy,133,45,42,2
0,0,0,1,0,0,0,1,0,1,0,1,1,5,1.0,1.0,accuracy,133,45,42,1
0,0,0,1,0,0,0,1,0,0,1,1,1,5,0.9777777777777776,0.9777777777777776,accuracy,133,45,42,2
0,0,0,1,0,0,0,0,1,1,1,1,0,5,0.8888888888888888,0.8888888888888888,accuracy,133,45,42,6
0,0,0,1,0,0,0,0,1,1,1,0,1,5,1.0,1.0,accuracy,133,45,42,1
0,0,0,1,0,0,0,0,1,1,0,1,1,5,1.0,1.0,accuracy,133,45,42,1
0,0,0,1,0,0,0,0,1,0,1,1,1,5,0.9555555555555556,0.9555555555555556,accuracy,133,45,42,3
0,0,0,1,0,0,0,0,0,1,1,1,1,5,1.0,1.0,accuracy,133,45,42,1
0,0,0,0,1,1,1,1,1,0,0,0,0,5,0.9555555555555556,0.9555555555555556,accuracy,133,45,42,3
0,0,0,0,1,1,1,1,0,1,0,0,0,5,0.9555555555555556,0.9555555555555556,accuracy,133,45,42,3
0,0,0,0,1,1,1,1,0,0,1,0,0,5,0.9555555555555556,0.9555555555555556,accuracy,133,45,42,3
0,0,0,0,1,1,1,1,0,0,0,1,0,5,0.9333333333333332,0.9333333333333332,accuracy,133,45,42,4
0,0,0,0,1,1,1,1,0,0,0,0,1,5,0.9777777777777776,0.9777777777777776,accuracy,133,45,42,2
0,0,0,0,1,1,1,0,1,1,0,0,0,5,0.9555555555555556,0.9555555555555556,accuracy,133,45,42,3
0,0,0,0,1,1,1,0,1,0,1,0,0,5,0.9111111111111112,0.9111111111111112,accuracy,133,45,42,5
0,0,0,0,1,1,1,0,1,0,0,1,0,5,0.9555555555555556,0.9555555555555556,accuracy,133,45,42,3
0,0,0,0,1,1,1,0,1,0,0,0,1,5,1.0,1.0,accuracy,133,45,42,1
0,0,0,0,1,1,1,0,0,1,1,0,0,5,0.9111111111111112,0.9111111111111112,accuracy,133,45,42,5
0,0,0,0,1,1,1,0,0,1,0,1,0,5,0.9555555555555556,0.9555555555555556,accuracy,133,45,42,3
0,0,0,0,1,1,1,0,0,1,0,0,1,5,0.9777777777777776,0.9777777777777776,accuracy,133,45,42,2
0,0,0,0,1,1,1,0,0,0,1,1,0,5,0.9333333333333332,0.9333333333333332,accuracy,133,45,42,4
0,0,0,0,1,1,1,0,0,0,1,0,1,5,0.9555555555555556,0.9555555555555556,accuracy,133,45,42,3
0,0,0,0,1,1,1,0,0,0,0,1,1,5,0.9777777777777776,0.9777777777777776,accuracy,133,45,42,2
0,0,0,0,1,1,0,1,1,1,0,0,0,5,0.9111111111111112,0.9111111111111112,accuracy,133,45,42,5
0,0,0,0,1,1,0,1,1,0,1,0,0,5,0.8444444444444444,0.8444444444444444,accuracy,133,45,42,8
0,0,0,0,1,1,0,1,1,0,0,1,0,5,0.8222222222222222,0.8222222222222222,accuracy,133,45,42,9
0,0,0,0,1,1,0,1,1,0,0,0,1,5,0.9111111111111112,0.9111111111111112,accuracy,133,45,42,5
0,0,0,0,1,1,0,1,0,1,1,0,0,5,0.9111111111111112,0.9111111111111112,accuracy,133,45,42,5
0,0,0,0,1,1,0,1,0,1,0,1,0,5,0.9111111111111112,0.9111111111111112,accuracy,133,45,42,5
0,0,0,0,1,1,0,1,0,1,0,0,1,5,0.9777777777777776,0.9777777777777776,accuracy,133,45,42,2
0,0,0,0,1,1,0,1,0,0,1,1,0,5,0.8666666666666667,0.8666666666666667,accuracy,133,45,42,7
0,0,0,0,1,1,0,1,0,0,1,0,1,5,0.9111111111111112,0.9111111111111112,accuracy,133,45,42,5
0,0,0,0,1,1,0,1,0,0,0,1,1,5,0.9333333333333332,0.9333333333333332,accuracy,133,45,42,4
0,0,0,0,1,1,0,0,1,1,1,0,0,5,0.8888888888888888,0.8888888888888888,accuracy,133,45,42,6
0,0,0,0,1,1,0,0,1,1,0,1,0,5,0.9333333333333332,0.9333333333333332,accuracy,133,45,42,4
0,0,0,0,1,1,0,0,1,1,0,0,1,5,0.9555555555555556,0.9555555555555556,accuracy,133,45,42,3
0,0,0,0,1,1,0,0,1,0,1,1,0,5,0.8222222222222222,0.8222222222222222,accuracy,133,45,42,9
0,0,0,0,1,1,0,0,1,0,1,0,1,5,0.9333333333333332,0.9333333333333332,accuracy,133,45,42,4
0,0,0,0,1,1,0,0,1,0,0,1,1,5,0.9555555555555556,0.9555555555555556,accuracy,133,45,42,3
0,0,0,0,1,1,0,0,0,1,1,1,0,5,0.9333333333333332,0.9333333333333332,accuracy,133,45,42,4
0,0,0,0,1,1,0,0,0,1,1,0,1,5,0.9777777777777776,0.9777777777777776,accuracy,133,45,42,2
0,0,0,0,1,1,0,0,0,1,0,1,1,5,0.9555555555555556,0.9555555555555556,accuracy,133,45,42,3
0,0,0,0,1,1,0,0,0,0,1,1,1,5,0.9555555555555556,0.9555555555555556,accuracy,133,45,42,3
0,0,0,0,1,0,1,1,1,1,0,0,0,5,0.9555555555555556,0.9555555555555556,accuracy,133,45,42,3
0,0,0,0,1,0,1,1,1,0,1,0,0,5,0.9333333333333332,0.9333333333333332,accuracy,133,45,42,4
0,0,0,0,1,0,1,1,1,0,0,1,0,5,0.9111111111111112,0.9111111111111112,accuracy,133,45,42,5
0,0,0,0,1,0,1,1,1,0,0,0,1,5,1.0,1.0,accuracy,133,45,42,1
0,0,0,0,1,0,1,1,0,1,1,0,0,5,0.9111111111111112,0.9111111111111112,accuracy,133,45,42,5
0,0,0,0,1,0,1,1,0,1,0,1,0,5,0.9555555555555556,0.9555555555555556,accuracy,133,45,42,3
0,0,0,0,1,0,1,1,0,1,0,0,1,5,1.0,1.0,accuracy,133,45,42,1
0,0,0,0,1,0,1,1,0,0,1,1,0,5,0.9333333333333332,0.9333333333333332,accuracy,133,45,42,4
0,0,0,0,1,0,1,1,0,0,1,0,1,5,0.9555555555555556,0.9555555555555556,accuracy,133,45,42,3
0,0,0,0,1,0,1,1,0,0,0,1,1,5,0.9777777777777776,0.9777777777777776,accuracy,133,45,42,2
0,0,0,0,1,0,1,0,1,1,1,0,0,5,0.9333333333333332,0.9333333333333332,accuracy,133,45,42,4
0,0,0,0,1,0,1,0,1,1,0,1,0,5,0.9555555555555556,0.9555555555555556,accuracy,133,45,42,3
0,0,0,0,1,0,1,0,1,1,0,0,1,5,1.0,1.0,accuracy,133,45,42,1
0,0,0,0,1,0,1,0,1,0,1,1,0,5,0.9333333333333332,0.9333333333333332,accuracy,133,45,42,4
0,0,0,0,1,0,1,0,1,0,1,0,1,5,0.9555555555555556,0.9555555555555556,accuracy,133,45,42,3
0,0,0,0,1,0,1,0,1,0,0,1,1,5,1.0,1.0,accuracy,133,45,42,1
0,0,0,0,1,0,1,0,0,1,1,1,0,5,0.9111111111111112,0.9111111111111112,accuracy,133,45,42,5
0,0,0,0,1,0,1,0,0,1,1,0,1,5,1.0,1.0,accuracy,133,45,42,1
0,0,0,0,1,0,1,0,0,1,0,1,1,5,1.0,1.0,accuracy,133,45,42,1
0,0,0,0,1,0,1,0,0,0,1,1,1,5,0.9555555555555556,0.9555555555555556,accuracy,133,45,42,3
0,0,0,0,1,0,0,1,1,1,1,0,0,5,0.9111111111111112,0.9111111111111112,accuracy,133,45,42,5
0,0,0,0,1,0,0,1,1,1,0,1,0,5,0.9555555555555556,0.9555555555555556,accuracy,133,45,42,3
0,0,0,0,1,0,0,1,1,1,0,0,1,5,1.0,1.0,accuracy,133,45,42,1
0,0,0,0,1,0,0,1,1,0,1,1,0,5,0.8222222222222222,0.8222222222222222,accuracy,133,45,42,9
0,0,0,0,1,0,0,1,1,0,1,0,1,5,0.9333333333333332,0.9333333333333332,accuracy,133,45,42,4
0,0,0,0,1,0,0,1,1,0,0,1,1,5,0.9111111111111112,0.9111111111111112,accuracy,133,45,42,5
0,0,0,0,1,0,0,1,0,1,1,1,0,5,0.9333333333333332,0.9333333333333332,accuracy,133,45,42,4
0,0,0,0,1,0,0,1,0,1,1,0,1,5,0.9777777777777776,0.9777777777777776,accuracy,133,45,42,2
0,0,0,0,1,0,0,1,0,1,0,1,1,5,1.0,1.0,accuracy,133,45,42,1
0,0,0,0,1,0,0,1,0,0,1,1,1,5,0.9777777777777776,0.9777777777777776,accuracy,133,45,42,2
0,0,0,0,1,0,0,0,1,1,1,1,0,5,0.9555555555555556,0.9555555555555556,accuracy,133,45,42,3
0,0,0,0,1,0,0,0,1,1,1,0,1,5,1.0,1.0,accuracy,133,45,42,1
0,0,0,0,1,0,0,0,1,1,0,1,1,5,1.0,1.0,accuracy,133,45,42,1
0,0,0,0,1,0,0,0,1,0,1,1,1,5,0.9555555555555556,0.9555555555555556,accuracy,133,45,42,3
0,0,0,0,1,0,0,0,0,1,1,1,1,5,1.0,1.0,accuracy,133,45,42,1
0,0,0,0,0,1,1,1,1,1,0,0,0,5,0.9111111111111112,0.9111111111111112,accuracy,133,45,42,5
0,0,0,0,0,1,1,1,1,0,1,0,0,5,0.8666666666666667,0.8666666666666667,accuracy,133,45,42,7
0,0,0,0,0,1,1,1,1,0,0,1,0,5,0.9111111111111112,0.9111111111111112,accuracy,133,45,42,5
0,0,0,0,0,1,1,1,1,0,0,0,1,5,1.0,1.0,accuracy,133,45,42,1
0,0,0,0,0,1,1,1,0,1,1,0,0,5,0.8888888888888888,0.8888888888888888,accuracy,133,45,42,6
0,0,0,0,0,1,1,1,0,1,0,1,0,5,0.9333333333333332,0.9333333333333332,accuracy,133,45,42,4
0,0,0,0,0,1,1,1,0,1,0,0,1,5,1.0,1.0,accuracy,133,45,42,1
0,0,0,0,0,1,1,1,0,0,1,1,0,5,0.8666666666666667,0.8666666666666667,accuracy,133,45,42,7
0,0,0,0,0,1,1,1,0,0,1,0,1,5,0.9555555555555556,0.9555555555555556,accuracy,133,45,42,3
0,0,0,0,0,1,1,1,0,0,0,1,1,5,0.9777777777777776,0.9777777777777776,accuracy,133,45,42,2
0,0,0,0,0,1,1,0,1,1,1,0,0,5,0.9111111111111112,0.9111111111111112,accuracy,133,45,42,5
0,0,0,0,0,1,1,0,1,1,0,1,0,5,0.9555555555555556,0.9555555555555556,accuracy,133,45,42,3
0,0,0,0,0,1,1,0,1,1,0,0,1,5,1.0,1.0,accuracy,133,45,42,1
0,0,0,0,0,1,1,0,1,0,1,1,0,5,0.8444444444444444,0.8444444444444444,accuracy,133,45,42,8
0,0,0,0,0,1,1,0,1,0,1,0,1,5,0.9555555555555556,0.9555555555555556,accuracy,133,45,42,3
0,0,0,0,0,1,1,0,1,0,0,1,1,5,1.0,1.0,accuracy,133,45,42,1
0,0,0,0,0,1,1,0,0,1,1,1,0,5,0.8888888888888888,0.8888888888888888,accuracy,133,45,42,6
0,0,0,0,0,1,1,0,0,1,1,0,1,5,1.0,1.0,accuracy,133,45,42,1
0,0,0,0,0,1,1,0,0,1,0,1,1,5,1.0,1.0,accuracy,133,45,42,1
0,0,0,0,0,1,1,0,0,0,1,1,1,5,0.9555555555555556,0.9555555555555556,accuracy,133,45,42,3
0,0,0,0,0,1,0,1,1,1,1,0,0,5,0.8888888888888888,0.8888888888888888,accuracy,133,45,42,6
0,0,0,0,0,1,0,1,1,1,0,1,0,5,0.9111111111111112,0.9111111111111112,accuracy,133,45,42,5
0,0,0,0,0,1,0,1,1,1,0,0,1,5,0.9777777777777776,0.9777777777777776,accuracy,133,45,42,2
0,0,0,0,0,1,0,1,1,0,1,1,0,5,0.8,0.8,accuracy,133,45,42,10
0,0,0,0,0,1,0,1,1,0,1,0,1,5,0.9333333333333332,0.9333333333333332,accuracy,133,45,42,4
0,0,0,0,0,1,0,1,1,0,0,1,1,5,0.9555555555555556,0.9555555555555556,accuracy,133,45,42,3
0,0,0,0,0,1,0,1,0,1,1,1,0,5,0.8888888888888888,0.8888888888888888,accuracy,133,45,42,6
0,0,0,0,0,1,0,1,0,1,1,0,1,5,0.9777777777777776,0.9777777777777776,accuracy,133,45,42,2
0,0,0,0,0,1,0,1,0,1,0,1,1,5,0.9777777777777776,0.9777777777777776,accuracy,133,45,42,2
0,0,0,0,0,1,0,1,0,0,1,1,1,5,0.9555555555555556,0.9555555555555556,accuracy,133,45,42,3
0,0,0,0,0,1,0,0,1,1,1,1,0,5,0.8888888888888888,0.8888888888888888,accuracy,133,45,42,6
0,0,0,0,0,1,0,0,1,1,1,0,1,5,0.9777777777777776,0.9777777777777776,accuracy,133,45,42,2
0,0,0,0,0,1,0,0,1,1,0,1,1,5,1.0,1.0,accuracy,133,45,42,1
0,0,0,0,0,1,0,0,1,0,1,1,1,5,0.9555555555555556,0.9555555555555556,accuracy,133,45,42,3
0,0,0,0,0,1,0,0,0,1,1,1,1,5,0.9777777777777776,0.9777777777777776,accuracy,133,45,42,2
0,0,0,0,0,0,1,1,1,1,1,0,0,5,0.8888888888888888,0.8888888888888888,accuracy,133,45,42,6
0,0,0,0,0,0,1,1,1,1,0,1,0,5,0.9333333333333332,0.9333333333333332,accuracy,133,45,42,4
0,0,0,0,0,0,1,1,1,1,0,0,1,5,1.0,1.0,accuracy,133,45,42,1
0,0,0,0,0,0,1,1,1,0,1,1,0,5,0.8888888888888888,0.8888888888888888,accuracy,133,45,42,6
0,0,0,0,0,0,1,1,1,0,1,0,1,5,0.9555555555555556,0.9555555555555556,accuracy,133,45,42,3
0,0,0,0,0,0,1,1,1,0,0,1,1,5,0.9777777777777776,0.9777777777777776,accuracy,133,45,42,2
0,0,0,0,0,0,1,1,0,1,1,1,0,5,0.9111111111111112,0.9111111111111112,accuracy,133,45,42,5
0,0,0,0,0,0,1,1,0,1,1,0,1,5,1.0,1.0,accuracy,133,45,42,1
0,0,0,0,0,0,1,1,0,1,0,1,1,5,1.0,1.0,accuracy,133,45,42,1
0,0,0,0,0,0,1,1,0,0,1,1,1,5,0.9555555555555556,0.9555555555555556,accuracy,133,45,42,3
0,0,0,0,0,0,1,0,1,1,1,1,0,5,0.8888888888888888,0.8888888888888888,accuracy,133,45,42,6
0,0,0,0,0,0,1,0,1,1,1,0,1,5,1.0,1.0,accuracy,133,45,42,1
0,0,0,0,0,0,1,0,1,1,0,1,1,5,1.0,1.0,accuracy,133,45,42,1
0,0,0,0,0,0,1,0,1,0,1,1,1,5,0.9333333333333332,0.9333333333333332,accuracy,133,45,42,4
0,0,0,0,0,0,1,0,0,1,1,1,1,5,1.0,1.0,accuracy,133,45,42,1
0,0,0,0,0,0,0,1,1,1,1,1,0,5,0.8888888888888888,0.8888888888888888,accuracy,133,45,42,6
0,0,0,0,0,0,0,1,1,1,1,0,1,5,1.0,1.0,accuracy,133,45,42,1
0,0,0,0,0,0,0,1,1,1,0,1,1,5,1.0,1.0,accuracy,133,45,42,1
0,0,0,0,0,0,0,1,1,0,1,1,1,5,0.9555555555555556,0.9555555555555556,accuracy,133,45,42,3
0,0,0,0,0,0,0,1,0,1,1,1,1,5,1.0,1.0,accuracy,133,45,42,1
0,0,0,0,0,0,0,0,1,1,1,1,1,5,1.0,1.0,accuracy,133,45,42,1
1,1,1,1,1,1,0,0,0,0,0,0,0,6,0.8666666666666667,0.8666666666666667,accuracy,133,45,42,7
1,1,1,1,1,0,1,0,0,0,0,0,0,6,0.9333333333333332,0.9333333333333332,accuracy,133,45,42,4
1,1,1,1,1,0,0,1,0,0,0,0,0,6,0.8444444444444444,0.8444444444444444,accuracy,133,45,42,8
1,1,1,1,1,0,0,0,1,0,0,0,0,6,0.8222222222222222,0.8222222222222222,accuracy,133,45,42,9
1,1,1,1,1,0,0,0,0,1,0,0,0,6,0.8444444444444444,0.8444444444444444,accuracy,133,45,42,8
1,1,1,1,1,0,0,0,0,0,1,0,0,6,0.8666666666666667,0.8666666666666667,accuracy,133,45,42,7
1,1,1,1,1,0,0,0,0,0,0,1,0,6,0.9333333333333332,0.9333333333333332,accuracy,133,45,42,4
1,1,1,1,1,0,0,0,0,0,0,0,1,6,0.9555555555555556,0.9555555555555556,accuracy,133,45,42,3
1,1,1,1,0,1,1,0,0,0,0,0,0,6,0.9111111111111112,0.9111111111111112,accuracy,133,45,42,5
1,1,1,1,0,1,0,1,0,0,0,0,0,6,0.8666666666666667,0.8666666666666667,accuracy,133,45,42,7
1,1,1,1,0,1,0,0,1,0,0,0,0,6,0.8666666666666667,0.8666666666666667,accuracy,133,45,42,7
1,1,1,1,0,1,0,0,0,1,0,0,0,6,0.8444444444444444,0.8444444444444444,accuracy,133,45,42,8
1,1,1,1,0,1,0,0,0,0,1,0,0,6,0.8222222222222222,0.8222222222222222,accuracy,133,45,42,9
1,1,1,1,0,1,0,0,0,0,0,1,0,6,0.9333333333333332,0.9333333333333332,accuracy,133,45,42,4
1,1,1,1,0,1,0,0,0,0,0,0,1,6,0.9333333333333332,0.9333333333333332,accuracy,133,45,42,4
1,1,1,1,0,0,1,1,0,0,0,0,0,6,0.9111111111111112,0.9111111111111112,accuracy,133,45,42,5
1,1,1,1,0,0,1,0,1,0,0,0,0,6,0.8888888888888888,0.8888888888888888,accuracy,133,45,42,6
1,1,1,1,0,0,1,0,0,1,0,0,0,6,0.9555555555555556,0.9555555555555556,accuracy,133,45,42,3
1,1,1,1,0,0,1,0,0,0,1,0,0,6,0.9555555555555556,0.9555555555555556,accuracy,133,45,42,3
1,1,1,1,0,0,1,0,0,0,0,1,0,6,0.9111111111111112,0.9111111111111112,accuracy,133,45,42,5
1,1,1,1,0,0,1,0,0,0,0,0,1,6,0.9333333333333332,0.9333333333333332,accuracy,133,45,42,4
1,1,1,1,0,0,0,1,1,0,0,0,0,6,0.8222222222222222,0.8222222222222222,accuracy,133,45,42,9
1,1,1,1,0,0,0,1,0,1,0,0,0,6,0.8222222222222222,0.8222222222222222,accuracy,133,45,42,9
1,1,1,1,0,0,0,1,0,0,1,0,0,6,0.8666666666666667,0.8666666666666667,accuracy,133,45,42,7
1,1,1,1,0,0,0,1,0,0,0,1,0,6,0.8888888888888888,0.8888888888888888,accuracy,133,45,42,6
1,1,1,1,0,0,0,1,0,0,0,0,1,6,0.9111111111111112,0.9111111111111112,accuracy,133,45,42,5
1,1,1,1,0,0,0,0,1,1,0,0,0,6,0.8666666666666667,0.8666666666666667,accuracy,133,45,42,7
1,1,1,1,0,0,0,0,1,0,1,0,0,6,0.9111111111111112,0.9111111111111112,accuracy,133,45,42,5
1,1,1,1,0,0,0,0,1,0,0,1,0,6,0.8888888888888888,0.8888888888888888,accuracy,133,45,42,6
1,1,1,1,0,0,0,0,1,0,0,0,1,6,0.8888888888888888,0.8888888888888888,accuracy,133,45,42,6
1,1,1,1,0,0,0,0,0,1,1,0,0,6,0.8222222222222222,0.8222222222222222,accuracy,133,45,42,9
1,1,1,1,0,0,0,0,0,1,0,1,0,6,0.8666666666666667,0.8666666666666667,accuracy,133,45,42,7
1,1,1,1,0,0,0,0,0,1,0,0,1,6,0.9111111111111112,0.9111111111111112,accuracy,133,45,42,5
1,1,1,1,0,0,0,0,0,0,1,1,0,6,0.9555555555555556,0.9555555555555556,accuracy,133,45,42,3
1,1,1,1,0,0,0,0,0,0,1,0,1,6,0.9333333333333332,0.9333333333333332,accuracy,133,45,42,4
1,1,1,1,0,0,0,0,0,0,0,1,1,6,0.9777777777777776,0.9777777777777776,accuracy,133,45,42,2
1,1,1,0,1,1,1,0,0,0,0,0,0,6,0.9111111111111112,0.9111111111111112,accuracy,133,45,42,5
1,1,1,0,1,1,0,1,0,0,0,0,0,6,0.8666666666666667,0.8666666666666667,accuracy,133,45,42,7
1,1,1,0,1,1,0,0,1,0,0,0,0,6,0.8888888888888888,0.8888888888888888,accuracy,133,45,42,6
1,1,1,0,1,1,0,0,0,1,0,0,0,6,0.8444444444444444,0.8444444444444444,accuracy,133,45,42,8
1,1,1,0,1,1,0,0,0,0,1,0,0,6,0.8666666666666667,0.8666666666666667,accuracy,133,45,42,7
1,1,1,0,1,1,0,0,0,0,0,1,0,6,0.9555555555555556,0.9555555555555556,accuracy,133,45,42,3
1,1,1,0,1,1,0,0,0,0,0,0,1,6,0.9333333333333332,0.9333333333333332,accuracy,133,45,42,4
1,1,1,0,1,0,1,1,0,0,0,0,0,6,0.9111111111111112,0.9111111111111112,accuracy,133,45,42,5
1,1,1,0,1,0,1,0,1,0,0,0,0,6,0.9333333333333332,0.9333333333333332,accuracy,133,45,42,4
1,1,1,0,1,0,1,0,0,1,0,0,0,6,0.9555555555555556,0.9555555555555556,accuracy,133,45,42,3
1,1,1,0,1,0,1,0,0,0,1,0,0,6,0.9555555555555556,0.9555555555555556,accuracy,133,45,42,3
1,1,1,0,1,0,1,0,0,0,0,1,0,6,0.9777777777777776,0.9777777777777776,accuracy,133,45,42,2
1,1,1,0,1,0,1,0,0,0,0,0,1,6,0.9333333333333332,0.9333333333333332,accuracy,133,45,42,4
1,1,1,0,1,0,0,1,1,0,0,0,0,6,0.8444444444444444,0.8444444444444444,accuracy,133,45,42,8
1,1,1,0,1,0,0,1,0,1,0,0,0,6,0.8222222222222222,0.8222222222222222,accuracy,133,45,42,9
1,1,1,0,1,0,0,1,0,0,1,0,0,6,0.8666666666666667,0.8666666666666667,accuracy,133,45,42,7
1,1,1,0,1,0,0,1,0,0,0,1,0,6,0.9555555555555556,0.9555555555555556,accuracy,133,45,42,3
1,1,1,0,1,0,0,1,0,0,0,0,1,6,0.9333333333333332,0.9333333333333332,accuracy,133,45,42,4
1,1,1,0,1,0,0,0,1,1,0,0,0,6,0.8666666666666667,0.8666666666666667,accuracy,133,45,42,7
1,1,1,0,1,0,0,0,1,0,1,0,0,6,0.8888888888888888,0.8888888888888888,accuracy,133,45,42,6
1,1,1,0,1,0,0,0,1,0,0,1,0,6,0.9333333333333332,0.9333333333333332,accuracy,133,45,42,4
1,1,1,0,1,0,0,0,1,0,0,0,1,6,0.8666666666666667,0.8666666666666667,accuracy,133,45,42,7
1,1,1,0,1,0,0,0,0,1,1,0,0,6,0.8666666666666667,0.8666666666666667,accuracy,133,45,42,7
1,1,1,0,1,0,0,0,0,1,0,1,0,6,0.8888888888888888,0.8888888888888888,accuracy,133,45,42,6
1,1,1,0,1,0,0,0,0,1,0,0,1,6,0.9555555555555556,0.9555555555555556,accuracy,133,45,42,3
1,1,1,0,1,0,0,0,0,0,1,1,0,6,0.9555555555555556,0.9555555555555556,accuracy,133,45,42,3
1,1,1,0,1,0,0,0,0,0,1,0,1,6,0.9111111111111112,0.9111111111111112,accuracy,133,45,42,5
1,1,1,0,1,0,0,0,0,0,0,1,1,6,1.0,1.0,accuracy,133,45,42,1
1,1,1,0,0,1,1,1,0,0,0,0,0,6,0.8888888888888888,0.8888888888888888,accuracy,133,45,42,6
1,1,1,0,0,1,1,0,1,0,0,0,0,6,0.8888888888888888,0.8888888888888888,accuracy,133,45,42,6
1,1,1,0,0,1,1,0,0,1,0,0,0,6,0.8888888888888888,0.8888888888888888,accuracy,133,45,42,6
1,1,1,0,0,1,1,0,0,0,1,0,0,6,0.9111111111111112,0.9111111111111112,accuracy,133,45,42,5
1,1,1,0,0,1,1,0,0,0,0,1,0,6,0.9111111111111112,0.9111111111111112,accuracy,133,45,42,5
1,1,1,0,0,1,1,0,0,0,0,0,1,6,0.9333333333333332,0.9333333333333332,accuracy,133,45,42,4
1,1,1,0,0,1,0,1,1,0,0,0,0,6,0.8444444444444444,0.8444444444444444,accuracy,133,45,42,8
1,1,1,0,0,1,0,1,0,1,0,0,0,6,0.8444444444444444,0.8444444444444444,accuracy,133,45,42,8
1,1,1,0,0,1,0,1,0,0,1,0,0,6,0.8666666666666667,0.8666666666666667,accuracy,133,45,42,7
1,1,1,0,0,1,0,1,0,0,0,1,0,6,0.8888888888888888,0.8888888888888888,accuracy,133,45,42,6
1,1,1,0,0,1,0,1,0,0,0,0,1,6,0.9111111111111112,0.9111111111111112,accuracy,133,45,42,5
1,1,1,0,0,1,0,0,1,1,0,0,0,6,0.8444444444444444,0.8444444444444444,accuracy,133,45,42,8
1,1,1,0,0,1,0,0,1,0,1,0,0,6,0.8888888888888888,0.8888888888888888,accuracy,133,45,42,6
1,1,1,0,0,1,0,0,1,0,0,1,0,6,0.9111111111111112,0.9111111111111112,accuracy,133,45,42,5
1,1,1,0,0,1,0,0,1,0,0,0,1,6,0.9333333333333332,0.9333333333333332,accuracy,133,45,42,4
1,1,1,0,0,1,0,0,0,1,1,0,0,6,0.8888888888888888,0.8888888888888888,accuracy,133,45,42,6
1,1,1,0,0,1,0,0,0,1,0,1,0,6,0.8666666666666667,0.8666666666666667,accuracy,133,45,42,7
1,1,1,0,0,1,0,0,0,1,0,0,1,6,0.9555555555555556,0.9555555555555556,accuracy,133,45,42,3
1,1,1,0,0,1,0,0,0,0,1,1,0,6,0.9111111111111112,0.9111111111111112,accuracy,133,45,42,5
1,1,1,0,0,1,0,0,0,0,1,0,1,6,0.9111111111111112,0.9111111111111112,accuracy,133,45,42,5
1,1,1,0,0,1,0,0,0,0,0,1,1,6,0.9777777777777776,0.9777777777777776,accuracy,133,45,42,2
1,1,1,0,0,0,1,1,1,0,0,0,0,6,0.8888888888888888,0.8888888888888888,accuracy,133,45,42,6
1,1,1,0,0,0,1,1,0,1,0,0,0,6,0.8888888888888888,0.8888888888888888,accuracy,133,45,42,6
1,1,1,0,0,0,1,1,0,0,1,0,0,6,0.9111111111111112,0.9111111111111112,accuracy,133,45,42,5
1,1,1,0,0,0,1,1,0,0,0,1,0,6,0.8888888888888888,0.8888888888888888,accuracy,133,45,42,6
1,1,1,0,0,0,1,1,0,0,0,0,1,6,0.9333333333333332,0.9333333333333332,accuracy,133,45,42,4
1,1,1,0,0,0,1,0,1,1,0,0,0,6,0.9111111111111112,0.9111111111111112,accuracy,133,45,42,5
1,1,1,0,0,0,1,0,1,0,1,0,0,6,0.9555555555555556,0.9555555555555556,accuracy,133,45,42,3
1,1,1,0,0,0,1,0,1,0,0,1,0,6,0.9111111111111112,0.9111111111111112,accuracy,133,45,42,5
1,1,1,0,0,0,1,0,1,0,0,0,1,6,0.9333333333333332,0.9333333333333332,accuracy,133,45,42,4
1,1,1,0,0,0,1,0,0,1,1,0,0,6,0.9111111111111112,0.9111111111111112,accuracy,133,45,42,5
1,1,1,0,0,0,1,0,0,1,0,1,0,6,0.8888888888888888,0.8888888888888888,accuracy,133,45,42,6
1,1,1,0,0,0,1,0,0,1,0,0,1,6,1.0,1.0,accuracy,133,45,42,1
1,1,1,0,0,0,1,0,0,0,1,1,0,6,0.9333333333333332,0.9333333333333332,accuracy,133,45,42,4
1,1,1,0,0,0,1,0,0,0,1,0,1,6,0.9777777777777776,0.9777777777777776,accuracy,133,45,42,2
1,1,1,0,0,0,1,0,0,0,0,1,1,6,0.9333333333333332,0.9333333333333332,accuracy,133,45,42,4
1,1,1,0,0,0,0,1,1,1,0,0,0,6,0.8444444444444444,0.8444444444444444,accuracy,133,45,42,8
1,1,1,0,0,0,0,1,1,0,1,0,0,6,0.8888888888888888,0.8888888888888888,accuracy,133,45,42,6
1,1,1,0,0,0,0,1,1,0,0,1,0,6,0.9111111111111112,0.9111111111111112,accuracy,133,45,42,5
1,1,1,0,0,0,0,1,1,0,0,0,1,6,0.8666666666666667,0.8666666666666667,accuracy,133,45,42,7
1,1,1,0,0,0,0,1,0,1,1,0,0,6,0.8444444444444444,0.8444444444444444,accuracy,133,45,42,8
1,1,1,0,0,0,0,1,0,1,0,1,0,6,0.8666666666666667,0.8666666666666667,accuracy,133,45,42,7
1,1,1,0,0,0,0,1,0,1,0,0,1,6,0.9111111111111112,0.9111111111111112,accuracy,133,45,42,5
1,1,1,0,0,0,0,1,0,0,1,1,0,6,0.9333333333333332,0.9333333333333332,accuracy,133,45,42,4
1,1,1,0,0,0,0,1,0,0,1,0,1,6,0.9333333333333332,0.9333333333333332,accuracy,133,45,42,4
1,1,1,0,0,0,0,1,0,0,0,1,1,6,0.9777777777777776,0.9777777777777776,accuracy,133,45,42,2
1,1,1,0,0,0,0,0,1,1,1,0,0,6,0.9333333333333332,0.9333333333333332,accuracy,133,45,42,4
1,1,1,0,0,0,0,0,1,1,0,1,0,6,0.8888888888888888,0.8888888888888888,accuracy,133,45,42,6
1,1,1,0,0,0,0,0,1,1,0,0,1,6,0.9555555555555556,0.9555555555555556,accuracy,133,45,42,3
1,1,1,0,0,0,0,0,1,0,1,1,0,6,0.9111111111111112,0.9111111111111112,accuracy,133,45,42,5
1,1,1,0,0,0,0,0,1,0,1,0,1,6,0.9555555555555556,0.9555555555555556,accuracy,133,45,42,3
1,1,1,0,0,0,0,0,1,0,0,1,1,6,0.9555555555555556,0.9555555555555556,accuracy,133,45,42,3
1,1,1,0,0,0,0,0,0,1,1,1,0,6,0.8888888888888888,0.8888888888888888,accuracy,133,45,42,6
1,1,1,0,0,0,0,0,0,1,1,0,1,6,0.9555555555555556,0.9555555555555556,accuracy,133,45,42,3
1,1,1,0,0,0,0,0,0,1,0,1,1,6,0.9777777777777776,0.9777777777777776,accuracy,133,45,42,2
1,1,1,0,0,0,0,0,0,0,1,1,1,6,0.9777777777777776,0.9777777777777776,accuracy,133,45,42,2
1,1,0,1,1,1,1,0,0,0,0,0,0,6,0.9111111111111112,0.9111111111111112,accuracy,133,45,42,5
1,1,0,1,1,1,0,1,0,0,0,0,0,6,0.8444444444444444,0.8444444444444444,accuracy,133,45,42,8
1,1,0,1,1,1,0,0,1,0,0,0,0,6,0.8666666666666667,0.8666666666666667,accuracy,133,45,42,7
1,1,0,1,1,1,0,0,0,1,0,0,0,6,0.8666666666666667,0.8666666666666667,accuracy,133,45,42,7
1,1,0,1,1,1,0,0,0,0,1,0,0,6,0.8888888888888888,0.8888888888888888,accuracy,133,45,42,6
1,1,0,1,1,1,0,0,0,0,0,1,0,6,0.9555555555555556,0.9555555555555556,accuracy,133,45,42,3
1,1,0,1,1,1,0,0,0,0,0,0,1,6,0.9555555555555556,0.9555555555555556,accuracy,133,45,42,3
1,1,0,1,1,0,1,1,0,0,0,0,0,6,0.9111111111111112,0.9111111111111112,accuracy,133,45,42,5
1,1,0,1,1,0,1,0,1,0,0,0,0,6,0.9111111111111112,0.9111111111111112,accuracy,133,45,42,5
1,1,0,1,1,0,1,0,0,1,0,0,0,6,0.9555555555555556,0.9555555555555556,accuracy,133,45,42,3
1,1,0,1,1,0,1,0,0,0,1,0,0,6,0.9777777777777776,0.9777777777777776,accuracy,133,45,42,2
1,1,0,1,1,0,1,0,0,0,0,1,0,6,0.9777777777777776,0.9777777777777776,accuracy,133,45,42,2
1,1,0,1,1,0,1,0,0,0,0,0,1,6,0.9333333333333332,0.9333333333333332,accuracy,133,45,42,4
1,1,0,1,1,0,0,1,1,0,0,0,0,6,0.8444444444444444,0.8444444444444444,accuracy,133,45,42,8
1,1,0,1,1,0,0,1,0,1,0,0,0,6,0.8444444444444444,0.8444444444444444,accuracy,133,45,42,8
1,1,0,1,1,0,0,1,0,0,1,0,0,6,0.8888888888888888,0.8888888888888888,accuracy,133,45,42,6
1,1,0,1,1,0,0,1,0,0,0,1,0,6,0.9555555555555556,0.9555555555555556,accuracy,133,45,42,3
1,1,0,1,1,0,0,1,0,0,0,0,1,6,0.9333333333333332,0.9333333333333332,accuracy,133,45,42,4
1,1,0,1,1,0,0,0,1,1,0,0,0,6,0.8666666666666667,0.8666666666666667,accuracy,133,45,42,7
1,1,0,1,1,0,0,0,1,0,1,0,0,6,0.9111111111111112,0.9111111111111112,accuracy,133,45,42,5
1,1,0,1,1,0,0,0,1,0,0,1,0,6,0.9555555555555556,0.9555555555555556,accuracy,133,45,42,3
1,1,0,1,1,0,0,0,1,0,0,0,1,6,0.8888888888888888,0.8888888888888888,accuracy,133,45,42,6
1,1,0,1,1,0,0,0,0,1,1,0,0,6,0.9111111111111112,0.9111111111111112,accuracy,133,45,42,5
1,1,0,1,1,0,0,0,0,1,0,1,0,6,0.8888888888888888,0.8888888888888888,accuracy,133,45,42,6
1,1,0,1,1,0,0,0,0,1,0,0,1,6,0.9333333333333332,0.9333333333333332,accuracy,133,45,42,4
1,1,0,1,1,0,0,0,0,0,1,1,0,6,0.9555555555555556,0.9555555555555556,accuracy,133,45,42,3
1,1,0,1,1,0,0,0,0,0,1,0,1,6,0.9555555555555556,0.9555555555555556,accuracy,133,45,42,3
1,1,0,1,1,0,0,0,0,0,0,1,1,6,0.9777777777777776,0.9777777777777776,accuracy,133,45,42,2
1,1,0,1,0,1,1,1,0,0,0,0,0,6,0.8888888888888888,0.8888888888888888,accuracy,133,45,42,6
1,1,0,1,0,1,1,0,1,0,0,0,0,6,0.8888888888888888,0.8888888888888888,accuracy,133,45,42,6
1,1,0,1,0,1,1,0,0,1,0,0,0,6,0.9555555555555556,0.9555555555555556,accuracy,133,45,42,3
1,1,0,1,0,1,1,0,0,0,1,0,0,6,0.9333333333333332,0.9333333333333332,accuracy,133,45,42,4
1,1,0,1,0,1,1,0,0,0,0,1,0,6,0.9111111111111112,0.9111111111111112,accuracy,133,45,42,5
1,1,0,1,0,1,1,0,0,0,0,0,1,6,0.9333333333333332,0.9333333333333332,accuracy,133,45,42,4
1,1,0,1,0,1,0,1,1,0,0,0,0,6,0.8222222222222222,0.8222222222222222,accuracy,133,45,42,9
1,1,0,1,0,1,0,1,0,1,0,0,0,6,0.8666666666666667,0.8666666666666667,accuracy,133,45,42,7
1,1,0,1,0,1,0,1,0,0,1,0,0,6,0.8666666666666667,0.8666666666666667,accuracy,133,45,42,7
1,1,0,1,0,1,0,1,0,0,0,1,0,6,0.9111111111111112,0.9111111111111112,accuracy,133,45,42,5
1,1,0,1,0,1,0,1,0,0,0,0,1,6,0.9111111111111112,0.9111111111111112,accuracy,133,45,42,5
1,1,0,1,0,1,0,0,1,1,0,0,0,6,0.8888888888888888,0.8888888888888888,accuracy,133,45,42,6
1,1,0,1,0,1,0,0,1,0,1,0,0,6,0.8666666666666667,0.8666666666666667,accuracy,133,45,42,7
1,1,0,1,0,1,0,0,1,0,0,1,0,6,0.9111111111111112,0.9111111111111112,accuracy,133,45,42,5
1,1,0,1,0,1,0,0,1,0,0,0,1,6,0.9333333333333332,0.9333333333333332,accuracy,133,45,42,4
1,1,0,1,0,1,0,0,0,1,1,0,0,6,0.9111111111111112,0.9111111111111112,accuracy,133,45,42,5
1,1,0,1,0,1,0,0,0,1,0,1,0,6,0.8888888888888888,0.8888888888888888,accuracy,133,45,42,6
1,1,0,1,0,1,0,0,0,1,0,0,1,6,0.9333333333333332,0.9333333333333332,accuracy,133,45,42,4
1,1,0,1,0,1,0,0,0,0,1,1,0,6,0.9333333333333332,0.9333333333333332,accuracy,133,45,42,4
1,1,0,1,0,1,0,0,0,0,1,0,1,6,0.9333333333333332,0.9333333333333332,accuracy,133,45,42,4
1,1,0,1,0,1,0,0,0,0,0,1,1,6,0.9777777777777776,0.9777777777777776,accuracy,133,45,42,2
1,1,0,1,0,0,1,1,1,0,0,0,0,6,0.8888888888888888,0.8888888888888888,accuracy,133,45,42,6
1,1,0,1,0,0,1,1,0,1,0,0,0,6,0.9555555555555556,0.9555555555555556,accuracy,133,45,42,3
1,1,0,1,0,0,1,1,0,0,1,0,0,6,0.9333333333333332,0.9333333333333332,accuracy,133,45,42,4
1,1,0,1,0,0,1,1,0,0,0,1,0,6,0.9111111111111112,0.9111111111111112,accuracy,133,45,42,5
1,1,0,1,0,0,1,1,0,0,0,0,1,6,0.9555555555555556,0.9555555555555556,accuracy,133,45,42,3
1,1,0,1,0,0,1,0,1,1,0,0,0,6,0.9555555555555556,0.9555555555555556,accuracy,133,45,42,3
1,1,0,1,0,0,1,0,1,0,1,0,0,6,0.9333333333333332,0.9333333333333332,accuracy,133,45,42,4
1,1,0,1,0,0,1,0,1,0,0,1,0,6,0.9333333333333332,0.9333333333333332,accuracy,133,45,42,4
1,1,0,1,0,0,1,0,1,0,0,0,1,6,0.9333333333333332,0.9333333333333332,accuracy,133,45,42,4
1,1,0,1,0,0,1,0,0,1,1,0,0,6,0.9555555555555556,0.9555555555555556,accuracy,133,45,42,3
1,1,0,1,0,0,1,0,0,1,0,1,0,6,0.9333333333333332,0.9333333333333332,accuracy,133,45,42,4
1,1,0,1,0,0,1,0,0,1,0,0,1,6,1.0,1.0,accuracy,133,45,42,1
1,1,0,1,0,0,1,0,0,0,1,1,0,6,0.9333333333333332,0.9333333333333332,accuracy,133,45,42,4
1,1,0,1,0,0,1,0,0,0,1,0,1,6,0.9777777777777776,0.9777777777777776,accuracy,133,45,42,2
1,1,0,1,0,0,1,0,0,0,0,1,1,6,0.9555555555555556,0.9555555555555556,accuracy,133,45,42,3
1,1,0,1,0,0,0,1,1,1,0,0,0,6,0.8444444444444444,0.8444444444444444,accuracy,133,45,42,8
1,1,0,1,0,0,0,1,1,0,1,0,0,6,0.8666666666666667,0.8666666666666667,accuracy,133,45,42,7
1,1,0,1,0,0,0,1,1,0,0,1,0,6,0.8888888888888888,0.8888888888888888,accuracy,133,45,42,6
1,1,0,1,0,0,0,1,1,0,0,0,1,6,0.8888888888888888,0.8888888888888888,accuracy,133,45,42,6
1,1,0,1,0,0,0,1,0,1,1,0,0,6,0.8666666666666667,0.8666666666666667,accuracy,133,45,42,7
1,1,0,1,0,0,0,1,0,1,0,1,0,6,0.8666666666666667,0.8666666666666667,accuracy,133,45,42,7
1,1,0,1,0,0,0,1,0,1,0,0,1,6,0.9111111111111112,0.9111111111111112,accuracy,133,45,42,5
1,1,0,1,0,0,0,1,0,0,1,1,0,6,0.9111111111111112,0.9111111111111112,accuracy,133,45,42,5
1,1,0,1,0,0,0,1,0,0,1,0,1,6,0.9111111111111112,0.9111111111111112,accuracy,133,45,42,5
1,1,0,1,0,0,0,1,0,0,0,1,1,6,1.0,1.0,accuracy,133,45,42,1
1,1,0,1,0,0,0,0,1,1,1,0,0,6,0.9333333333333332,0.9333333333333332,accuracy,133,45,42,4
1,1,0,1,0,0,0,0,1,1,0,1,0,6,0.8666666666666667,0.8666666666666667,accuracy,133,45,42,7
1,1,0,1,0,0,0,0,1,1,0,0,1,6,0.9333333333333332,0.9333333333333332,accuracy,133,45,42,4
1,1,0,1,0,0,0,0,1,0,1,1,0,6,0.9333333333333332,0.9333333333333332,accuracy,133,45,42,4
1,1,0,1,0,0,0,0,1,0,1,0,1,6,0.9555555555555556,0.9555555555555556,accuracy,133,45,42,3
1,1,0,1,0,0,0,0,1,0,0,1,1,6,0.9777777777777776,0.9777777777777776,accuracy,133,45,42,2
1,1,0,1,0,0,0,0,0,1,1,1,0,6,0.9333333333333332,0.9333333333333332,accuracy,133,45,42,4
1,1,0,1,0,0,0,0,0,1,1,0,1,6,1.0,1.0,accuracy,133,45,42,1
1,1,0,1,0,0,0,0,0,1,0,1,1,6,0.9777777777777776,0.9777777777777776,accuracy,133,45,42,2
1,1,0,1,0,0,0,0,0,0,1,1,1,6,0.9777777777777776,0.9777777777777776,accuracy,133,45,42,2
1,1,0,0,1,1,1,1,0,0,0,0,0,6,0.9111111111111112,0.9111111111111112,accuracy,133,45,42,5
1,1,0,0,1,1,1,0,1,0,0,0,0,6,0.9333333333333332,0.9333333333333332,accuracy,133,45,42,4
1,1,0,0,1,1,1,0,0,1,0,0,0,6,0.9555555555555556,0.9555555555555556,accuracy,133,45,42,3
1,1,0,0,1,1,1,0,0,0,1,0,0,6,0.9555555555555556,0.9555555555555556,accuracy,133,45,42,3
1,1,0,0,1,1,1,0,0,0,0,1,0,6,0.9555555555555556,0.9555555555555556,accuracy,133,45,42,3
1,1,0,0,1,1,1,0,0,0,0,0,1,6,0.9333333333333332,0.9333333333333332,accuracy,133,45,42,4
1,1,0,0,1,1,0,1,1,0,0,0,0,6,0.8444444444444444,0.8444444444444444,accuracy,133,45,42,8
1,1,0,0,1,1,0,1,0,1,0,0,0,6,0.8888888888888888,0.8888888888888888,accuracy,133,45,42,6
1,1,0,0,1,1,0,1,0,0,1,0,0,6,0.8888888888888888,0.8888888888888888,accuracy,133,45,42,6
1,1,0,0,1,1,0,1,0,0,0,1,0,6,0.9555555555555556,0.9555555555555556,accuracy,133,45,42,3
1,1,0,0,1,1,0,1,0,0,0,0,1,6,0.9333333333333332,0.9333333333333332,accuracy,133,45,42,4
1,1,0,0,1,1,0,0,1,1,0,0,0,6,0.8666666666666667,0.8666666666666667,accuracy,133,45,42,7
1,1,0,0,1,1,0,0,1,0,1,0,0,6,0.9111111111111112,0.9111111111111112,accuracy,133,45,42,5
1,1,0,0,1,1,0,0,1,0,0,1,0,6,0.9333333333333332,0.9333333333333332,accuracy,133,45,42,4
1,1,0,0,1,1,0,0,1,0,0,0,1,6,0.9111111111111112,0.9111111111111112,accuracy,133,45,42,5
1,1,0,0,1,1,0,0,0,1,1,0,0,6,0.9111111111111112,0.9111111111111112,accuracy,133,45,42,5
1,1,0,0,1,1,0,0,0,1,0,1,0,6,0.9333333333333332,0.9333333333333332,accuracy,133,45,42,4
1,1,0,0,1,1,0,0,0,1,0,0,1,6,0.9777777777777776,0.9777777777777776,accuracy,133,45,42,2
1,1,0,0,1,1,0,0,0,0,1,1,0,6,0.9555555555555556,0.9555555555555556,accuracy,133,45,42,3
1,1,0,0,1,1,0,0,0,0,1,0,1,6,0.9333333333333332,0.9333333333333332,accuracy,133,45,42,4
1,1,0,0,1,1,0,0,0,0,0,1,1,6,0.9777777777777776,0.9777777777777776,accuracy,133,45,42,2
1,1,0,0,1,0,1,1,1,0,0,0,0,6,0.9111111111111112,0.9111111111111112,accuracy,133,45,42,5
1,1,0,0,1,0,1,1,0,1,0,0,0,6,0.9333333333333332,0.9333333333333332,accuracy,133,45,42,4
1,1,0,0,1,0,1,1,0,0,1,0,0,6,0.9555555555555556,0.9555555555555556,accuracy,133,45,42,3
1,1,0,0,1,0,1,1,0,0,0,1,0,6,0.9555555555555556,0.9555555555555556,accuracy,133,45,42,3
1,1,0,0,1,0,1,1,0,0,0,0,1,6,0.9555555555555556,0.9555555555555556,accuracy,133,45,42,3
1,1,0,0,1,0,1,0,1,1,0,0,0,6,0.9333333333333332,0.9333333333333332,accuracy,133,45,42,4
1,1,0,0,1,0,1,0,1,0,1,0,0,6,0.9555555555555556,0.9555555555555556,accuracy,133,45,42,3
1,1,0,0,1,0,1,0,1,0,0,1,0,6,0.9555555555555556,0.9555555555555556,accuracy,133,45,42,3
1,1,0,0,1,0,1,0,1,0,0,0,1,6,0.9333333333333332,0.9333333333333332,accuracy,133,45,42,4
1,1,0,0,1,0,1,0,0,1,1,0,0,6,0.9333333333333332,0.9333333333333332,accuracy,133,45,42,4
1,1,0,0,1,0,1,0,0,1,0,1,0,6,0.9333333333333332,0.9333333333333332,accuracy,133,45,42,4
1,1,0,0,1,0,1,0,0,1,0,0,1,6,1.0,1.0,accuracy,133,45,42,1
1,1,0,0,1,0,1,0,0,0,1,1,0,6,0.9555555555555556,0.9555555555555556,accuracy,133,45,42,3
1,1,0,0,1,0,1,0,0,0,1,0,1,6,0.9777777777777776,0.9777777777777776,accuracy,133,45,42,2
1,1,0,0,1,0,1,0,0,0,0,1,1,6,0.9777777777777776,0.9777777777777776,accuracy,133,45,42,2
1,1,0,0,1,0,0,1,1,1,0,0,0,6,0.8888888888888888,0.8888888888888888,accuracy,133,45,42,6
1,1,0,0,1,0,0,1,1,0,1,0,0,6,0.8666666666666667,0.8666666666666667,accuracy,133,45,42,7
1,1,0,0,1,0,0,1,1,0,0,1,0,6,0.9333333333333332,0.9333333333333332,accuracy,133,45,42,4
1,1,0,0,1,0,0,1,1,0,0,0,1,6,0.8888888888888888,0.8888888888888888,accuracy,133,45,42,6
1,1,0,0,1,0,0,1,0,1,1,0,0,6,0.8888888888888888,0.8888888888888888,accuracy,133,45,42,6
1,1,0,0,1,0,0,1,0,1,0,1,0,6,0.9333333333333332,0.9333333333333332,accuracy,133,45,42,4
1,1,0,0,1,0,0,1,0,1,0,0,1,6,0.9333333333333332,0.9333333333333332,accuracy,133,45,42,4
1,1,0,0,1,0,0,1,0,0,1,1,0,6,0.9555555555555556,0.9555555555555556,accuracy,133,45,42,3
1,1,0,0,1,0,0,1,0,0,1,0,1,6,0.9111111111111112,0.9111111111111112,accuracy,133,45,42,5
1,1,0,0,1,0,0,1,0,0,0,1,1,6,0.9777777777777776,0.9777777777777776,accuracy,133,45,42,2
1,1,0,0,1,0,0,0,1,1,1,0,0,6,0.9333333333333332,0.9333333333333332,accuracy,133,45,42,4
1,1,0,0,1,0,0,0,1,1,0,1,0,6,0.9333333333333332,0.9333333333333332,accuracy,133,45,42,4
1,1,0,0,1,0,0,0,1,1,0,0,1,6,0.9555555555555556,0.9555555555555556,accuracy,133,45,42,3
1,1,0,0,1,0,0,0,1,0,1,1,0,6,0.9555555555555556,0.9555555555555556,accuracy,133,45,42,3
1,1,0,0,1,0,0,0,1,0,1,0,1,6,0.9333333333333332,0.9333333333333332,accuracy,133,45,42,4
1,1,0,0,1,0,0,0,1,0,0,1,1,6,0.9777777777777776,0.9777777777777776,accuracy,133,45,42,2
1,1,0,0,1,0,0,0,0,1,1,1,0,6,0.9333333333333332,0.9333333333333332,accuracy,133,45,42,4
1,1,0,0,1,0,0,0,0,1,1,0,1,6,1.0,1.0,accuracy,133,45,42,1
1,1,0,0,1,0,0,0,0,1,0,1,1,6,0.9777777777777776,0.9777777777777776,accuracy,133,45,42,2
1,1,0,0,1,0,0,0,0,0,1,1,1,6,0.9777777777777776,0.9777777777777776,accuracy,133,45,42,2
1,1,0,0,0,1,1,1,1,0,0,0,0,6,0.9111111111111112,0.9111111111111112,accuracy,133,45,42,5
1,1,0,0,0,1,1,1,0,1,0,0,0,6,0.9333333333333332,0.9333333333333332,accuracy,133,45,42,4
1,1,0,0,0,1,1,1,0,0,1,0,0,6,0.9333333333333332,0.9333333333333332,accuracy,133,45,42,4
1,1,0,0,0,1,1,1,0,0,0,1,0,6,0.9111111111111112,0.9111111111111112,accuracy,133,45,42,5
1,1,0,0,0,1,1,1,0,0,0,0,1,6,0.9555555555555556,0.9555555555555556,accuracy,133,45,42,3
1,1,0,0,0,1,1,0,1,1,0,0,0,6,0.9333333333333332,0.9333333333333332,accuracy,133,45,42,4
1,1,0,0,0,1,1,0,1,0,1,0,0,6,0.9333333333333332,0.9333333333333332,accuracy,133,45,42,4
1,1,0,0,0,1,1,0,1,0,0,1,0,6,0.9333333333333332,0.9333333333333332,accuracy,133,45,42,4
1,1,0,0,0,1,1,0,1,0,0,0,1,6,0.9555555555555556,0.9555555555555556,accuracy,133,45,42,3
1,1,0,0,0,1,1,0,0,1,1,0,0,6,0.9111111111111112,0.9111111111111112,accuracy,133,45,42,5
1,1,0,0,0,1,1,0,0,1,0,1,0,6,0.9111111111111112,0.9111111111111112,accuracy,133,45,42,5
1,1,0,0,0,1,1,0,0,1,0,0,1,6,1.0,1.0,accuracy,133,45,42,1
1,1,0,0,0,1,1,0,0,0,1,1,0,6,0.9333333333333332,0.9333333333333332,accuracy,133,45,42,4
1,1,0,0,0,1,1,0,0,0,1,0,1,6,0.9777777777777776,0.9777777777777776,accuracy,133,45,42,2
1,1,0,0,0,1,1,0,0,0,0,1,1,6,0.9777777777777776,0.9777777777777776,accuracy,133,45,42,2
1,1,0,0,0,1,0,1,1,1,0,0,0,6,0.8888888888888888,0.8888888888888888,accuracy,133,45,42,6
1,1,0,0,0,1,0,1,1,0,1,0,0,6,0.9111111111111112,0.9111111111111112,accuracy,133,45,42,5
1,1,0,0,0,1,0,1,1,0,0,1,0,6,0.8888888888888888,0.8888888888888888,accuracy,133,45,42,6
1,1,0,0,0,1,0,1,1,0,0,0,1,6,0.9111111111111112,0.9111111111111112,accuracy,133,45,42,5
1,1,0,0,0,1,0,1,0,1,1,0,0,6,0.8888888888888888,0.8888888888888888,accuracy,133,45,42,6
1,1,0,0,0,1,0,1,0,1,0,1,0,6,0.8666666666666667,0.8666666666666667,accuracy,133,45,42,7
1,1,0,0,0,1,0,1,0,1,0,0,1,6,0.9555555555555556,0.9555555555555556,accuracy,133,45,42,3
1,1,0,0,0,1,0,1,0,0,1,1,0,6,0.9333333333333332,0.9333333333333332,accuracy,133,45,42,4
1,1,0,0,0,1,0,1,0,0,1,0,1,6,0.9111111111111112,0.9111111111111112,accuracy,133,45,42,5
1,1,0,0,0,1,0,1,0,0,0,1,1,6,0.9777777777777776,0.9777777777777776,accuracy,133,45,42,2
1,1,0,0,0,1,0,0,1,1,1,0,0,6,0.9111111111111112,0.9111111111111112,accuracy,133,45,42,5
1,1,0,0,0,1,0,0,1,1,0,1,0,6,0.8666666666666667,0.8666666666666667,accuracy,133,45,42,7
1,1,0,0,0,1,0,0,1,1,0,0,1,6,0.9777777777777776,0.9777777777777776,accuracy,133,45,42,2
1,1,0,0,0,1,0,0,1,0,1,1,0,6,0.9333333333333332,0.9333333333333332,accuracy,133,45,42,4
1,1,0,0,0,1,0,0,1,0,1,0,1,6,0.9333333333333332,0.9333333333333332,accuracy,133,45,42,4
1,1,0,0,0,1,0,0,1,0,0,1,1,6,0.9555555555555556,0.9555555555555556,accuracy,133,45,42,3
1,1,0,0,0,1,0,0,0,1,1,1,0,6,0.8888888888888888,0.8888888888888888,accuracy,133,45,42,6
1,1,0,0,0,1,0,0,0,1,1,0,1,6,0.9777777777777776,0.9777777777777776,accuracy,133,45,42,2
1,1,0,0,0,1,0,0,0,1,0,1,1,6,1.0,1.0,accuracy,133,45,42,1
1,1,0,0,0,1,0,0,0,0,1,1,1,6,0.9777777777777776,0.9777777777777776,accuracy,133,45,42,2
1,1,0,0,0,0,1,1,1,1,0,0,0,6,0.9333333333333332,0.9333333333333332,accuracy,133,45,42,4
1,1,0,0,0,0,1,1,1,0,1,0,0,6,0.9555555555555556,0.9555555555555556,accuracy,133,45,42,3
1,1,0,0,0,0,1,1,1,0,0,1,0,6,0.9111111111111112,0.9111111111111112,accuracy,133,45,42,5
1,1,0,0,0,0,1,1,1,0,0,0,1,6,0.9333333333333332,0.9333333333333332,accuracy,133,45,42,4
1,1,0,0,0,0,1,1,0,1,1,0,0,6,0.9111111111111112,0.9111111111111112,accuracy,133,45,42,5
1,1,0,0,0,0,1,1,0,1,0,1,0,6,0.9111111111111112,0.9111111111111112,accuracy,133,45,42,5
1,1,0,0,0,0,1,1,0,1,0,0,1,6,1.0,1.0,accuracy,133,45,42,1
1,1,0,0,0,0,1,1,0,0,1,1,0,6,0.9333333333333332,0.9333333333333332,accuracy,133,45,42,4
1,1,0,0,0,0,1,1,0,0,1,0,1,6,0.9777777777777776,0.9777777777777776,accuracy,133,45,42,2
1,1,0,0,0,0,1,1,0,0,0,1,1,6,0.9333333333333332,0.9333333333333332,accuracy,133,45,42,4
1,1,0,0,0,0,1,0,1,1,1,0,0,6,0.9333333333333332,0.9333333333333332,accuracy,133,45,42,4
1,1,0,0,0,0,1,0,1,1,0,1,0,6,0.9111111111111112,0.9111111111111112,accuracy,133,45,42,5
1,1,0,0,0,0,1,0,1,1,0,0,1,6,1.0,1.0,accuracy,133,45,42,1
1,1,0,0,0,0,1,0,1,0,1,1,0,6,0.9333333333333332,0.9333333333333332,accuracy,133,45,42,4
1,1,0,0,0,0,1,0,1,0,1,0,1,6,0.9777777777777776,0.9777777777777776,accuracy,133,45,42,2
1,1,0,0,0,0,1,0,1,0,0,1,1,6,0.9555555555555556,0.9555555555555556,accuracy,133,45,42,3
1,1,0,0,0,0,1,0,0,1,1,1,0,6,0.9111111111111112,0.9111111111111112,accuracy,133,45,42,5
1,1,0,0,0,0,1,0,0,1,1,0,1,6,1.0,1.0,accuracy,133,45,42,1
1,1,0,0,0,0,1,0,0,1,0,1,1,6,1.0,1.0,accuracy,133,45,42,1
1,1,0,0,0,0,1,0,0,0,1,1,1,6,0.9777777777777776,0.9777777777777776,accuracy,133,45,42,2
1,1,0,0,0,0,0,1,1,1,1,0,0,6,0.9111111111111112,0.9111111111111112,accuracy,133,45,42,5
1,1,0,0,0,0,0,1,1,1,0,1,0,6,0.8888888888888888,0.8888888888888888,accuracy,133,45,42,6
1,1,0,0,0,0,0,1,1,1,0,0,1,6,0.9333333333333332,0.9333333333333332,accuracy,133,45,42,4
1,1,0,0,0,0,0,1,1,0,1,1,0,6,0.9333333333333332,0.9333333333333332,accuracy,133,45,42,4
1,1,0,0,0,0,0,1,1,0,1,0,1,6,0.9111111111111112,0.9111111111111112,accuracy,133,45,42,5
1,1,0,0,0,0,0,1,1,0,0,1,1,6,0.9555555555555556,0.9555555555555556,accuracy,133,45,42,3
1,1,0,0,0,0,0,1,0,1,1,1,0,6,0.9111111111111112,0.9111111111111112,accuracy,133,45,42,5
1,1,0,0,0,0,0,1,0,1,1,0,1,6,0.9777777777777776,0.9777777777777776,accuracy,133,45,42,2
1,1,0,0,0,0,0,1,0,1,0,1,1,6,0.9777777777777776,0.9777777777777776,accuracy,133,45,42,2
1,1,0,0,0,0,0,1,0,0,1,1,1,6,0.9777777777777776,0.9777777777777776,accuracy,133,45,42,2
1,1,0,0,0,0,0,0,1,1,1,1,0,6,0.9333333333333332,0.9333333333333332,accuracy,133,45,42,4
1,1,0,0,0,0,0,0,1,1,1,0,1,6,1.0,1.0,accuracy,133,45,42,1
1,1,0,0,0,0,0,0,1,1,0,1,1,6,1.0,1.0,accuracy,133,45,42,1
1,1,0,0,0,0,0,0,1,0,1,1,1,6,0.9777777777777776,0.9777777777777776,accuracy,133,45,42,2
1,1,0,0,0,0,0,0,0,1,1,1,1,6,1.0,1.0,accuracy,133,45,42,1
1,0,1,1,1,1,1,0,0,0,0,0,0,6,0.9777777777777776,0.9777777777777776,accuracy,133,45,42,2
1,0,1,1,1,1,0,1,0,0,0,0,0,6,0.9111111111111112,0.9111111111111112,accuracy,133,45,42,5
1,0,1,1,1,1,0,0,1,0,0,0,0,6,0.8888888888888888,0.8888888888888888,accuracy,133,45,42,6
1,0,1,1,1,1,0,0,0,1,0,0,0,6,0.9111111111111112,0.9111111111111112,accuracy,133,45,42,5
1,0,1,1,1,1,0,0,0,0,1,0,0,6,0.8666666666666667,0.8666666666666667,accuracy,133,45,42,7
1,0,1,1,1,1,0,0,0,0,0,1,0,6,0.9777777777777776,0.9777777777777776,accuracy,133,45,42,2
1,0,1,1,1,1,0,0,0,0,0,0,1,6,0.9555555555555556,0.9555555555555556,accuracy,133,45,42,3
1,0,1,1,1,0,1,1,0,0,0,0,0,6,0.9777777777777776,0.9777777777777776,accuracy,133,45,42,2
1,0,1,1,1,0,1,0,1,0,0,0,0,6,0.9777777777777776,0.9777777777777776,accuracy,133,45,42,2
1,0,1,1,1,0,1,0,0,1,0,0,0,6,0.9777777777777776,0.9777777777777776,accuracy,133,45,42,2
1,0,1,1,1,0,1,0,0,0,1,0,0,6,0.9777777777777776,0.9777777777777776,accuracy,133,45,42,2
1,0,1,1,1,0,1,0,0,0,0,1,0,6,1.0,1.0,accuracy,133,45,42,1
1,0,1,1,1,0,1,0,0,0,0,0,1,6,0.9777777777777776,0.9777777777777776,accuracy,133,45,42,2
1,0,1,1,1,0,0,1,1,0,0,0,0,6,0.8666666666666667,0.8666666666666667,accuracy,133,45,42,7
1,0,1,1,1,0,0,1,0,1,0,0,0,6,0.8444444444444444,0.8444444444444444,accuracy,133,45,42,8
1,0,1,1,1,0,0,1,0,0,1,0,0,6,0.9111111111111112,0.9111111111111112,accuracy,133,45,42,5
1,0,1,1,1,0,0,1,0,0,0,1,0,6,0.9777777777777776,0.9777777777777776,accuracy,133,45,42,2
1,0,1,1,1,0,0,1,0,0,0,0,1,6,0.9111111111111112,0.9111111111111112,accuracy,133,45,42,5
1,0,1,1,1,0,0,0,1,1,0,0,0,6,0.9111111111111112,0.9111111111111112,accuracy,133,45,42,5
1,0,1,1,1,0,0,0,1,0,1,0,0,6,0.9333333333333332,0.9333333333333332,accuracy,133,45,42,4
1,0,1,1,1,0,0,0,1,0,0,1,0,6,0.9555555555555556,0.9555555555555556,accuracy,133,45,42,3
1,0,1,1,1,0,0,0,1,0,0,0,1,6,0.9111111111111112,0.9111111111111112,accuracy,133,45,42,5
1,0,1,1,1,0,0,0,0,1,1,0,0,6,0.8666666666666667,0.8666666666666667,accuracy,133,45,42,7
1,0,1,1,1,0,0,0,0,1,0,1,0,6,0.9555555555555556,0.9555555555555556,accuracy,133,45,42,3
1,0,1,1,1,0,0,0,0,1,0,0,1,6,0.9555555555555556,0.9555555555555556,accuracy,133,45,42,3
1,0,1,1,1,0,0,0,0,0,1,1,0,6,0.9555555555555556,0.9555555555555556,accuracy,133,45,42,3
1,0,1,1,1,0,0,0,0,0,1,0,1,6,0.9555555555555556,0.9555555555555556,accuracy,133,45,42,3
1,0,1,1,1,0,0,0,0,0,0,1,1,6,0.9777777777777776,0.9777777777777776,accuracy,133,45,42,2
1,0,1,1,0,1,1,1,0,0,0,0,0,6,0.9555555555555556,0.9555555555555556,accuracy,133,45,42,3
1,0,1,1,0,1,1,0,1,0,0,0,0,6,0.9333333333333332,0.9333333333333332,accuracy,133,45,42,4
1,0,1,1,0,1,1,0,0,1,0,0,0,6,0.9777777777777776,0.9777777777777776,accuracy,133,45,42,2
1,0,1,1,0,1,1,0,0,0,1,0,0,6,0.9555555555555556,0.9555555555555556,accuracy,133,45,42,3
1,0,1,1,0,1,1,0,0,0,0,1,0,6,0.9777777777777776,0.9777777777777776,accuracy,133,45,42,2
1,0,1,1,0,1,1,0,0,0,0,0,1,6,1.0,1.0,accuracy,133,45,42,1
1,0,1,1,0,1,0,1,1,0,0,0,0,6,0.9111111111111112,0.9111111111111112,accuracy,133,45,42,5
1,0,1,1,0,1,0,1,0,1,0,0,0,6,0.9111111111111112,0.9111111111111112,accuracy,133,45,42,5
1,0,1,1,0,1,0,1,0,0,1,0,0,6,0.8444444444444444,0.8444444444444444,accuracy,133,45,42,8
1,0,1,1,0,1,0,1,0,0,0,1,0,6,0.9555555555555556,0.9555555555555556,accuracy,133,45,42,3
1,0,1,1,0,1,0,1,0,0,0,0,1,6,0.9555555555555556,0.9555555555555556,accuracy,133,45,42,3
1,0,1,1,0,1,0,0,1,1,0,0,0,6,0.9555555555555556,0.9555555555555556,accuracy,133,45,42,3
1,0,1,1,0,1,0,0,1,0,1,0,0,6,0.8444444444444444,0.8444444444444444,accuracy,133,45,42,8
1,0,1,1,0,1,0,0,1,0,0,1,0,6,0.9333333333333332,0.9333333333333332,accuracy,133,45,42,4
1,0,1,1,0,1,0,0,1,0,0,0,1,6,0.9555555555555556,0.9555555555555556,accuracy,133,45,42,3
1,0,1,1,0,1,0,0,0,1,1,0,0,6,0.9555555555555556,0.9555555555555556,accuracy,133,45,42,3
1,0,1,1,0,1,0,0,0,1,0,1,0,6,0.9555555555555556,0.9555555555555556,accuracy,133,45,42,3
1,0,1,1,0,1,0,0,0,1,0,0,1,6,0.9333333333333332,0.9333333333333332,accuracy,133,45,42,4
1,0,1,1,0,1,0,0,0,0,1,1,0,6,0.9333333333333332,0.9333333333333332,accuracy,133,45,42,4
1,0,1,1,0,1,0,0,0,0,1,0,1,6,0.9111111111111112,0.9111111111111112,accuracy,133,45,42,5
1,0,1,1,0,1,0,0,0,0,0,1,1,6,1.0,1.0,accuracy,133,45,42,1
1,0,1,1,0,0,1,1,1,0,0,0,0,6,0.9777777777777776,0.9777777777777776,accuracy,133,45,42,2
1,0,1,1,0,0,1,1,0,1,0,0,0,6,0.9777777777777776,0.9777777777777776,accuracy,133,45,42,2
1,0,1,1,0,0,1,1,0,0,1,0,0,6,0.9555555555555556,0.9555555555555556,accuracy,133,45,42,3
1,0,1,1,0,0,1,1,0,0,0,1,0,6,0.9777777777777776,0.9777777777777776,accuracy,133,45,42,2
1,0,1,1,0,0,1,1,0,0,0,0,1,6,0.9777777777777776,0.9777777777777776,accuracy,133,45,42,2
1,0,1,1,0,0,1,0,1,1,0,0,0,6,0.9777777777777776,0.9777777777777776,accuracy,133,45,42,2
1,0,1,1,0,0,1,0,1,0,1,0,0,6,0.9555555555555556,0.9555555555555556,accuracy,133,45,42,3
1,0,1,1,0,0,1,0,1,0,0,1,0,6,0.9777777777777776,0.9777777777777776,accuracy,133,45,42,2
1,0,1,1,0,0,1,0,1,0,0,0,1,6,1.0,1.0,accuracy,133,45,42,1
1,0,1,1,0,0,1,0,0,1,1,0,0,6,0.9777777777777776,0.9777777777777776,accuracy,133,45,42,2
1,0,1,1,0,0,1,0,0,1,0,1,0,6,0.9777777777777776,0.9777777777777776,accuracy,133,45,42,2
1,0,1,1,0,0,1,0,0,1,0,0,1,6,0.9777777777777776,0.9777777777777776,accuracy,133,45,42,2
1,0,1,1,0,0,1,0,0,0,1,1,0,6,0.9555555555555556,0.9555555555555556,accuracy,133,45,42,3
1,0,1,1,0,0,1,0,0,0,1,0,1,6,0.9777777777777776,0.9777777777777776,accuracy,133,45,42,2
1,0,1,1,0,0,1,0,0,0,0,1,1,6,1.0,1.0,accuracy,133,45,42,1
1,0,1,1,0,0,0,1,1,1,0,0,0,6,0.8888888888888888,0.8888888888888888,accuracy,133,45,42,6
1,0,1,1,0,0,0,1,1,0,1,0,0,6,0.8888888888888888,0.8888888888888888,accuracy,133,45,42,6
1,0,1,1,0,0,0,1,1,0,0,1,0,6,0.9555555555555556,0.9555555555555556,accuracy,133,45,42,3
1,0,1,1,0,0,0,1,1,0,0,0,1,6,0.9333333333333332,0.9333333333333332,accuracy,133,45,42,4
1,0,1,1,0,0,0,1,0,1,1,0,0,6,0.8888888888888888,0.8888888888888888,accuracy,133,45,42,6
1,0,1,1,0,0,0,1,0,1,0,1,0,6,0.9333333333333332,0.9333333333333332,accuracy,133,45,42,4
1,0,1,1,0,0,0,1,0,1,0,0,1,6,0.9555555555555556,0.9555555555555556,accuracy,133,45,42,3
1,0,1,1,0,0,0,1,0,0,1,1,0,6,0.9333333333333332,0.9333333333333332,accuracy,133,45,42,4
1,0,1,1,0,0,0,1,0,0,1,0,1,6,0.9555555555555556,0.9555555555555556,accuracy,133,45,42,3
1,0,1,1,0,0,0,1,0,0,0,1,1,6,0.9555555555555556,0.9555555555555556,accuracy,133,45,42,3
1,0,1,1,0,0,0,0,1,1,1,0,0,6,0.9555555555555556,0.9555555555555556,accuracy,133,45,42,3
1,0,1,1,0,0,0,0,1,1,0,1,0,6,0.9555555555555556,0.9555555555555556,accuracy,133,45,42,3
1,0,1,1,0,0,0,0,1,1,0,0,1,6,1.0,1.0,accuracy,133,45,42,1
1,0,1,1,0,0,0,0,1,0,1,1,0,6,0.9555555555555556,0.9555555555555556,accuracy,133,45,42,3
1,0,1,1,0,0,0,0,1,0,1,0,1,6,0.9555555555555556,0.9555555555555556,accuracy,133,45,42,3
1,0,1,1,0,0,0,0,1,0,0,1,1,6,0.9777777777777776,0.9777777777777776,accuracy,133,45,42,2
1,0,1,1,0,0,0,0,0,1,1,1,0,6,0.9555555555555556,0.9555555555555556,accuracy,133,45,42,3
1,0,1,1,0,0,0,0,0,1,1,0,1,6,0.9777777777777776,0.9777777777777776,accuracy,133,45,42,2
1,0,1,1,0,0,0,0,0,1,0,1,1,6,1.0,1.0,accuracy,133,45,42,1
1,0,1,1,0,0,0,0,0,0,1,1,1,6,0.9555555555555556,0.9555555555555556,accuracy,133,45,42,3
1,0,1,0,1,1,1,1,0,0,0,0,0,6,0.9777777777777776,0.9777777777777776,accuracy,133,45,42,2
1,0,1,0,1,1,1,0,1,0,0,0,0,6,0.9777777777777776,0.9777777777777776,accuracy,133,45,42,2
1,0,1,0,1,1,1,0,0,1,0,0,0,6,0.9777777777777776,0.9777777777777776,accuracy,133,45,42,2
1,0,1,0,1,1,1,0,0,0,1,0,0,6,0.9555555555555556,0.9555555555555556,accuracy,133,45,42,3
1,0,1,0,1,1,1,0,0,0,0,1,0,6,1.0,1.0,accuracy,133,45,42,1
1,0,1,0,1,1,1,0,0,0,0,0,1,6,1.0,1.0,accuracy,133,45,42,1
1,0,1,0,1,1,0,1,1,0,0,0,0,6,0.8888888888888888,0.8888888888888888,accuracy,133,45,42,6
1,0,1,0,1,1,0,1,0,1,0,0,0,6,0.9111111111111112,0.9111111111111112,accuracy,133,45,42,5
1,0,1,0,1,1,0,1,0,0,1,0,0,6,0.9111111111111112,0.9111111111111112,accuracy,133,45,42,5
1,0,1,0,1,1,0,1,0,0,0,1,0,6,0.9777777777777776,0.9777777777777776,accuracy,133,45,42,2
1,0,1,0,1,1,0,1,0,0,0,0,1,6,0.9333333333333332,0.9333333333333332,accuracy,133,45,42,4
1,0,1,0,1,1,0,0,1,1,0,0,0,6,0.9333333333333332,0.9333333333333332,accuracy,133,45,42,4
1,0,1,0,1,1,0,0,1,0,1,0,0,6,0.8666666666666667,0.8666666666666667,accuracy,133,45,42,7
1,0,1,0,1,1,0,0,1,0,0,1,0,6,0.9777777777777776,0.9777777777777776,accuracy,133,45,42,2
1,0,1,0,1,1,0,0,1,0,0,0,1,6,0.9333333333333332,0.9333333333333332,accuracy,133,45,42,4
1,0,1,0,1,1,0,0,0,1,1,0,0,6,0.9555555555555556,0.9555555555555556,accuracy,133,45,42,3
1,0,1,0,1,1,0,0,0,1,0,1,0,6,0.9333333333333332,0.9333333333333332,accuracy,133,45,42,4
1,0,1,0,1,1,0,0,0,1,0,0,1,6,0.9555555555555556,0.9555555555555556,accuracy,133,45,42,3
1,0,1,0,1,1,0,0,0,0,1,1,0,6,0.9555555555555556,0.9555555555555556,accuracy,133,45,42,3
1,0,1,0,1,1,0,0,0,0,1,0,1,6,0.9111111111111112,0.9111111111111112,accuracy,133,45,42,5
1,0,1,0,1,1,0,0,0,0,0,1,1,6,0.9777777777777776,0.9777777777777776,accuracy,133,45,42,2
1,0,1,0,1,0,1,1,1,0,0,0,0,6,0.9777777777777776,0.9777777777777776,accuracy,133,45,42,2
1,0,1,0,1,0,1,1,0,1,0,0,0,6,0.9777777777777776,0.9777777777777776,accuracy,133,45,42,2
1,0,1,0,1,0,1,1,0,0,1,0,0,6,0.9555555555555556,0.9555555555555556,accuracy,133,45,42,3
1,0,1,0,1,0,1,1,0,0,0,1,0,6,0.9777777777777776,0.9777777777777776,accuracy,133,45,42,2
1,0,1,0,1,0,1,1,0,0,0,0,1,6,1.0,1.0,accuracy,133,45,42,1
1,0,1,0,1,0,1,0,1,1,0,0,0,6,0.9777777777777776,0.9777777777777776,accuracy,133,45,42,2
1,0,1,0,1,0,1,0,1,0,1,0,0,6,0.9777777777777776,0.9777777777777776,accuracy,133,45,42,2
1,0,1,0,1,0,1,0,1,0,0,1,0,6,1.0,1.0,accuracy,133,45,42,1
1,0,1,0,1,0,1,0,1,0,0,0,1,6,0.9777777777777776,0.9777777777777776,accuracy,133,45,42,2
1,0,1,0,1,0,1,0,0,1,1,0,0,6,0.9777777777777776,0.9777777777777776,accuracy,133,45,42,2
1,0,1,0,1,0,1,0,0,1,0,1,0,6,0.9777777777777776,0.9777777777777776,accuracy,133,45,42,2
1,0,1,0,1,0,1,0,0,1,0,0,1,6,1.0,1.0,accuracy,133,45,42,1
1,0,1,0,1,0,1,0,0,0,1,1,0,6,0.9777777777777776,0.9777777777777776,accuracy,133,45,42,2
1,0,1,0,1,0,1,0,0,0,1,0,1,6,0.9777777777777776,0.9777777777777776,accuracy,133,45,42,2
1,0,1,0,1,0,1,0,0,0,0,1,1,6,0.9777777777777776,0.9777777777777776,accuracy,133,45,42,2
1,0,1,0,1,0,0,1,1,1,0,0,0,6,0.9333333333333332,0.9333333333333332,accuracy,133,45,42,4
1,0,1,0,1,0,0,1,1,0,1,0,0,6,0.8888888888888888,0.8888888888888888,accuracy,133,45,42,6
1,0,1,0,1,0,0,1,1,0,0,1,0,6,0.9333333333333332,0.9333333333333332,accuracy,133,45,42,4
1,0,1,0,1,0,0,1,1,0,0,0,1,6,0.9111111111111112,0.9111111111111112,accuracy,133,45,42,5
1,0,1,0,1,0,0,1,0,1,1,0,0,6,0.8888888888888888,0.8888888888888888,accuracy,133,45,42,6
1,0,1,0,1,0,0,1,0,1,0,1,0,6,0.9333333333333332,0.9333333333333332,accuracy,133,45,42,4
1,0,1,0,1,0,0,1,0,1,0,0,1,6,0.9333333333333332,0.9333333333333332,accuracy,133,45,42,4
1,0,1,0,1,0,0,1,0,0,1,1,0,6,0.9555555555555556,0.9555555555555556,accuracy,133,45,42,3
1,0,1,0,1,0,0,1,0,0,1,0,1,6,0.9555555555555556,0.9555555555555556,accuracy,133,45,42,3
1,0,1,0,1,0,0,1,0,0,0,1,1,6,0.9555555555555556,0.9555555555555556,accuracy,133,45,42,3
1,0,1,0,1,0,0,0,1,1,1,0,0,6,0.9333333333333332,0.9333333333333332,accuracy,133,45,42,4
1,0,1,0,1,0,0,0,1,1,0,1,0,6,0.9333333333333332,0.9333333333333332,accuracy,133,45,42,4
1,0,1,0,1,0,0,0,1,1,0,0,1,6,1.0,1.0,accuracy,133,45,42,1
1,0,1,0,1,0,0,0,1,0,1,1,0,6,0.9555555555555556,0.9555555555555556,accuracy,133,45,42,3
1,0,1,0,1,0,0,0,1,0,1,0,1,6,0.9555555555555556,0.9555555555555556,accuracy,133,45,42,3
1,0,1,0,1,0,0,0,1,0,0,1,1,6,0.9555555555555556,0.9555555555555556,accuracy,133,45,42,3
1,0,1,0,1,0,0,0,0,1,1,1,0,6,0.9777777777777776,0.9777777777777776,accuracy,133,45,42,2
1,0,1,0,1,0,0,0,0,1,1,0,1,6,0.9555555555555556,0.9555555555555556,accuracy,133,45,42,3
1,0,1,0,1,0,0,0,0,1,0,1,1,6,1.0,1.0,accuracy,133,45,42,1
1,0,1,0,1,0,0,0,0,0,1,1,1,6,0.9777777777777776,0.9777777777777776,accuracy,133,45,42,2
1,0,1,0,0,1,1,1,1,0,0,0,0,6,0.9555555555555556,0.9555555555555556,accuracy,133,45,42,3
1,0,1,0,0,1,1,1,0,1,0,0,0,6,0.9555555555555556,0.9555555555555556,accuracy,133,45,42,3
1,0,1,0,0,1,1,1,0,0,1,0,0,6,0.9555555555555556,0.9555555555555556,accuracy,133,45,42,3
1,0,1,0,0,1,1,1,0,0,0,1,0,6,0.9777777777777776,0.9777777777777776,accuracy,133,45,42,2
1,0,1,0,0,1,1,1,0,0,0,0,1,6,0.9777777777777776,0.9777777777777776,accuracy,133,45,42,2
1,0,1,0,0,1,1,0,1,1,0,0,0,6,0.9555555555555556,0.9555555555555556,accuracy,133,45,42,3
1,0,1,0,0,1,1,0,1,0,1,0,0,6,0.9555555555555556,0.9555555555555556,accuracy,133,45,42,3
1,0,1,0,0,1,1,0,1,0,0,1,0,6,0.9555555555555556,0.9555555555555556,accuracy,133,45,42,3
1,0,1,0,0,1,1,0,1,0,0,0,1,6,0.9777777777777776,0.9777777777777776,accuracy,133,45,42,2
1,0,1,0,0,1,1,0,0,1,1,0,0,6,0.9555555555555556,0.9555555555555556,accuracy,133,45,42,3
1,0,1,0,0,1,1,0,0,1,0,1,0,6,0.9555555555555556,0.9555555555555556,accuracy,133,45,42,3
1,0,1,0,0,1,1,0,0,1,0,0,1,6,1.0,1.0,accuracy,133,45,42,1
1,0,1,0,0,1,1,0,0,0,1,1,0,6,0.9555555555555556,0.9555555555555556,accuracy,133,45,42,3
1,0,1,0,0,1,1,0,0,0,1,0,1,6,0.9777777777777776,0.9777777777777776,accuracy,133,45,42,2
1,0,1,0,0,1,1,0,0,0,0,1,1,6,1.0,1.0,accuracy,133,45,42,1
1,0,1,0,0,1,0,1,1,1,0,0,0,6,0.9555555555555556,0.9555555555555556,accuracy,133,45,42,3
1,0,1,0,0,1,0,1,1,0,1,0,0,6,0.9111111111111112,0.9111111111111112,accuracy,133,45,42,5
1,0,1,0,0,1,0,1,1,0,0,1,0,6,0.9555555555555556,0.9555555555555556,accuracy,133,45,42,3
1,0,1,0,0,1,0,1,1,0,0,0,1,6,0.9555555555555556,0.9555555555555556,accuracy,133,45,42,3
1,0,1,0,0,1,0,1,0,1,1,0,0,6,0.9333333333333332,0.9333333333333332,accuracy,133,45,42,4
1,0,1,0,0,1,0,1,0,1,0,1,0,6,0.9333333333333332,0.9333333333333332,accuracy,133,45,42,4
1,0,1,0,0,1,0,1,0,1,0,0,1,6,0.9777777777777776,0.9777777777777776,accuracy,133,45,42,2
1,0,1,0,0,1,0,1,0,0,1,1,0,6,0.9555555555555556,0.9555555555555556,accuracy,133,45,42,3
1,0,1,0,0,1,0,1,0,0,1,0,1,6,0.9111111111111112,0.9111111111111112,accuracy,133,45,42,5
1,0,1,0,0,1,0,1,0,0,0,1,1,6,0.9777777777777776,0.9777777777777776,accuracy,133,45,42,2
1,0,1,0,0,1,0,0,1,1,1,0,0,6,0.9555555555555556,0.9555555555555556,accuracy,133,45,42,3
1,0,1,0,0,1,0,0,1,1,0,1,0,6,0.9333333333333332,0.9333333333333332,accuracy,133,45,42,4
1,0,1,0,0,1,0,0,1,1,0,0,1,6,1.0,1.0,accuracy,133,45,42,1
1,0,1,0,0,1,0,0,1,0,1,1,0,6,0.9333333333333332,0.9333333333333332,accuracy,133,45,42,4
1,0,1,0,0,1,0,0,1,0,1,0,1,6,0.9333333333333332,0.9333333333333332,accuracy,133,45,42,4
1,0,1,0,0,1,0,0,1,0,0,1,1,6,0.9555555555555556,0.9555555555555556,accuracy,133,45,42,3
1,0,1,0,0,1,0,0,0,1,1,1,0,6,0.9333333333333332,0.9333333333333332,accuracy,133,45,42,4
1,0,1,0,0,1,0,0,0,1,1,0,1,6,0.9777777777777776,0.9777777777777776,accuracy,133,45,42,2
1,0,1,0,0,1,0,0,0,1,0,1,1,6,1.0,1.0,accuracy,133,45,42,1
1,0,1,0,0,1,0,0,0,0,1,1,1,6,0.9555555555555556,0.9555555555555556,accuracy,133,45,42,3
1,0,1,0,0,0,1,1,1,1,0,0,0,6,0.9777777777777776,0.9777777777777776,accuracy,133,45,42,2
1,0,1,0,0,0,1,1,1,0,1,0,0,6,0.9555555555555556,0.9555555555555556,accuracy,133,45,42,3
1,0,1,0,0,0,1,1,1,0,0,1,0,6,0.9777777777777776,0.9777777777777776,accuracy,133,45,42,2
1,0,1,0,0,0,1,1,1,0,0,0,1,6,0.9777777777777776,0.9777777777777776,accuracy,133,45,42,2
1,0,1,0,0,0,1,1,0,1,1,0,0,6,0.9555555555555556,0.9555555555555556,accuracy,133,45,42,3
1,0,1,0,0,0,1,1,0,1,0,1,0,6,0.9555555555555556,0.9555555555555556,accuracy,133,45,42,3
1,0,1,0,0,0,1,1,0,1,0,0,1,6,0.9777777777777776,0.9777777777777776,accuracy,133,45,42,2
1,0,1,0,0,0,1,1,0,0,1,1,0,6,0.9555555555555556,0.9555555555555556,accuracy,133,45,42,3
1,0,1,0,0,0,1,1,0,0,1,0,1,6,0.9777777777777776,0.9777777777777776,accuracy,133,45,42,2
1,0,1,0,0,0,1,1,0,0,0,1,1,6,0.9777777777777776,0.9777777777777776,accuracy,133,45,42,2
1,0,1,0,0,0,1,0,1,1,1,0,0,6,0.9555555555555556,0.9555555555555556,accuracy,133,45,42,3
1,0,1,0,0,0,1,0,1,1,0,1,0,6,0.9555555555555556,0.9555555555555556,accuracy,133,45,42,3
1,0,1,0,0,0,1,0,1,1,0,0,1,6,1.0,1.0,accuracy,133,45,42,1
1,0,1,0,0,0,1,0,1,0,1,1,0,6,0.9555555555555556,0.9555555555555556,accuracy,133,45,42,3
1,0,1,0,0,0,1,0,1,0,1,0,1,6,0.9777777777777776,0.9777777777777776,accuracy,133,45,42,2
1,0,1,0,0,0,1,0,1,0,0,1,1,6,1.0,1.0,accuracy,133,45,42,1
1,0,1,0,0,0,1,0,0,1,1,1,0,6,0.9555555555555556,0.9555555555555556,accuracy,133,45,42,3
1,0,1,0,0,0,1,0,0,1,1,0,1,6,1.0,1.0,accuracy,133,45,42,1
1,0,1,0,0,0,1,0,0,1,0,1,1,6,1.0,1.0,accuracy,133,45,42,1
1,0,1,0,0,0,1,0,0,0,1,1,1,6,0.9777777777777776,0.9777777777777776,accuracy,133,45,42,2
1,0,1,0,0,0,0,1,1,1,1,0,0,6,0.9111111111111112,0.9111111111111112,accuracy,133,45,42,5
1,0,1,0,0,0,0,1,1,1,0,1,0,6,0.9333333333333332,0.9333333333333332,accuracy,133,45,42,4
1,0,1,0,0,0,0,1,1,1,0,0,1,6,1.0,1.0,accuracy,133,45,42,1
1,0,1,0,0,0,0,1,1,0,1,1,0,6,0.9555555555555556,0.9555555555555556,accuracy,133,45,42,3
1,0,1,0,0,0,0,1,1,0,1,0,1,6,0.9555555555555556,0.9555555555555556,accuracy,133,45,42,3
1,0,1,0,0,0,0,1,1,0,0,1,1,6,0.9555555555555556,0.9555555555555556,accuracy,133,45,42,3
1,0,1,0,0,0,0,1,0,1,1,1,0,6,0.9333333333333332,0.9333333333333332,accuracy,133,45,42,4
1,0,1,0,0,0,0,1,0,1,1,0,1,6,0.9777777777777776,0.9777777777777776,accuracy,133,45,42,2
1,0,1,0,0,0,0,1,0,1,0,1,1,6,1.0,1.0,accuracy,133,45,42,1
1,0,1,0,0,0,0,1,0,0,1,1,1,6,0.9555555555555556,0.9555555555555556,accuracy,133,45,42,3
1,0,1,0,0,0,0,0,1,1,1,1,0,6,0.9555555555555556,0.9555555555555556,accuracy,133,45,42,3
1,0,1,0,0,0,0,0,1,1,1,0,1,6,1.0,1.0,accuracy,133,45,42,1
1,0,1,0,0,0,0,0,1,1,0,1,1,6,1.0,1.0,accuracy,133,45,42,1
1,0,1,0,0,0,0,0,1,0,1,1,1,6,0.9555555555555556,0.9555555555555556,accuracy,133,45,42,3
1,0,1,0,0,0,0,0,0,1,1,1,1,6,1.0,1.0,accuracy,133,45,42,1
1,0,0,1,1,1,1,1,0,0,0,0,0,6,0.9777777777777776,0.9777777777777776,accuracy,133,45,42,2
1,0,0,1,1,1,1,0,1,0,0,0,0,6,0.9777777777777776,0.9777777777777776,accuracy,133,45,42,2
1,0,0,1,1,1,1,0,0,1,0,0,0,6,0.9777777777777776,0.9777777777777776,accuracy,133,45,42,2
1,0,0,1,1,1,1,0,0,0,1,0,0,6,0.9333333333333332,0.9333333333333332,accuracy,133,45,42,4
1,0,0,1,1,1,1,0,0,0,0,1,0,6,1.0,1.0,accuracy,133,45,42,1
1,0,0,1,1,1,1,0,0,0,0,0,1,6,0.9777777777777776,0.9777777777777776,accuracy,133,45,42,2
1,0,0,1,1,1,0,1,1,0,0,0,0,6,0.8888888888888888,0.8888888888888888,accuracy,133,45,42,6
1,0,0,1,1,1,0,1,0,1,0,0,0,6,0.8888888888888888,0.8888888888888888,accuracy,133,45,42,6
1,0,0,1,1,1,0,1,0,0,1,0,0,6,0.8888888888888888,0.8888888888888888,accuracy,133,45,42,6
1,0,0,1,1,1,0,1,0,0,0,1,0,6,0.9555555555555556,0.9555555555555556,accuracy,133,45,42,3
1,0,0,1,1,1,0,1,0,0,0,0,1,6,0.9333333333333332,0.9333333333333332,accuracy,133,45,42,4
1,0,0,1,1,1,0,0,1,1,0,0,0,6,0.9333333333333332,0.9333333333333332,accuracy,133,45,42,4
1,0,0,1,1,1,0,0,1,0,1,0,0,6,0.9111111111111112,0.9111111111111112,accuracy,133,45,42,5
1,0,0,1,1,1,0,0,1,0,0,1,0,6,0.9555555555555556,0.9555555555555556,accuracy,133,45,42,3
1,0,0,1,1,1,0,0,1,0,0,0,1,6,0.9333333333333332,0.9333333333333332,accuracy,133,45,42,4
1,0,0,1,1,1,0,0,0,1,1,0,0,6,0.9333333333333332,0.9333333333333332,accuracy,133,45,42,4
1,0,0,1,1,1,0,0,0,1,0,1,0,6,0.9555555555555556,0.9555555555555556,accuracy,133,45,42,3
1,0,0,1,1,1,0,0,0,1,0,0,1,6,0.9555555555555556,0.9555555555555556,accuracy,133,45,42,3
1,0,0,1,1,1,0,0,0,0,1,1,0,6,0.9555555555555556,0.9555555555555556,accuracy,133,45,42,3
1,0,0,1,1,1,0,0,0,0,1,0,1,6,0.8888888888888888,0.8888888888888888,accuracy,133,45,42,6
1,0,0,1,1,1,0,0,0,0,0,1,1,6,0.9777777777777776,0.9777777777777776,accuracy,133,45,42,2
1,0,0,1,1,0,1,1,1,0,0,0,0,6,0.9333333333333332,0.9333333333333332,accuracy,133,45,42,4
1,0,0,1,1,0,1,1,0,1,0,0,0,6,0.9777777777777776,0.9777777777777776,accuracy,133,45,42,2
1,0,0,1,1,0,1,1,0,0,1,0,0,6,0.9333333333333332,0.9333333333333332,accuracy,133,45,42,4
1,0,0,1,1,0,1,1,0,0,0,1,0,6,0.9777777777777776,0.9777777777777776,accuracy,133,45,42,2
1,0,0,1,1,0,1,1,0,0,0,0,1,6,0.9777777777777776,0.9777777777777776,accuracy,133,45,42,2
1,0,0,1,1,0,1,0,1,1,0,0,0,6,0.9777777777777776,0.9777777777777776,accuracy,133,45,42,2
1,0,0,1,1,0,1,0,1,0,1,0,0,6,0.9555555555555556,0.9555555555555556,accuracy,133,45,42,3
1,0,0,1,1,0,1,0,1,0,0,1,0,6,1.0,1.0,accuracy,133,45,42,1
1,0,0,1,1,0,1,0,1,0,0,0,1,6,0.9777777777777776,0.9777777777777776,accuracy,133,45,42,2
1,0,0,1,1,0,1,0,0,1,1,0,0,6,0.9777777777777776,0.9777777777777776,accuracy,133,45,42,2
1,0,0,1,1,0,1,0,0,1,0,1,0,6,0.9777777777777776,0.9777777777777776,accuracy,133,45,42,2
1,0,0,1,1,0,1,0,0,1,0,0,1,6,1.0,1.0,accuracy,133,45,42,1
1,0,0,1,1,0,1,0,0,0,1,1,0,6,0.9777777777777776,0.9777777777777776,accuracy,133,45,42,2
1,0,0,1,1,0,1,0,0,0,1,0,1,6,0.9777777777777776,0.9777777777777776,accuracy,133,45,42,2
1,0,0,1,1,0,1,0,0,0,0,1,1,6,1.0,1.0,accuracy,133,45,42,1
1,0,0,1,1,0,0,1,1,1,0,0,0,6,0.9111111111111112,0.9111111111111112,accuracy,133,45,42,5
1,0,0,1,1,0,0,1,1,0,1,0,0,6,0.9333333333333332,0.9333333333333332,accuracy,133,45,42,4
1,0,0,1,1,0,0,1,1,0,0,1,0,6,0.9333333333333332,0.9333333333333332,accuracy,133,45,42,4
1,0,0,1,1,0,0,1,1,0,0,0,1,6,0.9111111111111112,0.9111111111111112,accuracy,133,45,42,5
1,0,0,1,1,0,0,1,0,1,1,0,0,6,0.9111111111111112,0.9111111111111112,accuracy,133,45,42,5
1,0,0,1,1,0,0,1,0,1,0,1,0,6,0.9555555555555556,0.9555555555555556,accuracy,133,45,42,3
1,0,0,1,1,0,0,1,0,1,0,0,1,6,0.9555555555555556,0.9555555555555556,accuracy,133,45,42,3
1,0,0,1,1,0,0,1,0,0,1,1,0,6,0.9555555555555556,0.9555555555555556,accuracy,133,45,42,3
1,0,0,1,1,0,0,1,0,0,1,0,1,6,0.9555555555555556,0.9555555555555556,accuracy,133,45,42,3
1,0,0,1,1,0,0,1,0,0,0,1,1,6,0.9777777777777776,0.9777777777777776,accuracy,133,45,42,2
1,0,0,1,1,0,0,0,1,1,1,0,0,6,0.9333333333333332,0.9333333333333332,accuracy,133,45,42,4
1,0,0,1,1,0,0,0,1,1,0,1,0,6,0.9777777777777776,0.9777777777777776,accuracy,133,45,42,2
1,0,0,1,1,0,0,0,1,1,0,0,1,6,1.0,1.0,accuracy,133,45,42,1
1,0,0,1,1,0,0,0,1,0,1,1,0,6,0.9555555555555556,0.9555555555555556,accuracy,133,45,42,3
1,0,0,1,1,0,0,0,1,0,1,0,1,6,0.9555555555555556,0.9555555555555556,accuracy,133,45,42,3
1,0,0,1,1,0,0,0,1,0,0,1,1,6,0.9777777777777776,0.9777777777777776,accuracy,133,45,42,2
1,0,0,1,1,0,0,0,0,1,1,1,0,6,0.9777777777777776,0.9777777777777776,accuracy,133,45,42,2
1,0,0,1,1,0,0,0,0,1,1,0,1,6,1.0,1.0,accuracy,133,45,42,1
1,0,0,1,1,0,0,0,0,1,0,1,1,6,1.0,1.0,accuracy,133,45,42,1
1,0,0,1,1,0,0,0,0,0,1,1,1,6,0.9777777777777776,0.9777777777777776,accuracy,133,45,42,2
1,0,0,1,0,1,1,1,1,0,0,0,0,6,0.9555555555555556,0.9555555555555556,accuracy,133,45,42,3
1,0,0,1,0,1,1,1,0,1,0,0,0,6,0.9777777777777776,0.9777777777777776,accuracy,133,45,42,2
1,0,0,1,0,1,1,1,0,0,1,0,0,6,0.9333333333333332,0.9333333333333332,accuracy,133,45,42,4
1,0,0,1,0,1,1,1,0,0,0,1,0,6,0.9555555555555556,0.9555555555555556,accuracy,133,45,42,3
1,0,0,1,0,1,1,1,0,0,0,0,1,6,0.9777777777777776,0.9777777777777776,accuracy,133,45,42,2
1,0,0,1,0,1,1,0,1,1,0,0,0,6,0.9777777777777776,0.9777777777777776,accuracy,133,45,42,2
1,0,0,1,0,1,1,0,1,0,1,0,0,6,0.9555555555555556,0.9555555555555556,accuracy,133,45,42,3
1,0,0,1,0,1,1,0,1,0,0,1,0,6,0.9777777777777776,0.9777777777777776,accuracy,133,45,42,2
1,0,0,1,0,1,1,0,1,0,0,0,1,6,0.9555555555555556,0.9555555555555556,accuracy,133,45,42,3
1,0,0,1,0,1,1,0,0,1,1,0,0,6,0.9777777777777776,0.9777777777777776,accuracy,133,45,42,2
1,0,0,1,0,1,1,0,0,1,0,1,0,6,0.9777777777777776,0.9777777777777776,accuracy,133,45,42,2
1,0,0,1,0,1,1,0,0,1,0,0,1,6,0.9777777777777776,0.9777777777777776,accuracy,133,45,42,2
1,0,0,1,0,1,1,0,0,0,1,1,0,6,0.9555555555555556,0.9555555555555556,accuracy,133,45,42,3
1,0,0,1,0,1,1,0,0,0,1,0,1,6,0.9777777777777776,0.9777777777777776,accuracy,133,45,42,2
1,0,0,1,0,1,1,0,0,0,0,1,1,6,1.0,1.0,accuracy,133,45,42,1
1,0,0,1,0,1,0,1,1,1,0,0,0,6,0.9555555555555556,0.9555555555555556,accuracy,133,45,42,3
1,0,0,1,0,1,0,1,1,0,1,0,0,6,0.8888888888888888,0.8888888888888888,accuracy,133,45,42,6
1,0,0,1,0,1,0,1,1,0,0,1,0,6,0.9333333333333332,0.9333333333333332,accuracy,133,45,42,4
1,0,0,1,0,1,0,1,1,0,0,0,1,6,0.9333333333333332,0.9333333333333332,accuracy,133,45,42,4
1,0,0,1,0,1,0,1,0,1,1,0,0,6,0.9111111111111112,0.9111111111111112,accuracy,133,45,42,5
1,0,0,1,0,1,0,1,0,1,0,1,0,6,0.9555555555555556,0.9555555555555556,accuracy,133,45,42,3
1,0,0,1,0,1,0,1,0,1,0,0,1,6,0.9555555555555556,0.9555555555555556,accuracy,133,45,42,3
1,0,0,1,0,1,0,1,0,0,1,1,0,6,0.9333333333333332,0.9333333333333332,accuracy,133,45,42,4
1,0,0,1,0,1,0,1,0,0,1,0,1,6,0.9111111111111112,0.9111111111111112,accuracy,133,45,42,5
1,0,0,1,0,1,0,1,0,0,0,1,1,6,0.9777777777777776,0.9777777777777776,accuracy,133,45,42,2
1,0,0,1,0,1,0,0,1,1,1,0,0,6,0.9333333333333332,0.9333333333333332,accuracy,133,45,42,4
1,0,0,1,0,1,0,0,1,1,0,1,0,6,0.9777777777777776,0.9777777777777776,accuracy,133,45,42,2
1,0,0,1,0,1,0,0,1,1,0,0,1,6,1.0,1.0,accuracy,133,45,42,1
1,0,0,1,0,1,0,0,1,0,1,1,0,6,0.9333333333333332,0.9333333333333332,accuracy,133,45,42,4
1,0,0,1,0,1,0,0,1,0,1,0,1,6,0.9555555555555556,0.9555555555555556,accuracy,133,45,42,3
1,0,0,1,0,1,0,0,1,0,0,1,1,6,0.9777777777777776,0.9777777777777776,accuracy,133,45,42,2
1,0,0,1,0,1,0,0,0,1,1,1,0,6,0.9777777777777776,0.9777777777777776,accuracy,133,45,42,2
1,0,0,1,0,1,0,0,0,1,1,0,1,6,0.9777777777777776,0.9777777777777776,accuracy,133,45,42,2
1,0,0,1,0,1,0,0,0,1,0,1,1,6,1.0,1.0,accuracy,133,45,42,1
1,0,0,1,0,1,0,0,0,0,1,1,1,6,0.9777777777777776,0.9777777777777776,accuracy,133,45,42,2
1,0,0,1,0,0,1,1,1,1,0,0,0,6,0.9555555555555556,0.9555555555555556,accuracy,133,45,42,3
1,0,0,1,0,0,1,1,1,0,1,0,0,6,0.9555555555555556,0.9555555555555556,accuracy,133,45,42,3
1,0,0,1,0,0,1,1,1,0,0,1,0,6,0.9555555555555556,0.9555555555555556,accuracy,133,45,42,3
1,0,0,1,0,0,1,1,1,0,0,0,1,6,1.0,1.0,accuracy,133,45,42,1
1,0,0,1,0,0,1,1,0,1,1,0,0,6,0.9777777777777776,0.9777777777777776,accuracy,133,45,42,2
1,0,0,1,0,0,1,1,0,1,0,1,0,6,0.9777777777777776,0.9777777777777776,accuracy,133,45,42,2
1,0,0,1,0,0,1,1,0,1,0,0,1,6,0.9777777777777776,0.9777777777777776,accuracy,133,45,42,2
1,0,0,1,0,0,1,1,0,0,1,1,0,6,0.9555555555555556,0.9555555555555556,accuracy,133,45,42,3
1,0,0,1,0,0,1,1,0,0,1,0,1,6,0.9777777777777776,0.9777777777777776,accuracy,133,45,42,2
1,0,0,1,0,0,1,1,0,0,0,1,1,6,1.0,1.0,accuracy,133,45,42,1
1,0,0,1,0,0,1,0,1,1,1,0,0,6,0.9777777777777776,0.9777777777777776,accuracy,133,45,42,2
1,0,0,1,0,0,1,0,1,1,0,1,0,6,0.9777777777777776,0.9777777777777776,accuracy,133,45,42,2
1,0,0,1,0,0,1,0,1,1,0,0,1,6,0.9777777777777776,0.9777777777777776,accuracy,133,45,42,2
1,0,0,1,0,0,1,0,1,0,1,1,0,6,0.9555555555555556,0.9555555555555556,accuracy,133,45,42,3
1,0,0,1,0,0,1,0,1,0,1,0,1,6,0.9777777777777776,0.9777777777777776,accuracy,133,45,42,2
1,0,0,1,0,0,1,0,1,0,0,1,1,6,1.0,1.0,accuracy,133,45,42,1
1,0,0,1,0,0,1,0,0,1,1,1,0,6,0.9777777777777776,0.9777777777777776,accuracy,133,45,42,2
1,0,0,1,0,0,1,0,0,1,1,0,1,6,1.0,1.0,accuracy,133,45,42,1
1,0,0,1,0,0,1,0,0,1,0,1,1,6,0.9777777777777776,0.9777777777777776,accuracy,133,45,42,2
1,0,0,1,0,0,1,0,0,0,1,1,1,6,0.9777777777777776,0.9777777777777776,accuracy,133,45,42,2
1,0,0,1,0,0,0,1,1,1,1,0,0,6,0.9111111111111112,0.9111111111111112,accuracy,133,45,42,5
1,0,0,1,0,0,0,1,1,1,0,1,0,6,0.9777777777777776,0.9777777777777776,accuracy,133,45,42,2
1,0,0,1,0,0,0,1,1,1,0,0,1,6,1.0,1.0,accuracy,133,45,42,1
1,0,0,1,0,0,0,1,1,0,1,1,0,6,0.9333333333333332,0.9333333333333332,accuracy,133,45,42,4
1,0,0,1,0,0,0,1,1,0,1,0,1,6,0.9555555555555556,0.9555555555555556,accuracy,133,45,42,3
1,0,0,1,0,0,0,1,1,0,0,1,1,6,0.9777777777777776,0.9777777777777776,accuracy,133,45,42,2
1,0,0,1,0,0,0,1,0,1,1,1,0,6,0.9777777777777776,0.9777777777777776,accuracy,133,45,42,2
1,0,0,1,0,0,0,1,0,1,1,0,1,6,0.9777777777777776,0.9777777777777776,accuracy,133,45,42,2
1,0,0,1,0,0,0,1,0,1,0,1,1,6,1.0,1.0,accuracy,133,45,42,1
1,0,0,1,0,0,0,1,0,0,1,1,1,6,0.9555555555555556,0.9555555555555556,accuracy,133,45,42,3
1,0,0,1,0,0,0,0,1,1,1,1,0,6,0.9555555555555556,0.9555555555555556,accuracy,133,45,42,3
1,0,0,1,0,0,0,0,1,1,1,0,1,6,1.0,1.0,accuracy,133,45,42,1
1,0,0,1,0,0,0,0,1,1,0,1,1,6,1.0,1.0,accuracy,133,45,42,1
1,0,0,1,0,0,0,0,1,0,1,1,1,6,0.9777777777777776,0.9777777777777776,accuracy,133,45,42,2
1,0,0,1,0,0,0,0,0,1,1,1,1,6,1.0,1.0,accuracy,133,45,42,1
1,0,0,0,1,1,1,1,1,0,0,0,0,6,0.9555555555555556,0.9555555555555556,accuracy,133,45,42,3
1,0,0,0,1,1,1,1,0,1,0,0,0,6,0.9777777777777776,0.9777777777777776,accuracy,133,45,42,2
1,0,0,0,1,1,1,1,0,0,1,0,0,6,0.9555555555555556,0.9555555555555556,accuracy,133,45,42,3
1,0,0,0,1,1,1,1,0,0,0,1,0,6,0.9777777777777776,0.9777777777777776,accuracy,133,45,42,2
1,0,0,0,1,1,1,1,0,0,0,0,1,6,0.9555555555555556,0.9555555555555556,accuracy,133,45,42,3
1,0,0,0,1,1,1,0,1,1,0,0,0,6,0.9777777777777776,0.9777777777777776,accuracy,133,45,42,2
1,0,0,0,1,1,1,0,1,0,1,0,0,6,0.9555555555555556,0.9555555555555556,accuracy,133,45,42,3
1,0,0,0,1,1,1,0,1,0,0,1,0,6,1.0,1.0,accuracy,133,45,42,1
1,0,0,0,1,1,1,0,1,0,0,0,1,6,0.9777777777777776,0.9777777777777776,accuracy,133,45,42,2
1,0,0,0,1,1,1,0,0,1,1,0,0,6,0.9777777777777776,0.9777777777777776,accuracy,133,45,42,2
1,0,0,0,1,1,1,0,0,1,0,1,0,6,0.9777777777777776,0.9777777777777776,accuracy,133,45,42,2
1,0,0,0,1,1,1,0,0,1,0,0,1,6,1.0,1.0,accuracy,133,45,42,1
1,0,0,0,1,1,1,0,0,0,1,1,0,6,0.9777777777777776,0.9777777777777776,accuracy,133,45,42,2
1,0,0,0,1,1,1,0,0,0,1,0,1,6,0.9777777777777776,0.9777777777777776,accuracy,133,45,42,2
1,0,0,0,1,1,1,0,0,0,0,1,1,6,1.0,1.0,accuracy,133,45,42,1
1,0,0,0,1,1,0,1,1,1,0,0,0,6,0.9555555555555556,0.9555555555555556,accuracy,133,45,42,3
1,0,0,0,1,1,0,1,1,0,1,0,0,6,0.9333333333333332,0.9333333333333332,accuracy,133,45,42,4
1,0,0,0,1,1,0,1,1,0,0,1,0,6,0.9555555555555556,0.9555555555555556,accuracy,133,45,42,3
1,0,0,0,1,1,0,1,1,0,0,0,1,6,0.9111111111111112,0.9111111111111112,accuracy,133,45,42,5
1,0,0,0,1,1,0,1,0,1,1,0,0,6,0.9333333333333332,0.9333333333333332,accuracy,133,45,42,4
1,0,0,0,1,1,0,1,0,1,0,1,0,6,0.9555555555555556,0.9555555555555556,accuracy,133,45,42,3
1,0,0,0,1,1,0,1,0,1,0,0,1,6,0.9777777777777776,0.9777777777777776,accuracy,133,45,42,2
1,0,0,0,1,1,0,1,0,0,1,1,0,6,0.9555555555555556,0.9555555555555556,accuracy,133,45,42,3
1,0,0,0,1,1,0,1,0,0,1,0,1,6,0.8888888888888888,0.8888888888888888,accuracy,133,45,42,6
1,0,0,0,1,1,0,1,0,0,0,1,1,6,0.9555555555555556,0.9555555555555556,accuracy,133,45,42,3
1,0,0,0,1,1,0,0,1,1,1,0,0,6,0.9333333333333332,0.9333333333333332,accuracy,133,45,42,4
1,0,0,0,1,1,0,0,1,1,0,1,0,6,0.9555555555555556,0.9555555555555556,accuracy,133,45,42,3
1,0,0,0,1,1,0,0,1,1,0,0,1,6,1.0,1.0,accuracy,133,45,42,1
1,0,0,0,1,1,0,0,1,0,1,1,0,6,0.9555555555555556,0.9555555555555556,accuracy,133,45,42,3
1,0,0,0,1,1,0,0,1,0,1,0,1,6,0.9333333333333332,0.9333333333333332,accuracy,133,45,42,4
1,0,0,0,1,1,0,0,1,0,0,1,1,6,0.9555555555555556,0.9555555555555556,accuracy,133,45,42,3
1,0,0,0,1,1,0,0,0,1,1,1,0,6,0.9777777777777776,0.9777777777777776,accuracy,133,45,42,2
1,0,0,0,1,1,0,0,0,1,1,0,1,6,0.9777777777777776,0.9777777777777776,accuracy,133,45,42,2
1,0,0,0,1,1,0,0,0,1,0,1,1,6,1.0,1.0,accuracy,133,45,42,1
1,0,0,0,1,1,0,0,0,0,1,1,1,6,0.9777777777777776,0.9777777777777776,accuracy,133,45,42,2
1,0,0,0,1,0,1,1,1,1,0,0,0,6,0.9777777777777776,0.9777777777777776,accuracy,133,45,42,2
1,0,0,0,1,0,1,1,1,0,1,0,0,6,0.9777777777777776,0.9777777777777776,accuracy,133,45,42,2
1,0,0,0,1,0,1,1,1,0,0,1,0,6,1.0,1.0,accuracy,133,45,42,1
1,0,0,0,1,0,1,1,1,0,0,0,1,6,0.9555555555555556,0.9555555555555556,accuracy,133,45,42,3
1,0,0,0,1,0,1,1,0,1,1,0,0,6,0.9777777777777776,0.9777777777777776,accuracy,133,45,42,2
1,0,0,0,1,0,1,1,0,1,0,1,0,6,0.9777777777777776,0.9777777777777776,accuracy,133,45,42,2
1,0,0,0,1,0,1,1,0,1,0,0,1,6,1.0,1.0,accuracy,133,45,42,1
1,0,0,0,1,0,1,1,0,0,1,1,0,6,0.9777777777777776,0.9777777777777776,accuracy,133,45,42,2
1,0,0,0,1,0,1,1,0,0,1,0,1,6,0.9777777777777776,0.9777777777777776,accuracy,133,45,42,2
1,0,0,0,1,0,1,1,0,0,0,1,1,6,0.9777777777777776,0.9777777777777776,accuracy,133,45,42,2
1,0,0,0,1,0,1,0,1,1,1,0,0,6,0.9777777777777776,0.9777777777777776,accuracy,133,45,42,2
1,0,0,0,1,0,1,0,1,1,0,1,0,6,0.9777777777777776,0.9777777777777776,accuracy,133,45,42,2
1,0,0,0,1,0,1,0,1,1,0,0,1,6,1.0,1.0,accuracy,133,45,42,1
1,0,0,0,1,0,1,0,1,0,1,1,0,6,0.9777777777777776,0.9777777777777776,accuracy,133,45,42,2
1,0,0,0,1,0,1,0,1,0,1,0,1,6,0.9777777777777776,0.9777777777777776,accuracy,133,45,42,2
1,0,0,0,1,0,1,0,1,0,0,1,1,6,1.0,1.0,accuracy,133,45,42,1
1,0,0,0,1,0,1,0,0,1,1,1,0,6,0.9777777777777776,0.9777777777777776,accuracy,133,45,42,2
1,0,0,0,1,0,1,0,0,1,1,0,1,6,1.0,1.0,accuracy,133,45,42,1
1,0,0,0,1,0,1,0,0,1,0,1,1,6,1.0,1.0,accuracy,133,45,42,1
1,0,0,0,1,0,1,0,0,0,1,1,1,6,0.9777777777777776,0.9777777777777776,accuracy,133,45,42,2
1,0,0,0,1,0,0,1,1,1,1,0,0,6,0.9111111111111112,0.9111111111111112,accuracy,133,45,42,5
1,0,0,0,1,0,0,1,1,1,0,1,0,6,0.9555555555555556,0.9555555555555556,accuracy,133,45,42,3
1,0,0,0,1,0,0,1,1,1,0,0,1,6,0.9777777777777776,0.9777777777777776,accuracy,133,45,42,2
1,0,0,0,1,0,0,1,1,0,1,1,0,6,0.9555555555555556,0.9555555555555556,accuracy,133,45,42,3
1,0,0,0,1,0,0,1,1,0,1,0,1,6,0.9555555555555556,0.9555555555555556,accuracy,133,45,42,3
1,0,0,0,1,0,0,1,1,0,0,1,1,6,0.9555555555555556,0.9555555555555556,accuracy,133,45,42,3
1,0,0,0,1,0,0,1,0,1,1,1,0,6,0.9777777777777776,0.9777777777777776,accuracy,133,45,42,2
1,0,0,0,1,0,0,1,0,1,1,0,1,6,0.9777777777777776,0.9777777777777776,accuracy,133,45,42,2
1,0,0,0,1,0,0,1,0,1,0,1,1,6,0.9777777777777776,0.9777777777777776,accuracy,133,45,42,2
1,0,0,0,1,0,0,1,0,0,1,1,1,6,0.9555555555555556,0.9555555555555556,accuracy,133,45,42,3
1,0,0,0,1,0,0,0,1,1,1,1,0,6,0.9777777777777776,0.9777777777777776,accuracy,133,45,42,2
1,0,0,0,1,0,0,0,1,1,1,0,1,6,1.0,1.0,accuracy,133,45,42,1
1,0,0,0,1,0,0,0,1,1,0,1,1,6,0.9777777777777776,0.9777777777777776,accuracy,133,45,42,2
1,0,0,0,1,0,0,0,1,0,1,1,1,6,0.9555555555555556,0.9555555555555556,accuracy,133,45,42,3
1,0,0,0,1,0,0,0,0,1,1,1,1,6,1.0,1.0,accuracy,133,45,42,1
1,0,0,0,0,1,1,1,1,1,0,0,0,6,0.9777777777777776,0.9777777777777776,accuracy,133,45,42,2
1,0,0,0,0,1,1,1,1,0,1,0,0,6,0.9555555555555556,0.9555555555555556,accuracy,133,45,42,3
1,0,0,0,0,1,1,1,1,0,0,1,0,6,0.9555555555555556,0.9555555555555556,accuracy,133,45,42,3
1,0,0,0,0,1,1,1,1,0,0,0,1,6,0.9777777777777776,0.9777777777777776,accuracy,133,45,42,2
1,0,0,0,0,1,1,1,0,1,1,0,0,6,0.9777777777777776,0.9777777777777776,accuracy,133,45,42,2
1,0,0,0,0,1,1,1,0,1,0,1,0,6,0.9777777777777776,0.9777777777777776,accuracy,133,45,42,2
1,0,0,0,0,1,1,1,0,1,0,0,1,6,0.9777777777777776,0.9777777777777776,accuracy,133,45,42,2
1,0,0,0,0,1,1,1,0,0,1,1,0,6,0.9555555555555556,0.9555555555555556,accuracy,133,45,42,3
1,0,0,0,0,1,1,1,0,0,1,0,1,6,0.9777777777777776,0.9777777777777776,accuracy,133,45,42,2
1,0,0,0,0,1,1,1,0,0,0,1,1,6,0.9777777777777776,0.9777777777777776,accuracy,133,45,42,2
1,0,0,0,0,1,1,0,1,1,1,0,0,6,0.9777777777777776,0.9777777777777776,accuracy,133,45,42,2
1,0,0,0,0,1,1,0,1,1,0,1,0,6,0.9777777777777776,0.9777777777777776,accuracy,133,45,42,2
1,0,0,0,0,1,1,0,1,1,0,0,1,6,0.9777777777777776,0.9777777777777776,accuracy,133,45,42,2
1,0,0,0,0,1,1,0,1,0,1,1,0,6,0.9555555555555556,0.9555555555555556,accuracy,133,45,42,3
1,0,0,0,0,1,1,0,1,0,1,0,1,6,0.9777777777777776,0.9777777777777776,accuracy,133,45,42,2
1,0,0,0,0,1,1,0,1,0,0,1,1,6,0.9777777777777776,0.9777777777777776,accuracy,133,45,42,2
1,0,0,0,0,1,1,0,0,1,1,1,0,6,0.9777777777777776,0.9777777777777776,accuracy,133,45,42,2
1,0,0,0,0,1,1,0,0,1,1,0,1,6,1.0,1.0,accuracy,133,45,42,1
1,0,0,0,0,1,1,0,0,1,0,1,1,6,0.9777777777777776,0.9777777777777776,accuracy,133,45,42,2
1,0,0,0,0,1,1,0,0,0,1,1,1,6,0.9777777777777776,0.9777777777777776,accuracy,133,45,42,2
1,0,0,0,0,1,0,1,1,1,1,0,0,6,0.9333333333333332,0.9333333333333332,accuracy,133,45,42,4
1,0,0,0,0,1,0,1,1,1,0,1,0,6,0.9777777777777776,0.9777777777777776,accuracy,133,45,42,2
1,0,0,0,0,1,0,1,1,1,0,0,1,6,1.0,1.0,accuracy,133,45,42,1
1,0,0,0,0,1,0,1,1,0,1,1,0,6,0.9333333333333332,0.9333333333333332,accuracy,133,45,42,4
1,0,0,0,0,1,0,1,1,0,1,0,1,6,0.9555555555555556,0.9555555555555556,accuracy,133,45,42,3
1,0,0,0,0,1,0,1,1,0,0,1,1,6,0.9555555555555556,0.9555555555555556,accuracy,133,45,42,3
1,0,0,0,0,1,0,1,0,1,1,1,0,6,0.9777777777777776,0.9777777777777776,accuracy,133,45,42,2
1,0,0,0,0,1,0,1,0,1,1,0,1,6,0.9777777777777776,0.9777777777777776,accuracy,133,45,42,2
1,0,0,0,0,1,0,1,0,1,0,1,1,6,0.9777777777777776,0.9777777777777776,accuracy,133,45,42,2
1,0,0,0,0,1,0,1,0,0,1,1,1,6,0.9555555555555556,0.9555555555555556,accuracy,133,45,42,3
1,0,0,0,0,1,0,0,1,1,1,1,0,6,0.9777777777777776,0.9777777777777776,accuracy,133,45,42,2
1,0,0,0,0,1,0,0,1,1,1,0,1,6,1.0,1.0,accuracy,133,45,42,1
1,0,0,0,0,1,0,0,1,1,0,1,1,6,1.0,1.0,accuracy,133,45,42,1
1,0,0,0,0,1,0,0,1,0,1,1,1,6,0.9777777777777776,0.9777777777777776,accuracy,133,45,42,2
1,0,0,0,0,1,0,0,0,1,1,1,1,6,1.0,1.0,accuracy,133,45,42,1
1,0,0,0,0,0,1,1,1,1,1,0,0,6,0.9777777777777776,0.9777777777777776,accuracy,133,45,42,2
1,0,0,0,0,0,1,1,1,1,0,1,0,6,0.9777777777777776,0.9777777777777776,accuracy,133,45,42,2
1,0,0,0,0,0,1,1,1,1,0,0,1,6,0.9777777777777776,0.9777777777777776,accuracy,133,45,42,2
1,0,0,0,0,0,1,1,1,0,1,1,0,6,0.9555555555555556,0.9555555555555556,accuracy,133,45,42,3
1,0,0,0,0,0,1,1,1,0,1,0,1,6,0.9777777777777776,0.9777777777777776,accuracy,133,45,42,2
1,0,0,0,0,0,1,1,1,0,0,1,1,6,0.9777777777777776,0.9777777777777776,accuracy,133,45,42,2
1,0,0,0,0,0,1,1,0,1,1,1,0,6,0.9777777777777776,0.9777777777777776,accuracy,133,45,42,2
1,0,0,0,0,0,1,1,0,1,1,0,1,6,1.0,1.0,accuracy,133,45,42,1
1,0,0,0,0,0,1,1,0,1,0,1,1,6,0.9777777777777776,0.9777777777777776,accuracy,133,45,42,2
1,0,0,0,0,0,1,1,0,0,1,1,1,6,0.9777777777777776,0.9777777777777776,accuracy,133,45,42,2
1,0,0,0,0,0,1,0,1,1,1,1,0,6,0.9777777777777776,0.9777777777777776,accuracy,133,45,42,2
1,0,0,0,0,0,1,0,1,1,1,0,1,6,1.0,1.0,accuracy,133,45,42,1
1,0,0,0,0,0,1,0,1,1,0,1,1,6,0.9777777777777776,0.9777777777777776,accuracy,133,45,42,2
1,0,0,0,0,0,1,0,1,0,1,1,1,6,0.9777777777777776,0.9777777777777776,accuracy,133,45,42,2
1,0,0,0,0,0,1,0,0,1,1,1,1,6,1.0,1.0,accuracy,133,45,42,1
1,0,0,0,0,0,0,1,1,1,1,1,0,6,0.9333333333333332,0.9333333333333332,accuracy,133,45,42,4
1,0,0,0,0,0,0,1,1,1,1,0,1,6,1.0,1.0,accuracy,133,45,42,1
1,0,0,0,0,0,0,1,1,1,0,1,1,6,0.9555555555555556,0.9555555555555556,accuracy,133,45,42,3
1,0,0,0,0,0,0,1,1,0,1,1,1,6,0.9777777777777776,0.9777777777777776,accuracy,133,45,42,2
1,0,0,0,0,0,0,1,0,1,1,1,1,6,1.0,1.0,accuracy,133,45,42,1
1,0,0,0,0,0,0,0,1,1,1,1,1,6,1.0,1.0,accuracy,133,45,42,1
0,1,1,1,1,1,1,0,0,0,0,0,0,6,0.9111111111111112,0.9111111111111112,accuracy,133,45,42,5
0,1,1,1,1,1,0,1,0,0,0,0,0,6,0.8666666666666667,0.8666666666666667,accuracy,133,45,42,7
0,1,1,1,1,1,0,0,1,0,0,0,0,6,0.8,0.8,accuracy,133,45,42,10
0,1,1,1,1,1,0,0,0,1,0,0,0,6,0.8444444444444444,0.8444444444444444,accuracy,133,45,42,8
0,1,1,1,1,1,0,0,0,0,1,0,0,6,0.8444444444444444,0.8444444444444444,accuracy,133,45,42,8
0,1,1,1,1,1,0,0,0,0,0,1,0,6,0.8888888888888888,0.8888888888888888,accuracy,133,45,42,6
0,1,1,1,1,1,0,0,0,0,0,0,1,6,0.8888888888888888,0.8888888888888888,accuracy,133,45,42,6
0,1,1,1,1,0,1,1,0,0,0,0,0,6,0.9111111111111112,0.9111111111111112,accuracy,133,45,42,5
0,1,1,1,1,0,1,0,1,0,0,0,0,6,0.9111111111111112,0.9111111111111112,accuracy,133,45,42,5
0,1,1,1,1,0,1,0,0,1,0,0,0,6,0.9333333333333332,0.9333333333333332,accuracy,133,45,42,4
0,1,1,1,1,0,1,0,0,0,1,0,0,6,0.9555555555555556,0.9555555555555556,accuracy,133,45,42,3
0,1,1,1,1,0,1,0,0,0,0,1,0,6,0.9111111111111112,0.9111111111111112,accuracy,133,45,42,5
0,1,1,1,1,0,1,0,0,0,0,0,1,6,0.9555555555555556,0.9555555555555556,accuracy,133,45,42,3
0,1,1,1,1,0,0,1,1,0,0,0,0,6,0.8222222222222222,0.8222222222222222,accuracy,133,45,42,9
0,1,1,1,1,0,0,1,0,1,0,0,0,6,0.8666666666666667,0.8666666666666667,accuracy,133,45,42,7
0,1,1,1,1,0,0,1,0,0,1,0,0,6,0.8444444444444444,0.8444444444444444,accuracy,133,45,42,8
0,1,1,1,1,0,0,1,0,0,0,1,0,6,0.8444444444444444,0.8444444444444444,accuracy,133,45,42,8
0,1,1,1,1,0,0,1,0,0,0,0,1,6,0.8888888888888888,0.8888888888888888,accuracy,133,45,42,6
0,1,1,1,1,0,0,0,1,1,0,0,0,6,0.8888888888888888,0.8888888888888888,accuracy,133,45,42,6
0,1,1,1,1,0,0,0,1,0,1,0,0,6,0.8444444444444444,0.8444444444444444,accuracy,133,45,42,8
0,1,1,1,1,0,0,0,1,0,0,1,0,6,0.8444444444444444,0.8444444444444444,accuracy,133,45,42,8
0,1,1,1,1,0,0,0,1,0,0,0,1,6,0.8888888888888888,0.8888888888888888,accuracy,133,45,42,6
0,1,1,1,1,0,0,0,0,1,1,0,0,6,0.9111111111111112,0.9111111111111112,accuracy,133,45,42,5
0,1,1,1,1,0,0,0,0,1,0,1,0,6,0.8888888888888888,0.8888888888888888,accuracy,133,45,42,6
0,1,1,1,1,0,0,0,0,1,0,0,1,6,0.9111111111111112,0.9111111111111112,accuracy,133,45,42,5
0,1,1,1,1,0,0,0,0,0,1,1,0,6,0.8666666666666667,0.8666666666666667,accuracy,133,45,42,7
0,1,1,1,1,0,0,0,0,0,1,0,1,6,0.8888888888888888,0.8888888888888888,accuracy,133,45,42,6
0,1,1,1,1,0,0,0,0,0,0,1,1,6,0.9777777777777776,0.9777777777777776,accuracy,133,45,42,2
0,1,1,1,0,1,1,1,0,0,0,0,0,6,0.8888888888888888,0.8888888888888888,accuracy,133,45,42,6
0,1,1,1,0,1,1,0,1,0,0,0,0,6,0.8666666666666667,0.8666666666666667,accuracy,133,45,42,7
0,1,1,1,0,1,1,0,0,1,0,0,0,6,0.9111111111111112,0.9111111111111112,accuracy,133,45,42,5
0,1,1,1,0,1,1,0,0,0,1,0,0,6,0.9111111111111112,0.9111111111111112,accuracy,133,45,42,5
0,1,1,1,0,1,1,0,0,0,0,1,0,6,0.8888888888888888,0.8888888888888888,accuracy,133,45,42,6
0,1,1,1,0,1,1,0,0,0,0,0,1,6,0.9555555555555556,0.9555555555555556,accuracy,133,45,42,3
0,1,1,1,0,1,0,1,1,0,0,0,0,6,0.8,0.8,accuracy,133,45,42,10
0,1,1,1,0,1,0,1,0,1,0,0,0,6,0.8666666666666667,0.8666666666666667,accuracy,133,45,42,7
0,1,1,1,0,1,0,1,0,0,1,0,0,6,0.8222222222222222,0.8222222222222222,accuracy,133,45,42,9
0,1,1,1,0,1,0,1,0,0,0,1,0,6,0.8666666666666667,0.8666666666666667,accuracy,133,45,42,7
0,1,1,1,0,1,0,1,0,0,0,0,1,6,0.9111111111111112,0.9111111111111112,accuracy,133,45,42,5
0,1,1,1,0,1,0,0,1,1,0,0,0,6,0.8666666666666667,0.8666666666666667,accuracy,133,45,42,7
0,1,1,1,0,1,0,0,1,0,1,0,0,6,0.8444444444444444,0.8444444444444444,accuracy,133,45,42,8
0,1,1,1,0,1,0,0,1,0,0,1,0,6,0.8888888888888888,0.8888888888888888,accuracy,133,45,42,6
0,1,1,1,0,1,0,0,1,0,0,0,1,6,0.8666666666666667,0.8666666666666667,accuracy,133,45,42,7
0,1,1,1,0,1,0,0,0,1,1,0,0,6,0.9111111111111112,0.9111111111111112,accuracy,133,45,42,5
0,1,1,1,0,1,0,0,0,1,0,1,0,6,0.8888888888888888,0.8888888888888888,accuracy,133,45,42,6
0,1,1,1,0,1,0,0,0,1,0,0,1,6,0.9111111111111112,0.9111111111111112,accuracy,133,45,42,5
0,1,1,1,0,1,0,0,0,0,1,1,0,6,0.8444444444444444,0.8444444444444444,accuracy,133,45,42,8
0,1,1,1,0,1,0,0,0,0,1,0,1,6,0.8888888888888888,0.8888888888888888,accuracy,133,45,42,6
0,1,1,1,0,1,0,0,0,0,0,1,1,6,0.9555555555555556,0.9555555555555556,accuracy,133,45,42,3
0,1,1,1,0,0,1,1,1,0,0,0,0,6,0.8888888888888888,0.8888888888888888,accuracy,133,45,42,6
0,1,1,1,0,0,1,1,0,1,0,0,0,6,0.9111111111111112,0.9111111111111112,accuracy,133,45,42,5
0,1,1,1,0,0,1,1,0,0,1,0,0,6,0.9111111111111112,0.9111111111111112,accuracy,133,45,42,5
0,1,1,1,0,0,1,1,0,0,0,1,0,6,0.9111111111111112,0.9111111111111112,accuracy,133,45,42,5
0,1,1,1,0,0,1,1,0,0,0,0,1,6,0.9555555555555556,0.9555555555555556,accuracy,133,45,42,3
0,1,1,1,0,0,1,0,1,1,0,0,0,6,0.9111111111111112,0.9111111111111112,accuracy,133,45,42,5
0,1,1,1,0,0,1,0,1,0,1,0,0,6,0.9111111111111112,0.9111111111111112,accuracy,133,45,42,5
0,1,1,1,0,0,1,0,1,0,0,1,0,6,0.8888888888888888,0.8888888888888888,accuracy,133,45,42,6
0,1,1,1,0,0,1,0,1,0,0,0,1,6,0.9333333333333332,0.9333333333333332,accuracy,133,45,42,4
0,1,1,1,0,0,1,0,0,1,1,0,0,6,0.9333333333333332,0.9333333333333332,accuracy,133,45,42,4
0,1,1,1,0,0,1,0,0,1,0,1,0,6,0.9111111111111112,0.9111111111111112,accuracy,133,45,42,5
0,1,1,1,0,0,1,0,0,1,0,0,1,6,0.9555555555555556,0.9555555555555556,accuracy,133,45,42,3
0,1,1,1,0,0,1,0,0,0,1,1,0,6,0.8888888888888888,0.8888888888888888,accuracy,133,45,42,6
0,1,1,1,0,0,1,0,0,0,1,0,1,6,0.9555555555555556,0.9555555555555556,accuracy,133,45,42,3
0,1,1,1,0,0,1,0,0,0,0,1,1,6,0.9777777777777776,0.9777777777777776,accuracy,133,45,42,2
0,1,1,1,0,0,0,1,1,1,0,0,0,6,0.8666666666666667,0.8666666666666667,accuracy,133,45,42,7
0,1,1,1,0,0,0,1,1,0,1,0,0,6,0.8888888888888888,0.8888888888888888,accuracy,133,45,42,6
0,1,1,1,0,0,0,1,1,0,0,1,0,6,0.8888888888888888,0.8888888888888888,accuracy,133,45,42,6
0,1,1,1,0,0,0,1,1,0,0,0,1,6,0.8444444444444444,0.8444444444444444,accuracy,133,45,42,8
0,1,1,1,0,0,0,1,0,1,1,0,0,6,0.8888888888888888,0.8888888888888888,accuracy,133,45,42,6
0,1,1,1,0,0,0,1,0,1,0,1,0,6,0.8666666666666667,0.8666666666666667,accuracy,133,45,42,7
0,1,1,1,0,0,0,1,0,1,0,0,1,6,0.9111111111111112,0.9111111111111112,accuracy,133,45,42,5
0,1,1,1,0,0,0,1,0,0,1,1,0,6,0.8444444444444444,0.8444444444444444,accuracy,133,45,42,8
0,1,1,1,0,0,0,1,0,0,1,0,1,6,0.9111111111111112,0.9111111111111112,accuracy,133,45,42,5
0,1,1,1,0,0,0,1,0,0,0,1,1,6,0.9555555555555556,0.9555555555555556,accuracy,133,45,42,3
0,1,1,1,0,0,0,0,1,1,1,0,0,6,0.9333333333333332,0.9333333333333332,accuracy,133,45,42,4
0,1,1,1,0,0,0,0,1,1,0,1,0,6,0.8666666666666667,0.8666666666666667,accuracy,133,45,42,7
0,1,1,1,0,0,0,0,1,1,0,0,1,6,0.9333333333333332,0.9333333333333332,accuracy,133,45,42,4
0,1,1,1,0,0,0,0,1,0,1,1,0,6,0.8444444444444444,0.8444444444444444,accuracy,133,45,42,8
0,1,1,1,0,0,0,0,1,0,1,0,1,6,0.9111111111111112,0.9111111111111112,accuracy,133,45,42,5
0,1,1,1,0,0,0,0,1,0,0,1,1,6,0.9555555555555556,0.9555555555555556,accuracy,133,45,42,3
0,1,1,1,0,0,0,0,0,1,1,1,0,6,0.9333333333333332,0.9333333333333332,accuracy,133,45,42,4
0,1,1,1,0,0,0,0,0,1,1,0,1,6,0.9777777777777776,0.9777777777777776,accuracy,133,45,42,2
0,1,1,1,0,0,0,0,0,1,0,1,1,6,0.9555555555555556,0.9555555555555556,accuracy,133,45,42,3
0,1,1,1,0,0,0,0,0,0,1,1,1,6,0.9555555555555556,0.9555555555555556,accuracy,133,45,42,3
0,1,1,0,1,1,1,1,0,0,0,0,0,6,0.9111111111111112,0.9111111111111112,accuracy,133,45,42,5
0,1,1,0,1,1,1,0,1,0,0,0,0,6,0.9111111111111112,0.9111111111111112,accuracy,133,45,42,5
0,1,1,0,1,1,1,0,0,1,0,0,0,6,0.9555555555555556,0.9555555555555556,accuracy,133,45,42,3
0,1,1,0,1,1,1,0,0,0,1,0,0,6,0.9333333333333332,0.9333333333333332,accuracy,133,45,42,4
0,1,1,0,1,1,1,0,0,0,0,1,0,6,0.9555555555555556,0.9555555555555556,accuracy,133,45,42,3
0,1,1,0,1,1,1,0,0,0,0,0,1,6,0.9555555555555556,0.9555555555555556,accuracy,133,45,42,3
0,1,1,0,1,1,0,1,1,0,0,0,0,6,0.8,0.8,accuracy,133,45,42,10
0,1,1,0,1,1,0,1,0,1,0,0,0,6,0.8666666666666667,0.8666666666666667,accuracy,133,45,42,7
0,1,1,0,1,1,0,1,0,0,1,0,0,6,0.8,0.8,accuracy,133,45,42,10
0,1,1,0,1,1,0,1,0,0,0,1,0,6,0.8666666666666667,0.8666666666666667,accuracy,133,45,42,7
0,1,1,0,1,1,0,1,0,0,0,0,1,6,0.8888888888888888,0.8888888888888888,accuracy,133,45,42,6
0,1,1,0,1,1,0,0,1,1,0,0,0,6,0.8888888888888888,0.8888888888888888,accuracy,133,45,42,6
0,1,1,0,1,1,0,0,1,0,1,0,0,6,0.8444444444444444,0.8444444444444444,accuracy,133,45,42,8
0,1,1,0,1,1,0,0,1,0,0,1,0,6,0.8888888888888888,0.8888888888888888,accuracy,133,45,42,6
0,1,1,0,1,1,0,0,1,0,0,0,1,6,0.8444444444444444,0.8444444444444444,accuracy,133,45,42,8
0,1,1,0,1,1,0,0,0,1,1,0,0,6,0.9111111111111112,0.9111111111111112,accuracy,133,45,42,5
0,1,1,0,1,1,0,0,0,1,0,1,0,6,0.9111111111111112,0.9111111111111112,accuracy,133,45,42,5
0,1,1,0,1,1,0,0,0,1,0,0,1,6,0.9111111111111112,0.9111111111111112,accuracy,133,45,42,5
0,1,1,0,1,1,0,0,0,0,1,1,0,6,0.8888888888888888,0.8888888888888888,accuracy,133,45,42,6
0,1,1,0,1,1,0,0,0,0,1,0,1,6,0.8666666666666667,0.8666666666666667,accuracy,133,45,42,7
0,1,1,0,1,1,0,0,0,0,0,1,1,6,0.9333333333333332,0.9333333333333332,accuracy,133,45,42,4
0,1,1,0,1,0,1,1,1,0,0,0,0,6,0.9333333333333332,0.9333333333333332,accuracy,133,45,42,4
0,1,1,0,1,0,1,1,0,1,0,0,0,6,0.9333333333333332,0.9333333333333332,accuracy,133,45,42,4
0,1,1,0,1,0,1,1,0,0,1,0,0,6,0.9333333333333332,0.9333333333333332,accuracy,133,45,42,4
0,1,1,0,1,0,1,1,0,0,0,1,0,6,0.9333333333333332,0.9333333333333332,accuracy,133,45,42,4
0,1,1,0,1,0,1,1,0,0,0,0,1,6,0.9555555555555556,0.9555555555555556,accuracy,133,45,42,3
0,1,1,0,1,0,1,0,1,1,0,0,0,6,0.9333333333333332,0.9333333333333332,accuracy,133,45,42,4
0,1,1,0,1,0,1,0,1,0,1,0,0,6,0.9333333333333332,0.9333333333333332,accuracy,133,45,42,4
0,1,1,0,1,0,1,0,1,0,0,1,0,6,0.9555555555555556,0.9555555555555556,accuracy,133,45,42,3
0,1,1,0,1,0,1,0,1,0,0,0,1,6,0.9555555555555556,0.9555555555555556,accuracy,133,45,42,3
0,1,1,0,1,0,1,0,0,1,1,0,0,6,0.9555555555555556,0.9555555555555556,accuracy,133,45,42,3
0,1,1,0,1,0,1,0,0,1,0,1,0,6,0.9555555555555556,0.9555555555555556,accuracy,133,45,42,3
0,1,1,0,1,0,1,0,0,1,0,0,1,6,0.9555555555555556,0.9555555555555556,accuracy,133,45,42,3
0,1,1,0,1,0,1,0,0,0,1,1,0,6,0.9555555555555556,0.9555555555555556,accuracy,133,45,42,3
0,1,1,0,1,0,1,0,0,0,1,0,1,6,0.9555555555555556,0.9555555555555556,accuracy,133,45,42,3
0,1,1,0,1,0,1,0,0,0,0,1,1,6,0.9555555555555556,0.9555555555555556,accuracy,133,45,42,3
0,1,1,0,1,0,0,1,1,1,0,0,0,6,0.8888888888888888,0.8888888888888888,accuracy,133,45,42,6
0,1,1,0,1,0,0,1,1,0,1,0,0,6,0.8,0.8,accuracy,133,45,42,10
0,1,1,0,1,0,0,1,1,0,0,1,0,6,0.8888888888888888,0.8888888888888888,accuracy,133,45,42,6
0,1,1,0,1,0,0,1,1,0,0,0,1,6,0.7777777777777778,0.7777777777777778,accuracy,133,45,42,11
0,1,1,0,1,0,0,1,0,1,1,0,0,6,0.9111111111111112,0.9111111111111112,accuracy,133,45,42,5
0,1,1,0,1,0,0,1,0,1,0,1,0,6,0.8888888888888888,0.8888888888888888,accuracy,133,45,42,6
0,1,1,0,1,0,0,1,0,1,0,0,1,6,0.9111111111111112,0.9111111111111112,accuracy,133,45,42,5
0,1,1,0,1,0,0,1,0,0,1,1,0,6,0.9333333333333332,0.9333333333333332,accuracy,133,45,42,4
0,1,1,0,1,0,0,1,0,0,1,0,1,6,0.8888888888888888,0.8888888888888888,accuracy,133,45,42,6
0,1,1,0,1,0,0,1,0,0,0,1,1,6,0.9111111111111112,0.9111111111111112,accuracy,133,45,42,5
0,1,1,0,1,0,0,0,1,1,1,0,0,6,0.9333333333333332,0.9333333333333332,accuracy,133,45,42,4
0,1,1,0,1,0,0,0,1,1,0,1,0,6,0.9111111111111112,0.9111111111111112,accuracy,133,45,42,5
0,1,1,0,1,0,0,0,1,1,0,0,1,6,0.9111111111111112,0.9111111111111112,accuracy,133,45,42,5
0,1,1,0,1,0,0,0,1,0,1,1,0,6,0.8444444444444444,0.8444444444444444,accuracy,133,45,42,8
0,1,1,0,1,0,0,0,1,0,1,0,1,6,0.8888888888888888,0.8888888888888888,accuracy,133,45,42,6
0,1,1,0,1,0,0,0,1,0,0,1,1,6,0.9333333333333332,0.9333333333333332,accuracy,133,45,42,4
0,1,1,0,1,0,0,0,0,1,1,1,0,6,0.9555555555555556,0.9555555555555556,accuracy,133,45,42,3
0,1,1,0,1,0,0,0,0,1,1,0,1,6,0.9555555555555556,0.9555555555555556,accuracy,133,45,42,3
0,1,1,0,1,0,0,0,0,1,0,1,1,6,0.9333333333333332,0.9333333333333332,accuracy,133,45,42,4
0,1,1,0,1,0,0,0,0,0,1,1,1,6,0.9555555555555556,0.9555555555555556,accuracy,133,45,42,3
0,1,1,0,0,1,1,1,1,0,0,0,0,6,0.8222222222222222,0.8222222222222222,accuracy,133,45,42,9
0,1,1,0,0,1,1,1,0,1,0,0,0,6,0.8888888888888888,0.8888888888888888,accuracy,133,45,42,6
0,1,1,0,0,1,1,1,0,0,1,0,0,6,0.8666666666666667,0.8666666666666667,accuracy,133,45,42,7
0,1,1,0,0,1,1,1,0,0,0,1,0,6,0.8666666666666667,0.8666666666666667,accuracy,133,45,42,7
0,1,1,0,0,1,1,1,0,0,0,0,1,6,0.9555555555555556,0.9555555555555556,accuracy,133,45,42,3
0,1,1,0,0,1,1,0,1,1,0,0,0,6,0.8888888888888888,0.8888888888888888,accuracy,133,45,42,6
0,1,1,0,0,1,1,0,1,0,1,0,0,6,0.8888888888888888,0.8888888888888888,accuracy,133,45,42,6
0,1,1,0,0,1,1,0,1,0,0,1,0,6,0.8666666666666667,0.8666666666666667,accuracy,133,45,42,7
0,1,1,0,0,1,1,0,1,0,0,0,1,6,0.9111111111111112,0.9111111111111112,accuracy,133,45,42,5
0,1,1,0,0,1,1,0,0,1,1,0,0,6,0.9111111111111112,0.9111111111111112,accuracy,133,45,42,5
0,1,1,0,0,1,1,0,0,1,0,1,0,6,0.8888888888888888,0.8888888888888888,accuracy,133,45,42,6
0,1,1,0,0,1,1,0,0,1,0,0,1,6,0.9777777777777776,0.9777777777777776,accuracy,133,45,42,2
0,1,1,0,0,1,1,0,0,0,1,1,0,6,0.8666666666666667,0.8666666666666667,accuracy,133,45,42,7
0,1,1,0,0,1,1,0,0,0,1,0,1,6,0.9555555555555556,0.9555555555555556,accuracy,133,45,42,3
0,1,1,0,0,1,1,0,0,0,0,1,1,6,0.9555555555555556,0.9555555555555556,accuracy,133,45,42,3
0,1,1,0,0,1,0,1,1,1,0,0,0,6,0.8666666666666667,0.8666666666666667,accuracy,133,45,42,7
0,1,1,0,0,1,0,1,1,0,1,0,0,6,0.8,0.8,accuracy,133,45,42,10
0,1,1,0,0,1,0,1,1,0,0,1,0,6,0.8,0.8,accuracy,133,45,42,10
0,1,1,0,0,1,0,1,1,0,0,0,1,6,0.8666666666666667,0.8666666666666667,accuracy,133,45,42,7
0,1,1,0,0,1,0,1,0,1,1,0,0,6,0.9111111111111112,0.9111111111111112,accuracy,133,45,42,5
0,1,1,0,0,1,0,1,0,1,0,1,0,6,0.8888888888888888,0.8888888888888888,accuracy,133,45,42,6
0,1,1,0,0,1,0,1,0,1,0,0,1,6,0.9111111111111112,0.9111111111111112,accuracy,133,45,42,5
0,1,1,0,0,1,0,1,0,0,1,1,0,6,0.8444444444444444,0.8444444444444444,accuracy,133,45,42,8
0,1,1,0,0,1,0,1,0,0,1,0,1,6,0.8888888888888888,0.8888888888888888,accuracy,133,45,42,6
0,1,1,0,0,1,0,1,0,0,0,1,1,6,0.9111111111111112,0.9111111111111112,accuracy,133,45,42,5
0,1,1,0,0,1,0,0,1,1,1,0,0,6,0.9333333333333332,0.9333333333333332,accuracy,133,45,42,4
0,1,1,0,0,1,0,0,1,1,0,1,0,6,0.8888888888888888,0.8888888888888888,accuracy,133,45,42,6
0,1,1,0,0,1,0,0,1,1,0,0,1,6,0.9333333333333332,0.9333333333333332,accuracy,133,45,42,4
0,1,1,0,0,1,0,0,1,0,1,1,0,6,0.8444444444444444,0.8444444444444444,accuracy,133,45,42,8
0,1,1,0,0,1,0,0,1,0,1,0,1,6,0.8888888888888888,0.8888888888888888,accuracy,133,45,42,6
0,1,1,0,0,1,0,0,1,0,0,1,1,6,0.9333333333333332,0.9333333333333332,accuracy,133,45,42,4
0,1,1,0,0,1,0,0,0,1,1,1,0,6,0.9111111111111112,0.9111111111111112,accuracy,133,45,42,5
0,1,1,0,0,1,0,0,0,1,1,0,1,6,0.9777777777777776,0.9777777777777776,accuracy,133,45,42,2
0,1,1,0,0,1,0,0,0,1,0,1,1,6,0.9777777777777776,0.9777777777777776,accuracy,133,45,42,2
0,1,1,0,0,1,0,0,0,0,1,1,1,6,0.9333333333333332,0.9333333333333332,accuracy,133,45,42,4
0,1,1,0,0,0,1,1,1,1,0,0,0,6,0.8888888888888888,0.8888888888888888,accuracy,133,45,42,6
0,1,1,0,0,0,1,1,1,0,1,0,0,6,0.8666666666666667,0.8666666666666667,accuracy,133,45,42,7
0,1,1,0,0,0,1,1,1,0,0,1,0,6,0.8888888888888888,0.8888888888888888,accuracy,133,45,42,6
0,1,1,0,0,0,1,1,1,0,0,0,1,6,0.9333333333333332,0.9333333333333332,accuracy,133,45,42,4
0,1,1,0,0,0,1,1,0,1,1,0,0,6,0.9111111111111112,0.9111111111111112,accuracy,133,45,42,5
0,1,1,0,0,0,1,1,0,1,0,1,0,6,0.8888888888888888,0.8888888888888888,accuracy,133,45,42,6
0,1,1,0,0,0,1,1,0,1,0,0,1,6,0.9555555555555556,0.9555555555555556,accuracy,133,45,42,3
0,1,1,0,0,0,1,1,0,0,1,1,0,6,0.8888888888888888,0.8888888888888888,accuracy,133,45,42,6
0,1,1,0,0,0,1,1,0,0,1,0,1,6,0.9777777777777776,0.9777777777777776,accuracy,133,45,42,2
0,1,1,0,0,0,1,1,0,0,0,1,1,6,0.9555555555555556,0.9555555555555556,accuracy,133,45,42,3
0,1,1,0,0,0,1,0,1,1,1,0,0,6,0.9111111111111112,0.9111111111111112,accuracy,133,45,42,5
0,1,1,0,0,0,1,0,1,1,0,1,0,6,0.8888888888888888,0.8888888888888888,accuracy,133,45,42,6
0,1,1,0,0,0,1,0,1,1,0,0,1,6,0.9555555555555556,0.9555555555555556,accuracy,133,45,42,3
0,1,1,0,0,0,1,0,1,0,1,1,0,6,0.8888888888888888,0.8888888888888888,accuracy,133,45,42,6
0,1,1,0,0,0,1,0,1,0,1,0,1,6,0.9555555555555556,0.9555555555555556,accuracy,133,45,42,3
0,1,1,0,0,0,1,0,1,0,0,1,1,6,0.9555555555555556,0.9555555555555556,accuracy,133,45,42,3
0,1,1,0,0,0,1,0,0,1,1,1,0,6,0.9111111111111112,0.9111111111111112,accuracy,133,45,42,5
0,1,1,0,0,0,1,0,0,1,1,0,1,6,1.0,1.0,accuracy,133,45,42,1
0,1,1,0,0,0,1,0,0,1,0,1,1,6,1.0,1.0,accuracy,133,45,42,1
0,1,1,0,0,0,1,0,0,0,1,1,1,6,0.9333333333333332,0.9333333333333332,accuracy,133,45,42,4
0,1,1,0,0,0,0,1,1,1,1,0,0,6,0.9111111111111112,0.9111111111111112,accuracy,133,45,42,5
0,1,1,0,0,0,0,1,1,1,0,1,0,6,0.8888888888888888,0.8888888888888888,accuracy,133,45,42,6
0,1,1,0,0,0,0,1,1,1,0,0,1,6,0.9333333333333332,0.9333333333333332,accuracy,133,45,42,4
0,1,1,0,0,0,0,1,1,0,1,1,0,6,0.8222222222222222,0.8222222222222222,accuracy,133,45,42,9
0,1,1,0,0,0,0,1,1,0,1,0,1,6,0.8888888888888888,0.8888888888888888,accuracy,133,45,42,6
0,1,1,0,0,0,0,1,1,0,0,1,1,6,0.9111111111111112,0.9111111111111112,accuracy,133,45,42,5
0,1,1,0,0,0,0,1,0,1,1,1,0,6,0.9555555555555556,0.9555555555555556,accuracy,133,45,42,3
0,1,1,0,0,0,0,1,0,1,1,0,1,6,0.9777777777777776,0.9777777777777776,accuracy,133,45,42,2
0,1,1,0,0,0,0,1,0,1,0,1,1,6,0.9555555555555556,0.9555555555555556,accuracy,133,45,42,3
0,1,1,0,0,0,0,1,0,0,1,1,1,6,0.9333333333333332,0.9333333333333332,accuracy,133,45,42,4
0,1,1,0,0,0,0,0,1,1,1,1,0,6,0.9333333333333332,0.9333333333333332,accuracy,133,45,42,4
0,1,1,0,0,0,0,0,1,1,1,0,1,6,1.0,1.0,accuracy,133,45,42,1
0,1,1,0,0,0,0,0,1,1,0,1,1,6,0.9777777777777776,0.9777777777777776,accuracy,133,45,42,2
0,1,1,0,0,0,0,0,1,0,1,1,1,6,0.9111111111111112,0.9111111111111112,accuracy,133,45,42,5
0,1,1,0,0,0,0,0,0,1,1,1,1,6,1.0,1.0,accuracy,133,45,42,1
0,1,0,1,1,1,1,1,0,0,0,0,0,6,0.8888888888888888,0.8888888888888888,accuracy,133,45,42,6
0,1,0,1,1,1,1,0,1,0,0,0,0,6,0.9111111111111112,0.9111111111111112,accuracy,133,45,42,5
0,1,0,1,1,1,1,0,0,1,0,0,0,6,0.9111111111111112,0.9111111111111112,accuracy,133,45,42,5
0,1,0,1,1,1,1,0,0,0,1,0,0,6,0.9555555555555556,0.9555555555555556,accuracy,133,45,42,3
0,1,0,1,1,1,1,0,0,0,0,1,0,6,0.9111111111111112,0.9111111111111112,accuracy,133,45,42,5
0,1,0,1,1,1,1,0,0,0,0,0,1,6,0.9555555555555556,0.9555555555555556,accuracy,133,45,42,3
0,1,0,1,1,1,0,1,1,0,0,0,0,6,0.8444444444444444,0.8444444444444444,accuracy,133,45,42,8
0,1,0,1,1,1,0,1,0,1,0,0,0,6,0.8888888888888888,0.8888888888888888,accuracy,133,45,42,6
0,1,0,1,1,1,0,1,0,0,1,0,0,6,0.8444444444444444,0.8444444444444444,accuracy,133,45,42,8
0,1,0,1,1,1,0,1,0,0,0,1,0,6,0.8666666666666667,0.8666666666666667,accuracy,133,45,42,7
0,1,0,1,1,1,0,1,0,0,0,0,1,6,0.9333333333333332,0.9333333333333332,accuracy,133,45,42,4
0,1,0,1,1,1,0,0,1,1,0,0,0,6,0.8888888888888888,0.8888888888888888,accuracy,133,45,42,6
0,1,0,1,1,1,0,0,1,0,1,0,0,6,0.8444444444444444,0.8444444444444444,accuracy,133,45,42,8
0,1,0,1,1,1,0,0,1,0,0,1,0,6,0.8666666666666667,0.8666666666666667,accuracy,133,45,42,7
0,1,0,1,1,1,0,0,1,0,0,0,1,6,0.8666666666666667,0.8666666666666667,accuracy,133,45,42,7
0,1,0,1,1,1,0,0,0,1,1,0,0,6,0.9111111111111112,0.9111111111111112,accuracy,133,45,42,5
0,1,0,1,1,1,0,0,0,1,0,1,0,6,0.8888888888888888,0.8888888888888888,accuracy,133,45,42,6
0,1,0,1,1,1,0,0,0,1,0,0,1,6,0.9111111111111112,0.9111111111111112,accuracy,133,45,42,5
0,1,0,1,1,1,0,0,0,0,1,1,0,6,0.9333333333333332,0.9333333333333332,accuracy,133,45,42,4
0,1,0,1,1,1,0,0,0,0,1,0,1,6,0.9111111111111112,0.9111111111111112,accuracy,133,45,42,5
0,1,0,1,1,1,0,0,0,0,0,1,1,6,0.9333333333333332,0.9333333333333332,accuracy,133,45,42,4
0,1,0,1,1,0,1,1,1,0,0,0,0,6,0.8888888888888888,0.8888888888888888,accuracy,133,45,42,6
0,1,0,1,1,0,1,1,0,1,0,0,0,6,0.9111111111111112,0.9111111111111112,accuracy,133,45,42,5
0,1,0,1,1,0,1,1,0,0,1,0,0,6,0.9333333333333332,0.9333333333333332,accuracy,133,45,42,4
0,1,0,1,1,0,1,1,0,0,0,1,0,6,0.9111111111111112,0.9111111111111112,accuracy,133,45,42,5
0,1,0,1,1,0,1,1,0,0,0,0,1,6,0.9555555555555556,0.9555555555555556,accuracy,133,45,42,3
0,1,0,1,1,0,1,0,1,1,0,0,0,6,0.9111111111111112,0.9111111111111112,accuracy,133,45,42,5
0,1,0,1,1,0,1,0,1,0,1,0,0,6,0.9333333333333332,0.9333333333333332,accuracy,133,45,42,4
0,1,0,1,1,0,1,0,1,0,0,1,0,6,0.9111111111111112,0.9111111111111112,accuracy,133,45,42,5
0,1,0,1,1,0,1,0,1,0,0,0,1,6,0.9555555555555556,0.9555555555555556,accuracy,133,45,42,3
0,1,0,1,1,0,1,0,0,1,1,0,0,6,0.9333333333333332,0.9333333333333332,accuracy,133,45,42,4
0,1,0,1,1,0,1,0,0,1,0,1,0,6,0.9333333333333332,0.9333333333333332,accuracy,133,45,42,4
0,1,0,1,1,0,1,0,0,1,0,0,1,6,0.9555555555555556,0.9555555555555556,accuracy,133,45,42,3
0,1,0,1,1,0,1,0,0,0,1,1,0,6,0.9333333333333332,0.9333333333333332,accuracy,133,45,42,4
0,1,0,1,1,0,1,0,0,0,1,0,1,6,0.9777777777777776,0.9777777777777776,accuracy,133,45,42,2
0,1,0,1,1,0,1,0,0,0,0,1,1,6,0.9777777777777776,0.9777777777777776,accuracy,133,45,42,2
0,1,0,1,1,0,0,1,1,1,0,0,0,6,0.8666666666666667,0.8666666666666667,accuracy,133,45,42,7
0,1,0,1,1,0,0,1,1,0,1,0,0,6,0.8222222222222222,0.8222222222222222,accuracy,133,45,42,9
0,1,0,1,1,0,0,1,1,0,0,1,0,6,0.8666666666666667,0.8666666666666667,accuracy,133,45,42,7
0,1,0,1,1,0,0,1,1,0,0,0,1,6,0.8444444444444444,0.8444444444444444,accuracy,133,45,42,8
0,1,0,1,1,0,0,1,0,1,1,0,0,6,0.8888888888888888,0.8888888888888888,accuracy,133,45,42,6
0,1,0,1,1,0,0,1,0,1,0,1,0,6,0.8888888888888888,0.8888888888888888,accuracy,133,45,42,6
0,1,0,1,1,0,0,1,0,1,0,0,1,6,0.9111111111111112,0.9111111111111112,accuracy,133,45,42,5
0,1,0,1,1,0,0,1,0,0,1,1,0,6,0.9111111111111112,0.9111111111111112,accuracy,133,45,42,5
0,1,0,1,1,0,0,1,0,0,1,0,1,6,0.8666666666666667,0.8666666666666667,accuracy,133,45,42,7
0,1,0,1,1,0,0,1,0,0,0,1,1,6,0.9333333333333332,0.9333333333333332,accuracy,133,45,42,4
0,1,0,1,1,0,0,0,1,1,1,0,0,6,0.9333333333333332,0.9333333333333332,accuracy,133,45,42,4
0,1,0,1,1,0,0,0,1,1,0,1,0,6,0.9111111111111112,0.9111111111111112,accuracy,133,45,42,5
0,1,0,1,1,0,0,0,1,1,0,0,1,6,0.9333333333333332,0.9333333333333332,accuracy,133,45,42,4
0,1,0,1,1,0,0,0,1,0,1,1,0,6,0.9333333333333332,0.9333333333333332,accuracy,133,45,42,4
0,1,0,1,1,0,0,0,1,0,1,0,1,6,0.9111111111111112,0.9111111111111112,accuracy,133,45,42,5
0,1,0,1,1,0,0,0,1,0,0,1,1,6,0.9111111111111112,0.9111111111111112,accuracy,133,45,42,5
0,1,0,1,1,0,0,0,0,1,1,1,0,6,0.9555555555555556,0.9555555555555556,accuracy,133,45,42,3
0,1,0,1,1,0,0,0,0,1,1,0,1,6,0.9777777777777776,0.9777777777777776,accuracy,133,45,42,2
0,1,0,1,1,0,0,0,0,1,0,1,1,6,0.9777777777777776,0.9777777777777776,accuracy,133,45,42,2
0,1,0,1,1,0,0,0,0,0,1,1,1,6,0.9555555555555556,0.9555555555555556,accuracy,133,45,42,3
0,1,0,1,0,1,1,1,1,0,0,0,0,6,0.8222222222222222,0.8222222222222222,accuracy,133,45,42,9
0,1,0,1,0,1,1,1,0,1,0,0,0,6,0.8888888888888888,0.8888888888888888,accuracy,133,45,42,6
0,1,0,1,0,1,1,1,0,0,1,0,0,6,0.8888888888888888,0.8888888888888888,accuracy,133,45,42,6
0,1,0,1,0,1,1,1,0,0,0,1,0,6,0.8222222222222222,0.8222222222222222,accuracy,133,45,42,9
0,1,0,1,0,1,1,1,0,0,0,0,1,6,0.9555555555555556,0.9555555555555556,accuracy,133,45,42,3
0,1,0,1,0,1,1,0,1,1,0,0,0,6,0.8888888888888888,0.8888888888888888,accuracy,133,45,42,6
0,1,0,1,0,1,1,0,1,0,1,0,0,6,0.8666666666666667,0.8666666666666667,accuracy,133,45,42,7
0,1,0,1,0,1,1,0,1,0,0,1,0,6,0.8222222222222222,0.8222222222222222,accuracy,133,45,42,9
0,1,0,1,0,1,1,0,1,0,0,0,1,6,0.9333333333333332,0.9333333333333332,accuracy,133,45,42,4
0,1,0,1,0,1,1,0,0,1,1,0,0,6,0.9111111111111112,0.9111111111111112,accuracy,133,45,42,5
0,1,0,1,0,1,1,0,0,1,0,1,0,6,0.9111111111111112,0.9111111111111112,accuracy,133,45,42,5
0,1,0,1,0,1,1,0,0,1,0,0,1,6,1.0,1.0,accuracy,133,45,42,1
0,1,0,1,0,1,1,0,0,0,1,1,0,6,0.9111111111111112,0.9111111111111112,accuracy,133,45,42,5
0,1,0,1,0,1,1,0,0,0,1,0,1,6,0.9555555555555556,0.9555555555555556,accuracy,133,45,42,3
0,1,0,1,0,1,1,0,0,0,0,1,1,6,0.9777777777777776,0.9777777777777776,accuracy,133,45,42,2
0,1,0,1,0,1,0,1,1,1,0,0,0,6,0.8888888888888888,0.8888888888888888,accuracy,133,45,42,6
0,1,0,1,0,1,0,1,1,0,1,0,0,6,0.8,0.8,accuracy,133,45,42,10
0,1,0,1,0,1,0,1,1,0,0,1,0,6,0.8222222222222222,0.8222222222222222,accuracy,133,45,42,9
0,1,0,1,0,1,0,1,1,0,0,0,1,6,0.8666666666666667,0.8666666666666667,accuracy,133,45,42,7
0,1,0,1,0,1,0,1,0,1,1,0,0,6,0.9111111111111112,0.9111111111111112,accuracy,133,45,42,5
0,1,0,1,0,1,0,1,0,1,0,1,0,6,0.8666666666666667,0.8666666666666667,accuracy,133,45,42,7
0,1,0,1,0,1,0,1,0,1,0,0,1,6,0.9111111111111112,0.9111111111111112,accuracy,133,45,42,5
0,1,0,1,0,1,0,1,0,0,1,1,0,6,0.8444444444444444,0.8444444444444444,accuracy,133,45,42,8
0,1,0,1,0,1,0,1,0,0,1,0,1,6,0.9111111111111112,0.9111111111111112,accuracy,133,45,42,5
0,1,0,1,0,1,0,1,0,0,0,1,1,6,0.9333333333333332,0.9333333333333332,accuracy,133,45,42,4
0,1,0,1,0,1,0,0,1,1,1,0,0,6,0.9111111111111112,0.9111111111111112,accuracy,133,45,42,5
0,1,0,1,0,1,0,0,1,1,0,1,0,6,0.8888888888888888,0.8888888888888888,accuracy,133,45,42,6
0,1,0,1,0,1,0,0,1,1,0,0,1,6,0.9555555555555556,0.9555555555555556,accuracy,133,45,42,3
0,1,0,1,0,1,0,0,1,0,1,1,0,6,0.8666666666666667,0.8666666666666667,accuracy,133,45,42,7
0,1,0,1,0,1,0,0,1,0,1,0,1,6,0.9333333333333332,0.9333333333333332,accuracy,133,45,42,4
0,1,0,1,0,1,0,0,1,0,0,1,1,6,0.9555555555555556,0.9555555555555556,accuracy,133,45,42,3
0,1,0,1,0,1,0,0,0,1,1,1,0,6,0.9111111111111112,0.9111111111111112,accuracy,133,45,42,5
0,1,0,1,0,1,0,0,0,1,1,0,1,6,0.9777777777777776,0.9777777777777776,accuracy,133,45,42,2
0,1,0,1,0,1,0,0,0,1,0,1,1,6,0.9777777777777776,0.9777777777777776,accuracy,133,45,42,2
0,1,0,1,0,1,0,0,0,0,1,1,1,6,0.9555555555555556,0.9555555555555556,accuracy,133,45,42,3
0,1,0,1,0,0,1,1,1,1,0,0,0,6,0.8888888888888888,0.8888888888888888,accuracy,133,45,42,6
0,1,0,1,0,0,1,1,1,0,1,0,0,6,0.9111111111111112,0.9111111111111112,accuracy,133,45,42,5
0,1,0,1,0,0,1,1,1,0,0,1,0,6,0.8444444444444444,0.8444444444444444,accuracy,133,45,42,8
0,1,0,1,0,0,1,1,1,0,0,0,1,6,0.9333333333333332,0.9333333333333332,accuracy,133,45,42,4
0,1,0,1,0,0,1,1,0,1,1,0,0,6,0.8888888888888888,0.8888888888888888,accuracy,133,45,42,6
0,1,0,1,0,0,1,1,0,1,0,1,0,6,0.8888888888888888,0.8888888888888888,accuracy,133,45,42,6
0,1,0,1,0,0,1,1,0,1,0,0,1,6,0.9777777777777776,0.9777777777777776,accuracy,133,45,42,2
0,1,0,1,0,0,1,1,0,0,1,1,0,6,0.9111111111111112,0.9111111111111112,accuracy,133,45,42,5
0,1,0,1,0,0,1,1,0,0,1,0,1,6,0.9777777777777776,0.9777777777777776,accuracy,133,45,42,2
0,1,0,1,0,0,1,1,0,0,0,1,1,6,0.9777777777777776,0.9777777777777776,accuracy,133,45,42,2
0,1,0,1,0,0,1,0,1,1,1,0,0,6,0.9111111111111112,0.9111111111111112,accuracy,133,45,42,5
0,1,0,1,0,0,1,0,1,1,0,1,0,6,0.8888888888888888,0.8888888888888888,accuracy,133,45,42,6
0,1,0,1,0,0,1,0,1,1,0,0,1,6,0.9777777777777776,0.9777777777777776,accuracy,133,45,42,2
0,1,0,1,0,0,1,0,1,0,1,1,0,6,0.9111111111111112,0.9111111111111112,accuracy,133,45,42,5
0,1,0,1,0,0,1,0,1,0,1,0,1,6,0.9777777777777776,0.9777777777777776,accuracy,133,45,42,2
0,1,0,1,0,0,1,0,1,0,0,1,1,6,0.9777777777777776,0.9777777777777776,accuracy,133,45,42,2
0,1,0,1,0,0,1,0,0,1,1,1,0,6,0.9111111111111112,0.9111111111111112,accuracy,133,45,42,5
0,1,0,1,0,0,1,0,0,1,1,0,1,6,1.0,1.0,accuracy,133,45,42,1
0,1,0,1,0,0,1,0,0,1,0,1,1,6,1.0,1.0,accuracy,133,45,42,1
0,1,0,1,0,0,1,0,0,0,1,1,1,6,0.9777777777777776,0.9777777777777776,accuracy,133,45,42,2
0,1,0,1,0,0,0,1,1,1,1,0,0,6,0.9111111111111112,0.9111111111111112,accuracy,133,45,42,5
0,1,0,1,0,0,0,1,1,1,0,1,0,6,0.8888888888888888,0.8888888888888888,accuracy,133,45,42,6
0,1,0,1,0,0,0,1,1,1,0,0,1,6,0.9333333333333332,0.9333333333333332,accuracy,133,45,42,4
0,1,0,1,0,0,0,1,1,0,1,1,0,6,0.8444444444444444,0.8444444444444444,accuracy,133,45,42,8
0,1,0,1,0,0,0,1,1,0,1,0,1,6,0.9111111111111112,0.9111111111111112,accuracy,133,45,42,5
0,1,0,1,0,0,0,1,1,0,0,1,1,6,0.9333333333333332,0.9333333333333332,accuracy,133,45,42,4
0,1,0,1,0,0,0,1,0,1,1,1,0,6,0.9111111111111112,0.9111111111111112,accuracy,133,45,42,5
0,1,0,1,0,0,0,1,0,1,1,0,1,6,0.9777777777777776,0.9777777777777776,accuracy,133,45,42,2
0,1,0,1,0,0,0,1,0,1,0,1,1,6,0.9777777777777776,0.9777777777777776,accuracy,133,45,42,2
0,1,0,1,0,0,0,1,0,0,1,1,1,6,0.9555555555555556,0.9555555555555556,accuracy,133,45,42,3
0,1,0,1,0,0,0,0,1,1,1,1,0,6,0.9333333333333332,0.9333333333333332,accuracy,133,45,42,4
0,1,0,1,0,0,0,0,1,1,1,0,1,6,1.0,1.0,accuracy,133,45,42,1
0,1,0,1,0,0,0,0,1,1,0,1,1,6,0.9777777777777776,0.9777777777777776,accuracy,133,45,42,2
0,1,0,1,0,0,0,0,1,0,1,1,1,6,0.9333333333333332,0.9333333333333332,accuracy,133,45,42,4
0,1,0,1,0,0,0,0,0,1,1,1,1,6,1.0,1.0,accuracy,133,45,42,1
0,1,0,0,1,1,1,1,1,0,0,0,0,6,0.8888888888888888,0.8888888888888888,accuracy,133,45,42,6
0,1,0,0,1,1,1,1,0,1,0,0,0,6,0.9555555555555556,0.9555555555555556,accuracy,133,45,42,3
0,1,0,0,1,1,1,1,0,0,1,0,0,6,0.9333333333333332,0.9333333333333332,accuracy,133,45,42,4
0,1,0,0,1,1,1,1,0,0,0,1,0,6,0.9333333333333332,0.9333333333333332,accuracy,133,45,42,4
0,1,0,0,1,1,1,1,0,0,0,0,1,6,0.9333333333333332,0.9333333333333332,accuracy,133,45,42,4
0,1,0,0,1,1,1,0,1,1,0,0,0,6,0.9333333333333332,0.9333333333333332,accuracy,133,45,42,4
0,1,0,0,1,1,1,0,1,0,1,0,0,6,0.9333333333333332,0.9333333333333332,accuracy,133,45,42,4
0,1,0,0,1,1,1,0,1,0,0,1,0,6,0.9555555555555556,0.9555555555555556,accuracy,133,45,42,3
0,1,0,0,1,1,1,0,1,0,0,0,1,6,0.9333333333333332,0.9333333333333332,accuracy,133,45,42,4
0,1,0,0,1,1,1,0,0,1,1,0,0,6,0.9333333333333332,0.9333333333333332,accuracy,133,45,42,4
0,1,0,0,1,1,1,0,0,1,0,1,0,6,0.9333333333333332,0.9333333333333332,accuracy,133,45,42,4
0,1,0,0,1,1,1,0,0,1,0,0,1,6,0.9777777777777776,0.9777777777777776,accuracy,133,45,42,2
0,1,0,0,1,1,1,0,0,0,1,1,0,6,0.9333333333333332,0.9333333333333332,accuracy,133,45,42,4
0,1,0,0,1,1,1,0,0,0,1,0,1,6,0.9555555555555556,0.9555555555555556,accuracy,133,45,42,3
0,1,0,0,1,1,1,0,0,0,0,1,1,6,0.9777777777777776,0.9777777777777776,accuracy,133,45,42,2
0,1,0,0,1,1,0,1,1,1,0,0,0,6,0.8888888888888888,0.8888888888888888,accuracy,133,45,42,6
0,1,0,0,1,1,0,1,1,0,1,0,0,6,0.8,0.8,accuracy,133,45,42,10
0,1,0,0,1,1,0,1,1,0,0,1,0,6,0.8666666666666667,0.8666666666666667,accuracy,133,45,42,7
0,1,0,0,1,1,0,1,1,0,0,0,1,6,0.8444444444444444,0.8444444444444444,accuracy,133,45,42,8
0,1,0,0,1,1,0,1,0,1,1,0,0,6,0.9111111111111112,0.9111111111111112,accuracy,133,45,42,5
0,1,0,0,1,1,0,1,0,1,0,1,0,6,0.9111111111111112,0.9111111111111112,accuracy,133,45,42,5
0,1,0,0,1,1,0,1,0,1,0,0,1,6,0.9111111111111112,0.9111111111111112,accuracy,133,45,42,5
0,1,0,0,1,1,0,1,0,0,1,1,0,6,0.8888888888888888,0.8888888888888888,accuracy,133,45,42,6
0,1,0,0,1,1,0,1,0,0,1,0,1,6,0.8666666666666667,0.8666666666666667,accuracy,133,45,42,7
0,1,0,0,1,1,0,1,0,0,0,1,1,6,0.9333333333333332,0.9333333333333332,accuracy,133,45,42,4
0,1,0,0,1,1,0,0,1,1,1,0,0,6,0.9333333333333332,0.9333333333333332,accuracy,133,45,42,4
0,1,0,0,1,1,0,0,1,1,0,1,0,6,0.8888888888888888,0.8888888888888888,accuracy,133,45,42,6
0,1,0,0,1,1,0,0,1,1,0,0,1,6,0.9333333333333332,0.9333333333333332,accuracy,133,45,42,4
0,1,0,0,1,1,0,0,1,0,1,1,0,6,0.8666666666666667,0.8666666666666667,accuracy,133,45,42,7
0,1,0,0,1,1,0,0,1,0,1,0,1,6,0.9111111111111112,0.9111111111111112,accuracy,133,45,42,5
0,1,0,0,1,1,0,0,1,0,0,1,1,6,0.9333333333333332,0.9333333333333332,accuracy,133,45,42,4
0,1,0,0,1,1,0,0,0,1,1,1,0,6,0.9555555555555556,0.9555555555555556,accuracy,133,45,42,3
0,1,0,0,1,1,0,0,0,1,1,0,1,6,0.9777777777777776,0.9777777777777776,accuracy,133,45,42,2
0,1,0,0,1,1,0,0,0,1,0,1,1,6,0.9555555555555556,0.9555555555555556,accuracy,133,45,42,3
0,1,0,0,1,1,0,0,0,0,1,1,1,6,0.9333333333333332,0.9333333333333332,accuracy,133,45,42,4
0,1,0,0,1,0,1,1,1,1,0,0,0,6,0.9777777777777776,0.9777777777777776,accuracy,133,45,42,2
0,1,0,0,1,0,1,1,1,0,1,0,0,6,0.9333333333333332,0.9333333333333332,accuracy,133,45,42,4
0,1,0,0,1,0,1,1,1,0,0,1,0,6,0.9333333333333332,0.9333333333333332,accuracy,133,45,42,4
0,1,0,0,1,0,1,1,1,0,0,0,1,6,0.9555555555555556,0.9555555555555556,accuracy,133,45,42,3
0,1,0,0,1,0,1,1,0,1,1,0,0,6,0.9555555555555556,0.9555555555555556,accuracy,133,45,42,3
0,1,0,0,1,0,1,1,0,1,0,1,0,6,0.9555555555555556,0.9555555555555556,accuracy,133,45,42,3
0,1,0,0,1,0,1,1,0,1,0,0,1,6,0.9555555555555556,0.9555555555555556,accuracy,133,45,42,3
0,1,0,0,1,0,1,1,0,0,1,1,0,6,0.9333333333333332,0.9333333333333332,accuracy,133,45,42,4
0,1,0,0,1,0,1,1,0,0,1,0,1,6,0.9777777777777776,0.9777777777777776,accuracy,133,45,42,2
0,1,0,0,1,0,1,1,0,0,0,1,1,6,0.9333333333333332,0.9333333333333332,accuracy,133,45,42,4
0,1,0,0,1,0,1,0,1,1,1,0,0,6,0.9555555555555556,0.9555555555555556,accuracy,133,45,42,3
0,1,0,0,1,0,1,0,1,1,0,1,0,6,0.9555555555555556,0.9555555555555556,accuracy,133,45,42,3
0,1,0,0,1,0,1,0,1,1,0,0,1,6,0.9555555555555556,0.9555555555555556,accuracy,133,45,42,3
0,1,0,0,1,0,1,0,1,0,1,1,0,6,0.9333333333333332,0.9333333333333332,accuracy,133,45,42,4
0,1,0,0,1,0,1,0,1,0,1,0,1,6,0.9777777777777776,0.9777777777777776,accuracy,133,45,42,2
0,1,0,0,1,0,1,0,1,0,0,1,1,6,0.9777777777777776,0.9777777777777776,accuracy,133,45,42,2
0,1,0,0,1,0,1,0,0,1,1,1,0,6,0.9555555555555556,0.9555555555555556,accuracy,133,45,42,3
0,1,0,0,1,0,1,0,0,1,1,0,1,6,0.9777777777777776,0.9777777777777776,accuracy,133,45,42,2
0,1,0,0,1,0,1,0,0,1,0,1,1,6,0.9777777777777776,0.9777777777777776,accuracy,133,45,42,2
0,1,0,0,1,0,1,0,0,0,1,1,1,6,0.9555555555555556,0.9555555555555556,accuracy,133,45,42,3
0,1,0,0,1,0,0,1,1,1,1,0,0,6,0.9333333333333332,0.9333333333333332,accuracy,133,45,42,4
0,1,0,0,1,0,0,1,1,1,0,1,0,6,0.9111111111111112,0.9111111111111112,accuracy,133,45,42,5
0,1,0,0,1,0,0,1,1,1,0,0,1,6,0.9333333333333332,0.9333333333333332,accuracy,133,45,42,4
0,1,0,0,1,0,0,1,1,0,1,1,0,6,0.8888888888888888,0.8888888888888888,accuracy,133,45,42,6
0,1,0,0,1,0,0,1,1,0,1,0,1,6,0.8888888888888888,0.8888888888888888,accuracy,133,45,42,6
0,1,0,0,1,0,0,1,1,0,0,1,1,6,0.9111111111111112,0.9111111111111112,accuracy,133,45,42,5
0,1,0,0,1,0,0,1,0,1,1,1,0,6,0.9555555555555556,0.9555555555555556,accuracy,133,45,42,3
0,1,0,0,1,0,0,1,0,1,1,0,1,6,0.9777777777777776,0.9777777777777776,accuracy,133,45,42,2
0,1,0,0,1,0,0,1,0,1,0,1,1,6,0.9555555555555556,0.9555555555555556,accuracy,133,45,42,3
0,1,0,0,1,0,0,1,0,0,1,1,1,6,0.9555555555555556,0.9555555555555556,accuracy,133,45,42,3
0,1,0,0,1,0,0,0,1,1,1,1,0,6,0.9555555555555556,0.9555555555555556,accuracy,133,45,42,3
0,1,0,0,1,0,0,0,1,1,1,0,1,6,1.0,1.0,accuracy,133,45,42,1
0,1,0,0,1,0,0,0,1,1,0,1,1,6,0.9777777777777776,0.9777777777777776,accuracy,133,45,42,2
0,1,0,0,1,0,0,0,1,0,1,1,1,6,0.9333333333333332,0.9333333333333332,accuracy,133,45,42,4
0,1,0,0,1,0,0,0,0,1,1,1,1,6,1.0,1.0,accuracy,133,45,42,1
0,1,0,0,0,1,1,1,1,1,0,0,0,6,0.8888888888888888,0.8888888888888888,accuracy,133,45,42,6
0,1,0,0,0,1,1,1,1,0,1,0,0,6,0.8888888888888888,0.8888888888888888,accuracy,133,45,42,6
0,1,0,0,0,1,1,1,1,0,0,1,0,6,0.8444444444444444,0.8444444444444444,accuracy,133,45,42,8
0,1,0,0,0,1,1,1,1,0,0,0,1,6,0.9555555555555556,0.9555555555555556,accuracy,133,45,42,3
0,1,0,0,0,1,1,1,0,1,1,0,0,6,0.9111111111111112,0.9111111111111112,accuracy,133,45,42,5
0,1,0,0,0,1,1,1,0,1,0,1,0,6,0.8888888888888888,0.8888888888888888,accuracy,133,45,42,6
0,1,0,0,0,1,1,1,0,1,0,0,1,6,1.0,1.0,accuracy,133,45,42,1
0,1,0,0,0,1,1,1,0,0,1,1,0,6,0.9111111111111112,0.9111111111111112,accuracy,133,45,42,5
0,1,0,0,0,1,1,1,0,0,1,0,1,6,0.9777777777777776,0.9777777777777776,accuracy,133,45,42,2
0,1,0,0,0,1,1,1,0,0,0,1,1,6,0.9555555555555556,0.9555555555555556,accuracy,133,45,42,3
0,1,0,0,0,1,1,0,1,1,1,0,0,6,0.9111111111111112,0.9111111111111112,accuracy,133,45,42,5
0,1,0,0,0,1,1,0,1,1,0,1,0,6,0.8888888888888888,0.8888888888888888,accuracy,133,45,42,6
0,1,0,0,0,1,1,0,1,1,0,0,1,6,1.0,1.0,accuracy,133,45,42,1
0,1,0,0,0,1,1,0,1,0,1,1,0,6,0.8888888888888888,0.8888888888888888,accuracy,133,45,42,6
0,1,0,0,0,1,1,0,1,0,1,0,1,6,0.9555555555555556,0.9555555555555556,accuracy,133,45,42,3
0,1,0,0,0,1,1,0,1,0,0,1,1,6,0.9777777777777776,0.9777777777777776,accuracy,133,45,42,2
0,1,0,0,0,1,1,0,0,1,1,1,0,6,0.9111111111111112,0.9111111111111112,accuracy,133,45,42,5
0,1,0,0,0,1,1,0,0,1,1,0,1,6,1.0,1.0,accuracy,133,45,42,1
0,1,0,0,0,1,1,0,0,1,0,1,1,6,1.0,1.0,accuracy,133,45,42,1
0,1,0,0,0,1,1,0,0,0,1,1,1,6,0.9555555555555556,0.9555555555555556,accuracy,133,45,42,3
0,1,0,0,0,1,0,1,1,1,1,0,0,6,0.9333333333333332,0.9333333333333332,accuracy,133,45,42,4
0,1,0,0,0,1,0,1,1,1,0,1,0,6,0.8888888888888888,0.8888888888888888,accuracy,133,45,42,6
0,1,0,0,0,1,0,1,1,1,0,0,1,6,0.9555555555555556,0.9555555555555556,accuracy,133,45,42,3
0,1,0,0,0,1,0,1,1,0,1,1,0,6,0.8222222222222222,0.8222222222222222,accuracy,133,45,42,9
0,1,0,0,0,1,0,1,1,0,1,0,1,6,0.9111111111111112,0.9111111111111112,accuracy,133,45,42,5
0,1,0,0,0,1,0,1,1,0,0,1,1,6,0.9333333333333332,0.9333333333333332,accuracy,133,45,42,4
0,1,0,0,0,1,0,1,0,1,1,1,0,6,0.9111111111111112,0.9111111111111112,accuracy,133,45,42,5
0,1,0,0,0,1,0,1,0,1,1,0,1,6,0.9777777777777776,0.9777777777777776,accuracy,133,45,42,2
0,1,0,0,0,1,0,1,0,1,0,1,1,6,0.9777777777777776,0.9777777777777776,accuracy,133,45,42,2
0,1,0,0,0,1,0,1,0,0,1,1,1,6,0.9111111111111112,0.9111111111111112,accuracy,133,45,42,5
0,1,0,0,0,1,0,0,1,1,1,1,0,6,0.9111111111111112,0.9111111111111112,accuracy,133,45,42,5
0,1,0,0,0,1,0,0,1,1,1,0,1,6,1.0,1.0,accuracy,133,45,42,1
0,1,0,0,0,1,0,0,1,1,0,1,1,6,1.0,1.0,accuracy,133,45,42,1
0,1,0,0,0,1,0,0,1,0,1,1,1,6,0.9111111111111112,0.9111111111111112,accuracy,133,45,42,5
0,1,0,0,0,1,0,0,0,1,1,1,1,6,1.0,1.0,accuracy,133,45,42,1
0,1,0,0,0,0,1,1,1,1,1,0,0,6,0.9111111111111112,0.9111111111111112,accuracy,133,45,42,5
0,1,0,0,0,0,1,1,1,1,0,1,0,6,0.9111111111111112,0.9111111111111112,accuracy,133,45,42,5
0,1,0,0,0,0,1,1,1,1,0,0,1,6,1.0,1.0,accuracy,133,45,42,1
0,1,0,0,0,0,1,1,1,0,1,1,0,6,0.9111111111111112,0.9111111111111112,accuracy,133,45,42,5
0,1,0,0,0,0,1,1,1,0,1,0,1,6,0.9555555555555556,0.9555555555555556,accuracy,133,45,42,3
0,1,0,0,0,0,1,1,1,0,0,1,1,6,0.9333333333333332,0.9333333333333332,accuracy,133,45,42,4
0,1,0,0,0,0,1,1,0,1,1,1,0,6,0.9111111111111112,0.9111111111111112,accuracy,133,45,42,5
0,1,0,0,0,0,1,1,0,1,1,0,1,6,1.0,1.0,accuracy,133,45,42,1
0,1,0,0,0,0,1,1,0,1,0,1,1,6,1.0,1.0,accuracy,133,45,42,1
0,1,0,0,0,0,1,1,0,0,1,1,1,6,0.9555555555555556,0.9555555555555556,accuracy,133,45,42,3
0,1,0,0,0,0,1,0,1,1,1,1,0,6,0.9111111111111112,0.9111111111111112,accuracy,133,45,42,5
0,1,0,0,0,0,1,0,1,1,1,0,1,6,1.0,1.0,accuracy,133,45,42,1
0,1,0,0,0,0,1,0,1,1,0,1,1,6,1.0,1.0,accuracy,133,45,42,1
0,1,0,0,0,0,1,0,1,0,1,1,1,6,0.9333333333333332,0.9333333333333332,accuracy,133,45,42,4
0,1,0,0,0,0,1,0,0,1,1,1,1,6,1.0,1.0,accuracy,133,45,42,1
0,1,0,0,0,0,0,1,1,1,1,1,0,6,0.9111111111111112,0.9111111111111112,accuracy,133,45,42,5
0,1,0,0,0,0,0,1,1,1,1,0,1,6,1.0,1.0,accuracy,133,45,42,1
0,1,0,0,0,0,0,1,1,1,0,1,1,6,0.9777777777777776,0.9777777777777776,accuracy,133,45,42,2
0,1,0,0,0,0,0,1,1,0,1,1,1,6,0.9111111111111112,0.9111111111111112,accuracy,133,45,42,5
0,1,0,0,0,0,0,1,0,1,1,1,1,6,1.0,1.0,accuracy,133,45,42,1
0,1,0,0,0,0,0,0,1,1,1,1,1,6,1.0,1.0,accuracy,133,45,42,1
0,0,1,1,1,1,1,1,0,0,0,0,0,6,0.9111111111111112,0.9111111111111112,accuracy,133,45,42,5
0,0,1,1,1,1,1,0,1,0,0,0,0,6,0.9111111111111112,0.9111111111111112,accuracy,133,45,42,5
0,0,1,1,1,1,1,0,0,1,0,0,0,6,0.9333333333333332,0.9333333333333332,accuracy,133,45,42,4
0,0,1,1,1,1,1,0,0,0,1,0,0,6,0.9333333333333332,0.9333333333333332,accuracy,133,45,42,4
0,0,1,1,1,1,1,0,0,0,0,1,0,6,0.9111111111111112,0.9111111111111112,accuracy,133,45,42,5
0,0,1,1,1,1,1,0,0,0,0,0,1,6,0.9555555555555556,0.9555555555555556,accuracy,133,45,42,3
0,0,1,1,1,1,0,1,1,0,0,0,0,6,0.8,0.8,accuracy,133,45,42,10
0,0,1,1,1,1,0,1,0,1,0,0,0,6,0.9111111111111112,0.9111111111111112,accuracy,133,45,42,5
0,0,1,1,1,1,0,1,0,0,1,0,0,6,0.8,0.8,accuracy,133,45,42,10
0,0,1,1,1,1,0,1,0,0,0,1,0,6,0.8444444444444444,0.8444444444444444,accuracy,133,45,42,8
0,0,1,1,1,1,0,1,0,0,0,0,1,6,0.9111111111111112,0.9111111111111112,accuracy,133,45,42,5
0,0,1,1,1,1,0,0,1,1,0,0,0,6,0.8888888888888888,0.8888888888888888,accuracy,133,45,42,6
0,0,1,1,1,1,0,0,1,0,1,0,0,6,0.8,0.8,accuracy,133,45,42,10
0,0,1,1,1,1,0,0,1,0,0,1,0,6,0.8888888888888888,0.8888888888888888,accuracy,133,45,42,6
0,0,1,1,1,1,0,0,1,0,0,0,1,6,0.8666666666666667,0.8666666666666667,accuracy,133,45,42,7
0,0,1,1,1,1,0,0,0,1,1,0,0,6,0.8888888888888888,0.8888888888888888,accuracy,133,45,42,6
0,0,1,1,1,1,0,0,0,1,0,1,0,6,0.9111111111111112,0.9111111111111112,accuracy,133,45,42,5
0,0,1,1,1,1,0,0,0,1,0,0,1,6,0.9333333333333332,0.9333333333333332,accuracy,133,45,42,4
0,0,1,1,1,1,0,0,0,0,1,1,0,6,0.8666666666666667,0.8666666666666667,accuracy,133,45,42,7
0,0,1,1,1,1,0,0,0,0,1,0,1,6,0.8666666666666667,0.8666666666666667,accuracy,133,45,42,7
0,0,1,1,1,1,0,0,0,0,0,1,1,6,0.9333333333333332,0.9333333333333332,accuracy,133,45,42,4
0,0,1,1,1,0,1,1,1,0,0,0,0,6,0.9555555555555556,0.9555555555555556,accuracy,133,45,42,3
0,0,1,1,1,0,1,1,0,1,0,0,0,6,0.9555555555555556,0.9555555555555556,accuracy,133,45,42,3
0,0,1,1,1,0,1,1,0,0,1,0,0,6,0.9555555555555556,0.9555555555555556,accuracy,133,45,42,3
0,0,1,1,1,0,1,1,0,0,0,1,0,6,0.9111111111111112,0.9111111111111112,accuracy,133,45,42,5
0,0,1,1,1,0,1,1,0,0,0,0,1,6,0.9777777777777776,0.9777777777777776,accuracy,133,45,42,2
0,0,1,1,1,0,1,0,1,1,0,0,0,6,0.9555555555555556,0.9555555555555556,accuracy,133,45,42,3
0,0,1,1,1,0,1,0,1,0,1,0,0,6,0.9555555555555556,0.9555555555555556,accuracy,133,45,42,3
0,0,1,1,1,0,1,0,1,0,0,1,0,6,0.9111111111111112,0.9111111111111112,accuracy,133,45,42,5
0,0,1,1,1,0,1,0,1,0,0,0,1,6,0.9777777777777776,0.9777777777777776,accuracy,133,45,42,2
0,0,1,1,1,0,1,0,0,1,1,0,0,6,0.9111111111111112,0.9111111111111112,accuracy,133,45,42,5
0,0,1,1,1,0,1,0,0,1,0,1,0,6,0.9555555555555556,0.9555555555555556,accuracy,133,45,42,3
0,0,1,1,1,0,1,0,0,1,0,0,1,6,1.0,1.0,accuracy,133,45,42,1
0,0,1,1,1,0,1,0,0,0,1,1,0,6,0.9333333333333332,0.9333333333333332,accuracy,133,45,42,4
0,0,1,1,1,0,1,0,0,0,1,0,1,6,0.9555555555555556,0.9555555555555556,accuracy,133,45,42,3
0,0,1,1,1,0,1,0,0,0,0,1,1,6,0.9777777777777776,0.9777777777777776,accuracy,133,45,42,2
0,0,1,1,1,0,0,1,1,1,0,0,0,6,0.8888888888888888,0.8888888888888888,accuracy,133,45,42,6
0,0,1,1,1,0,0,1,1,0,1,0,0,6,0.8666666666666667,0.8666666666666667,accuracy,133,45,42,7
0,0,1,1,1,0,0,1,1,0,0,1,0,6,0.8444444444444444,0.8444444444444444,accuracy,133,45,42,8
0,0,1,1,1,0,0,1,1,0,0,0,1,6,0.8444444444444444,0.8444444444444444,accuracy,133,45,42,8
0,0,1,1,1,0,0,1,0,1,1,0,0,6,0.8666666666666667,0.8666666666666667,accuracy,133,45,42,7
0,0,1,1,1,0,0,1,0,1,0,1,0,6,0.9333333333333332,0.9333333333333332,accuracy,133,45,42,4
0,0,1,1,1,0,0,1,0,1,0,0,1,6,0.9555555555555556,0.9555555555555556,accuracy,133,45,42,3
0,0,1,1,1,0,0,1,0,0,1,1,0,6,0.8888888888888888,0.8888888888888888,accuracy,133,45,42,6
0,0,1,1,1,0,0,1,0,0,1,0,1,6,0.8666666666666667,0.8666666666666667,accuracy,133,45,42,7
0,0,1,1,1,0,0,1,0,0,0,1,1,6,0.9333333333333332,0.9333333333333332,accuracy,133,45,42,4
0,0,1,1,1,0,0,0,1,1,1,0,0,6,0.9111111111111112,0.9111111111111112,accuracy,133,45,42,5
0,0,1,1,1,0,0,0,1,1,0,1,0,6,0.9333333333333332,0.9333333333333332,accuracy,133,45,42,4
0,0,1,1,1,0,0,0,1,1,0,0,1,6,0.9777777777777776,0.9777777777777776,accuracy,133,45,42,2
0,0,1,1,1,0,0,0,1,0,1,1,0,6,0.8444444444444444,0.8444444444444444,accuracy,133,45,42,8
0,0,1,1,1,0,0,0,1,0,1,0,1,6,0.8888888888888888,0.8888888888888888,accuracy,133,45,42,6
0,0,1,1,1,0,0,0,1,0,0,1,1,6,0.9111111111111112,0.9111111111111112,accuracy,133,45,42,5
0,0,1,1,1,0,0,0,0,1,1,1,0,6,0.9555555555555556,0.9555555555555556,accuracy,133,45,42,3
0,0,1,1,1,0,0,0,0,1,1,0,1,6,0.9555555555555556,0.9555555555555556,accuracy,133,45,42,3
0,0,1,1,1,0,0,0,0,1,0,1,1,6,0.9777777777777776,0.9777777777777776,accuracy,133,45,42,2
0,0,1,1,1,0,0,0,0,0,1,1,1,6,0.9333333333333332,0.9333333333333332,accuracy,133,45,42,4
0,0,1,1,0,1,1,1,1,0,0,0,0,6,0.8444444444444444,0.8444444444444444,accuracy,133,45,42,8
0,0,1,1,0,1,1,1,0,1,0,0,0,6,0.9555555555555556,0.9555555555555556,accuracy,133,45,42,3
0,0,1,1,0,1,1,1,0,0,1,0,0,6,0.8888888888888888,0.8888888888888888,accuracy,133,45,42,6
0,0,1,1,0,1,1,1,0,0,0,1,0,6,0.8666666666666667,0.8666666666666667,accuracy,133,45,42,7
0,0,1,1,0,1,1,1,0,0,0,0,1,6,0.9777777777777776,0.9777777777777776,accuracy,133,45,42,2
0,0,1,1,0,1,1,0,1,1,0,0,0,6,0.9555555555555556,0.9555555555555556,accuracy,133,45,42,3
0,0,1,1,0,1,1,0,1,0,1,0,0,6,0.8888888888888888,0.8888888888888888,accuracy,133,45,42,6
0,0,1,1,0,1,1,0,1,0,0,1,0,6,0.8666666666666667,0.8666666666666667,accuracy,133,45,42,7
0,0,1,1,0,1,1,0,1,0,0,0,1,6,0.9777777777777776,0.9777777777777776,accuracy,133,45,42,2
0,0,1,1,0,1,1,0,0,1,1,0,0,6,0.9111111111111112,0.9111111111111112,accuracy,133,45,42,5
0,0,1,1,0,1,1,0,0,1,0,1,0,6,0.9333333333333332,0.9333333333333332,accuracy,133,45,42,4
0,0,1,1,0,1,1,0,0,1,0,0,1,6,1.0,1.0,accuracy,133,45,42,1
0,0,1,1,0,1,1,0,0,0,1,1,0,6,0.8666666666666667,0.8666666666666667,accuracy,133,45,42,7
0,0,1,1,0,1,1,0,0,0,1,0,1,6,0.9555555555555556,0.9555555555555556,accuracy,133,45,42,3
0,0,1,1,0,1,1,0,0,0,0,1,1,6,0.9777777777777776,0.9777777777777776,accuracy,133,45,42,2
0,0,1,1,0,1,0,1,1,1,0,0,0,6,0.9333333333333332,0.9333333333333332,accuracy,133,45,42,4
0,0,1,1,0,1,0,1,1,0,1,0,0,6,0.8,0.8,accuracy,133,45,42,10
0,0,1,1,0,1,0,1,1,0,0,1,0,6,0.8,0.8,accuracy,133,45,42,10
0,0,1,1,0,1,0,1,1,0,0,0,1,6,0.9111111111111112,0.9111111111111112,accuracy,133,45,42,5
0,0,1,1,0,1,0,1,0,1,1,0,0,6,0.9111111111111112,0.9111111111111112,accuracy,133,45,42,5
0,0,1,1,0,1,0,1,0,1,0,1,0,6,0.9111111111111112,0.9111111111111112,accuracy,133,45,42,5
0,0,1,1,0,1,0,1,0,1,0,0,1,6,0.9555555555555556,0.9555555555555556,accuracy,133,45,42,3
0,0,1,1,0,1,0,1,0,0,1,1,0,6,0.8222222222222222,0.8222222222222222,accuracy,133,45,42,9
0,0,1,1,0,1,0,1,0,0,1,0,1,6,0.8666666666666667,0.8666666666666667,accuracy,133,45,42,7
0,0,1,1,0,1,0,1,0,0,0,1,1,6,0.9333333333333332,0.9333333333333332,accuracy,133,45,42,4
0,0,1,1,0,1,0,0,1,1,1,0,0,6,0.8888888888888888,0.8888888888888888,accuracy,133,45,42,6
0,0,1,1,0,1,0,0,1,1,0,1,0,6,0.9333333333333332,0.9333333333333332,accuracy,133,45,42,4
0,0,1,1,0,1,0,0,1,1,0,0,1,6,0.9555555555555556,0.9555555555555556,accuracy,133,45,42,3
0,0,1,1,0,1,0,0,1,0,1,1,0,6,0.8222222222222222,0.8222222222222222,accuracy,133,45,42,9
0,0,1,1,0,1,0,0,1,0,1,0,1,6,0.8666666666666667,0.8666666666666667,accuracy,133,45,42,7
0,0,1,1,0,1,0,0,1,0,0,1,1,6,0.9555555555555556,0.9555555555555556,accuracy,133,45,42,3
0,0,1,1,0,1,0,0,0,1,1,1,0,6,0.8888888888888888,0.8888888888888888,accuracy,133,45,42,6
0,0,1,1,0,1,0,0,0,1,1,0,1,6,0.9777777777777776,0.9777777777777776,accuracy,133,45,42,2
0,0,1,1,0,1,0,0,0,1,0,1,1,6,0.9777777777777776,0.9777777777777776,accuracy,133,45,42,2
0,0,1,1,0,1,0,0,0,0,1,1,1,6,0.9555555555555556,0.9555555555555556,accuracy,133,45,42,3
0,0,1,1,0,0,1,1,1,1,0,0,0,6,0.9555555555555556,0.9555555555555556,accuracy,133,45,42,3
0,0,1,1,0,0,1,1,1,0,1,0,0,6,0.9333333333333332,0.9333333333333332,accuracy,133,45,42,4
0,0,1,1,0,0,1,1,1,0,0,1,0,6,0.8666666666666667,0.8666666666666667,accuracy,133,45,42,7
0,0,1,1,0,0,1,1,1,0,0,0,1,6,0.9777777777777776,0.9777777777777776,accuracy,133,45,42,2
0,0,1,1,0,0,1,1,0,1,1,0,0,6,0.9111111111111112,0.9111111111111112,accuracy,133,45,42,5
0,0,1,1,0,0,1,1,0,1,0,1,0,6,0.9333333333333332,0.9333333333333332,accuracy,133,45,42,4
0,0,1,1,0,0,1,1,0,1,0,0,1,6,1.0,1.0,accuracy,133,45,42,1
0,0,1,1,0,0,1,1,0,0,1,1,0,6,0.8666666666666667,0.8666666666666667,accuracy,133,45,42,7
0,0,1,1,0,0,1,1,0,0,1,0,1,6,0.9555555555555556,0.9555555555555556,accuracy,133,45,42,3
0,0,1,1,0,0,1,1,0,0,0,1,1,6,0.9777777777777776,0.9777777777777776,accuracy,133,45,42,2
0,0,1,1,0,0,1,0,1,1,1,0,0,6,0.9111111111111112,0.9111111111111112,accuracy,133,45,42,5
0,0,1,1,0,0,1,0,1,1,0,1,0,6,0.9333333333333332,0.9333333333333332,accuracy,133,45,42,4
0,0,1,1,0,0,1,0,1,1,0,0,1,6,1.0,1.0,accuracy,133,45,42,1
0,0,1,1,0,0,1,0,1,0,1,1,0,6,0.8888888888888888,0.8888888888888888,accuracy,133,45,42,6
0,0,1,1,0,0,1,0,1,0,1,0,1,6,0.9555555555555556,0.9555555555555556,accuracy,133,45,42,3
0,0,1,1,0,0,1,0,1,0,0,1,1,6,0.9777777777777776,0.9777777777777776,accuracy,133,45,42,2
0,0,1,1,0,0,1,0,0,1,1,1,0,6,0.9111111111111112,0.9111111111111112,accuracy,133,45,42,5
0,0,1,1,0,0,1,0,0,1,1,0,1,6,1.0,1.0,accuracy,133,45,42,1
0,0,1,1,0,0,1,0,0,1,0,1,1,6,1.0,1.0,accuracy,133,45,42,1
0,0,1,1,0,0,1,0,0,0,1,1,1,6,0.9777777777777776,0.9777777777777776,accuracy,133,45,42,2
0,0,1,1,0,0,0,1,1,1,1,0,0,6,0.8888888888888888,0.8888888888888888,accuracy,133,45,42,6
0,0,1,1,0,0,0,1,1,1,0,1,0,6,0.9111111111111112,0.9111111111111112,accuracy,133,45,42,5
0,0,1,1,0,0,0,1,1,1,0,0,1,6,0.9777777777777776,0.9777777777777776,accuracy,133,45,42,2
0,0,1,1,0,0,0,1,1,0,1,1,0,6,0.8222222222222222,0.8222222222222222,accuracy,133,45,42,9
0,0,1,1,0,0,0,1,1,0,1,0,1,6,0.8888888888888888,0.8888888888888888,accuracy,133,45,42,6
0,0,1,1,0,0,0,1,1,0,0,1,1,6,0.9333333333333332,0.9333333333333332,accuracy,133,45,42,4
0,0,1,1,0,0,0,1,0,1,1,1,0,6,0.9111111111111112,0.9111111111111112,accuracy,133,45,42,5
0,0,1,1,0,0,0,1,0,1,1,0,1,6,0.9777777777777776,0.9777777777777776,accuracy,133,45,42,2
0,0,1,1,0,0,0,1,0,1,0,1,1,6,0.9777777777777776,0.9777777777777776,accuracy,133,45,42,2
0,0,1,1,0,0,0,1,0,0,1,1,1,6,0.9333333333333332,0.9333333333333332,accuracy,133,45,42,4
0,0,1,1,0,0,0,0,1,1,1,1,0,6,0.9333333333333332,0.9333333333333332,accuracy,133,45,42,4
0,0,1,1,0,0,0,0,1,1,1,0,1,6,1.0,1.0,accuracy,133,45,42,1
0,0,1,1,0,0,0,0,1,1,0,1,1,6,1.0,1.0,accuracy,133,45,42,1
0,0,1,1,0,0,0,0,1,0,1,1,1,6,0.9333333333333332,0.9333333333333332,accuracy,133,45,42,4
0,0,1,1,0,0,0,0,0,1,1,1,1,6,0.9777777777777776,0.9777777777777776,accuracy,133,45,42,2
0,0,1,0,1,1,1,1,1,0,0,0,0,6,0.9555555555555556,0.9555555555555556,accuracy,133,45,42,3
0,0,1,0,1,1,1,1,0,1,0,0,0,6,0.9555555555555556,0.9555555555555556,accuracy,133,45,42,3
0,0,1,0,1,1,1,1,0,0,1,0,0,6,0.9777777777777776,0.9777777777777776,accuracy,133,45,42,2
0,0,1,0,1,1,1,1,0,0,0,1,0,6,0.9555555555555556,0.9555555555555556,accuracy,133,45,42,3
0,0,1,0,1,1,1,1,0,0,0,0,1,6,0.9777777777777776,0.9777777777777776,accuracy,133,45,42,2
0,0,1,0,1,1,1,0,1,1,0,0,0,6,0.9333333333333332,0.9333333333333332,accuracy,133,45,42,4
0,0,1,0,1,1,1,0,1,0,1,0,0,6,0.9333333333333332,0.9333333333333332,accuracy,133,45,42,4
0,0,1,0,1,1,1,0,1,0,0,1,0,6,0.9333333333333332,0.9333333333333332,accuracy,133,45,42,4
0,0,1,0,1,1,1,0,1,0,0,0,1,6,1.0,1.0,accuracy,133,45,42,1
0,0,1,0,1,1,1,0,0,1,1,0,0,6,0.9111111111111112,0.9111111111111112,accuracy,133,45,42,5
0,0,1,0,1,1,1,0,0,1,0,1,0,6,0.9555555555555556,0.9555555555555556,accuracy,133,45,42,3
0,0,1,0,1,1,1,0,0,1,0,0,1,6,0.9777777777777776,0.9777777777777776,accuracy,133,45,42,2
0,0,1,0,1,1,1,0,0,0,1,1,0,6,0.9777777777777776,0.9777777777777776,accuracy,133,45,42,2
0,0,1,0,1,1,1,0,0,0,1,0,1,6,0.9555555555555556,0.9555555555555556,accuracy,133,45,42,3
0,0,1,0,1,1,1,0,0,0,0,1,1,6,0.9777777777777776,0.9777777777777776,accuracy,133,45,42,2
0,0,1,0,1,1,0,1,1,1,0,0,0,6,0.8888888888888888,0.8888888888888888,accuracy,133,45,42,6
0,0,1,0,1,1,0,1,1,0,1,0,0,6,0.8444444444444444,0.8444444444444444,accuracy,133,45,42,8
0,0,1,0,1,1,0,1,1,0,0,1,0,6,0.8222222222222222,0.8222222222222222,accuracy,133,45,42,9
0,0,1,0,1,1,0,1,1,0,0,0,1,6,0.8666666666666667,0.8666666666666667,accuracy,133,45,42,7
0,0,1,0,1,1,0,1,0,1,1,0,0,6,0.8888888888888888,0.8888888888888888,accuracy,133,45,42,6
0,0,1,0,1,1,0,1,0,1,0,1,0,6,0.9111111111111112,0.9111111111111112,accuracy,133,45,42,5
0,0,1,0,1,1,0,1,0,1,0,0,1,6,0.9555555555555556,0.9555555555555556,accuracy,133,45,42,3
0,0,1,0,1,1,0,1,0,0,1,1,0,6,0.8888888888888888,0.8888888888888888,accuracy,133,45,42,6
0,0,1,0,1,1,0,1,0,0,1,0,1,6,0.8888888888888888,0.8888888888888888,accuracy,133,45,42,6
0,0,1,0,1,1,0,1,0,0,0,1,1,6,0.9333333333333332,0.9333333333333332,accuracy,133,45,42,4
0,0,1,0,1,1,0,0,1,1,1,0,0,6,0.8888888888888888,0.8888888888888888,accuracy,133,45,42,6
0,0,1,0,1,1,0,0,1,1,0,1,0,6,0.9555555555555556,0.9555555555555556,accuracy,133,45,42,3
0,0,1,0,1,1,0,0,1,1,0,0,1,6,0.9777777777777776,0.9777777777777776,accuracy,133,45,42,2
0,0,1,0,1,1,0,0,1,0,1,1,0,6,0.8444444444444444,0.8444444444444444,accuracy,133,45,42,8
0,0,1,0,1,1,0,0,1,0,1,0,1,6,0.8888888888888888,0.8888888888888888,accuracy,133,45,42,6
0,0,1,0,1,1,0,0,1,0,0,1,1,6,0.9333333333333332,0.9333333333333332,accuracy,133,45,42,4
0,0,1,0,1,1,0,0,0,1,1,1,0,6,0.9111111111111112,0.9111111111111112,accuracy,133,45,42,5
0,0,1,0,1,1,0,0,0,1,1,0,1,6,0.9777777777777776,0.9777777777777776,accuracy,133,45,42,2
0,0,1,0,1,1,0,0,0,1,0,1,1,6,0.9555555555555556,0.9555555555555556,accuracy,133,45,42,3
0,0,1,0,1,1,0,0,0,0,1,1,1,6,0.9555555555555556,0.9555555555555556,accuracy,133,45,42,3
0,0,1,0,1,0,1,1,1,1,0,0,0,6,0.9555555555555556,0.9555555555555556,accuracy,133,45,42,3
0,0,1,0,1,0,1,1,1,0,1,0,0,6,0.9333333333333332,0.9333333333333332,accuracy,133,45,42,4
0,0,1,0,1,0,1,1,1,0,0,1,0,6,0.9333333333333332,0.9333333333333332,accuracy,133,45,42,4
0,0,1,0,1,0,1,1,1,0,0,0,1,6,0.9555555555555556,0.9555555555555556,accuracy,133,45,42,3
0,0,1,0,1,0,1,1,0,1,1,0,0,6,0.9111111111111112,0.9111111111111112,accuracy,133,45,42,5
0,0,1,0,1,0,1,1,0,1,0,1,0,6,0.9555555555555556,0.9555555555555556,accuracy,133,45,42,3
0,0,1,0,1,0,1,1,0,1,0,0,1,6,0.9777777777777776,0.9777777777777776,accuracy,133,45,42,2
0,0,1,0,1,0,1,1,0,0,1,1,0,6,0.9555555555555556,0.9555555555555556,accuracy,133,45,42,3
0,0,1,0,1,0,1,1,0,0,1,0,1,6,0.9555555555555556,0.9555555555555556,accuracy,133,45,42,3
0,0,1,0,1,0,1,1,0,0,0,1,1,6,0.9555555555555556,0.9555555555555556,accuracy,133,45,42,3
0,0,1,0,1,0,1,0,1,1,1,0,0,6,0.9111111111111112,0.9111111111111112,accuracy,133,45,42,5
0,0,1,0,1,0,1,0,1,1,0,1,0,6,0.9555555555555556,0.9555555555555556,accuracy,133,45,42,3
0,0,1,0,1,0,1,0,1,1,0,0,1,6,0.9777777777777776,0.9777777777777776,accuracy,133,45,42,2
0,0,1,0,1,0,1,0,1,0,1,1,0,6,0.9555555555555556,0.9555555555555556,accuracy,133,45,42,3
0,0,1,0,1,0,1,0,1,0,1,0,1,6,0.9555555555555556,0.9555555555555556,accuracy,133,45,42,3
0,0,1,0,1,0,1,0,1,0,0,1,1,6,0.9777777777777776,0.9777777777777776,accuracy,133,45,42,2
0,0,1,0,1,0,1,0,0,1,1,1,0,6,0.9555555555555556,0.9555555555555556,accuracy,133,45,42,3
0,0,1,0,1,0,1,0,0,1,1,0,1,6,1.0,1.0,accuracy,133,45,42,1
0,0,1,0,1,0,1,0,0,1,0,1,1,6,0.9777777777777776,0.9777777777777776,accuracy,133,45,42,2
0,0,1,0,1,0,1,0,0,0,1,1,1,6,0.9777777777777776,0.9777777777777776,accuracy,133,45,42,2
0,0,1,0,1,0,0,1,1,1,1,0,0,6,0.9111111111111112,0.9111111111111112,accuracy,133,45,42,5
0,0,1,0,1,0,0,1,1,1,0,1,0,6,0.9555555555555556,0.9555555555555556,accuracy,133,45,42,3
0,0,1,0,1,0,0,1,1,1,0,0,1,6,0.9777777777777776,0.9777777777777776,accuracy,133,45,42,2
0,0,1,0,1,0,0,1,1,0,1,1,0,6,0.8444444444444444,0.8444444444444444,accuracy,133,45,42,8
0,0,1,0,1,0,0,1,1,0,1,0,1,6,0.9111111111111112,0.9111111111111112,accuracy,133,45,42,5
0,0,1,0,1,0,0,1,1,0,0,1,1,6,0.9333333333333332,0.9333333333333332,accuracy,133,45,42,4
0,0,1,0,1,0,0,1,0,1,1,1,0,6,0.9555555555555556,0.9555555555555556,accuracy,133,45,42,3
0,0,1,0,1,0,0,1,0,1,1,0,1,6,0.9777777777777776,0.9777777777777776,accuracy,133,45,42,2
0,0,1,0,1,0,0,1,0,1,0,1,1,6,0.9777777777777776,0.9777777777777776,accuracy,133,45,42,2
0,0,1,0,1,0,0,1,0,0,1,1,1,6,0.9555555555555556,0.9555555555555556,accuracy,133,45,42,3
0,0,1,0,1,0,0,0,1,1,1,1,0,6,0.9555555555555556,0.9555555555555556,accuracy,133,45,42,3
0,0,1,0,1,0,0,0,1,1,1,0,1,6,1.0,1.0,accuracy,133,45,42,1
0,0,1,0,1,0,0,0,1,1,0,1,1,6,0.9777777777777776,0.9777777777777776,accuracy,133,45,42,2
0,0,1,0,1,0,0,0,1,0,1,1,1,6,0.9555555555555556,0.9555555555555556,accuracy,133,45,42,3
0,0,1,0,1,0,0,0,0,1,1,1,1,6,0.9777777777777776,0.9777777777777776,accuracy,133,45,42,2
0,0,1,0,0,1,1,1,1,1,0,0,0,6,0.9333333333333332,0.9333333333333332,accuracy,133,45,42,4
0,0,1,0,0,1,1,1,1,0,1,0,0,6,0.9111111111111112,0.9111111111111112,accuracy,133,45,42,5
0,0,1,0,0,1,1,1,1,0,0,1,0,6,0.9111111111111112,0.9111111111111112,accuracy,133,45,42,5
0,0,1,0,0,1,1,1,1,0,0,0,1,6,0.9777777777777776,0.9777777777777776,accuracy,133,45,42,2
0,0,1,0,0,1,1,1,0,1,1,0,0,6,0.9111111111111112,0.9111111111111112,accuracy,133,45,42,5
0,0,1,0,0,1,1,1,0,1,0,1,0,6,0.9333333333333332,0.9333333333333332,accuracy,133,45,42,4
0,0,1,0,0,1,1,1,0,1,0,0,1,6,1.0,1.0,accuracy,133,45,42,1
0,0,1,0,0,1,1,1,0,0,1,1,0,6,0.8888888888888888,0.8888888888888888,accuracy,133,45,42,6
0,0,1,0,0,1,1,1,0,0,1,0,1,6,0.9555555555555556,0.9555555555555556,accuracy,133,45,42,3
0,0,1,0,0,1,1,1,0,0,0,1,1,6,0.9555555555555556,0.9555555555555556,accuracy,133,45,42,3
0,0,1,0,0,1,1,0,1,1,1,0,0,6,0.9111111111111112,0.9111111111111112,accuracy,133,45,42,5
0,0,1,0,0,1,1,0,1,1,0,1,0,6,0.9333333333333332,0.9333333333333332,accuracy,133,45,42,4
0,0,1,0,0,1,1,0,1,1,0,0,1,6,1.0,1.0,accuracy,133,45,42,1
0,0,1,0,0,1,1,0,1,0,1,1,0,6,0.8666666666666667,0.8666666666666667,accuracy,133,45,42,7
0,0,1,0,0,1,1,0,1,0,1,0,1,6,0.9555555555555556,0.9555555555555556,accuracy,133,45,42,3
0,0,1,0,0,1,1,0,1,0,0,1,1,6,0.9777777777777776,0.9777777777777776,accuracy,133,45,42,2
0,0,1,0,0,1,1,0,0,1,1,1,0,6,0.9111111111111112,0.9111111111111112,accuracy,133,45,42,5
0,0,1,0,0,1,1,0,0,1,1,0,1,6,1.0,1.0,accuracy,133,45,42,1
0,0,1,0,0,1,1,0,0,1,0,1,1,6,1.0,1.0,accuracy,133,45,42,1
0,0,1,0,0,1,1,0,0,0,1,1,1,6,0.9555555555555556,0.9555555555555556,accuracy,133,45,42,3
0,0,1,0,0,1,0,1,1,1,1,0,0,6,0.8888888888888888,0.8888888888888888,accuracy,133,45,42,6
0,0,1,0,0,1,0,1,1,1,0,1,0,6,0.9333333333333332,0.9333333333333332,accuracy,133,45,42,4
0,0,1,0,0,1,0,1,1,1,0,0,1,6,0.9777777777777776,0.9777777777777776,accuracy,133,45,42,2
0,0,1,0,0,1,0,1,1,0,1,1,0,6,0.8222222222222222,0.8222222222222222,accuracy,133,45,42,9
0,0,1,0,0,1,0,1,1,0,1,0,1,6,0.8888888888888888,0.8888888888888888,accuracy,133,45,42,6
0,0,1,0,0,1,0,1,1,0,0,1,1,6,0.9111111111111112,0.9111111111111112,accuracy,133,45,42,5
0,0,1,0,0,1,0,1,0,1,1,1,0,6,0.8888888888888888,0.8888888888888888,accuracy,133,45,42,6
0,0,1,0,0,1,0,1,0,1,1,0,1,6,0.9777777777777776,0.9777777777777776,accuracy,133,45,42,2
0,0,1,0,0,1,0,1,0,1,0,1,1,6,0.9777777777777776,0.9777777777777776,accuracy,133,45,42,2
0,0,1,0,0,1,0,1,0,0,1,1,1,6,0.9555555555555556,0.9555555555555556,accuracy,133,45,42,3
0,0,1,0,0,1,0,0,1,1,1,1,0,6,0.9111111111111112,0.9111111111111112,accuracy,133,45,42,5
0,0,1,0,0,1,0,0,1,1,1,0,1,6,0.9777777777777776,0.9777777777777776,accuracy,133,45,42,2
0,0,1,0,0,1,0,0,1,1,0,1,1,6,1.0,1.0,accuracy,133,45,42,1
0,0,1,0,0,1,0,0,1,0,1,1,1,6,0.9555555555555556,0.9555555555555556,accuracy,133,45,42,3
0,0,1,0,0,1,0,0,0,1,1,1,1,6,0.9777777777777776,0.9777777777777776,accuracy,133,45,42,2
0,0,1,0,0,0,1,1,1,1,1,0,0,6,0.9111111111111112,0.9111111111111112,accuracy,133,45,42,5
0,0,1,0,0,0,1,1,1,1,0,1,0,6,0.9333333333333332,0.9333333333333332,accuracy,133,45,42,4
0,0,1,0,0,0,1,1,1,1,0,0,1,6,1.0,1.0,accuracy,133,45,42,1
0,0,1,0,0,0,1,1,1,0,1,1,0,6,0.9111111111111112,0.9111111111111112,accuracy,133,45,42,5
0,0,1,0,0,0,1,1,1,0,1,0,1,6,0.9555555555555556,0.9555555555555556,accuracy,133,45,42,3
0,0,1,0,0,0,1,1,1,0,0,1,1,6,0.9555555555555556,0.9555555555555556,accuracy,133,45,42,3
0,0,1,0,0,0,1,1,0,1,1,1,0,6,0.9111111111111112,0.9111111111111112,accuracy,133,45,42,5
0,0,1,0,0,0,1,1,0,1,1,0,1,6,1.0,1.0,accuracy,133,45,42,1
0,0,1,0,0,0,1,1,0,1,0,1,1,6,1.0,1.0,accuracy,133,45,42,1
0,0,1,0,0,0,1,1,0,0,1,1,1,6,0.9555555555555556,0.9555555555555556,accuracy,133,45,42,3
0,0,1,0,0,0,1,0,1,1,1,1,0,6,0.9111111111111112,0.9111111111111112,accuracy,133,45,42,5
0,0,1,0,0,0,1,0,1,1,1,0,1,6,1.0,1.0,accuracy,133,45,42,1
0,0,1,0,0,0,1,0,1,1,0,1,1,6,1.0,1.0,accuracy,133,45,42,1
0,0,1,0,0,0,1,0,1,0,1,1,1,6,0.9555555555555556,0.9555555555555556,accuracy,133,45,42,3
0,0,1,0,0,0,1,0,0,1,1,1,1,6,1.0,1.0,accuracy,133,45,42,1
0,0,1,0,0,0,0,1,1,1,1,1,0,6,0.9111111111111112,0.9111111111111112,accuracy,133,45,42,5
0,0,1,0,0,0,0,1,1,1,1,0,1,6,1.0,1.0,accuracy,133,45,42,1
0,0,1,0,0,0,0,1,1,1,0,1,1,6,1.0,1.0,accuracy,133,45,42,1
0,0,1,0,0,0,0,1,1,0,1,1,1,6,0.9555555555555556,0.9555555555555556,accuracy,133,45,42,3
0,0,1,0,0,0,0,1,0,1,1,1,1,6,0.9777777777777776,0.9777777777777776,accuracy,133,45,42,2
0,0,1,0,0,0,0,0,1,1,1,1,1,6,1.0,1.0,accuracy,133,45,42,1
0,0,0,1,1,1,1,1,1,0,0,0,0,6,0.9111111111111112,0.9111111111111112,accuracy,133,45,42,5
0,0,0,1,1,1,1,1,0,1,0,0,0,6,0.9555555555555556,0.9555555555555556,accuracy,133,45,42,3
0,0,0,1,1,1,1,1,0,0,1,0,0,6,0.9555555555555556,0.9555555555555556,accuracy,133,45,42,3
0,0,0,1,1,1,1,1,0,0,0,1,0,6,0.9555555555555556,0.9555555555555556,accuracy,133,45,42,3
0,0,0,1,1,1,1,1,0,0,0,0,1,6,0.9777777777777776,0.9777777777777776,accuracy,133,45,42,2
0,0,0,1,1,1,1,0,1,1,0,0,0,6,0.9555555555555556,0.9555555555555556,accuracy,133,45,42,3
0,0,0,1,1,1,1,0,1,0,1,0,0,6,0.9111111111111112,0.9111111111111112,accuracy,133,45,42,5
0,0,0,1,1,1,1,0,1,0,0,1,0,6,0.9555555555555556,0.9555555555555556,accuracy,133,45,42,3
0,0,0,1,1,1,1,0,1,0,0,0,1,6,0.9555555555555556,0.9555555555555556,accuracy,133,45,42,3
0,0,0,1,1,1,1,0,0,1,1,0,0,6,0.9333333333333332,0.9333333333333332,accuracy,133,45,42,4
0,0,0,1,1,1,1,0,0,1,0,1,0,6,0.9333333333333332,0.9333333333333332,accuracy,133,45,42,4
0,0,0,1,1,1,1,0,0,1,0,0,1,6,1.0,1.0,accuracy,133,45,42,1
0,0,0,1,1,1,1,0,0,0,1,1,0,6,0.9555555555555556,0.9555555555555556,accuracy,133,45,42,3
0,0,0,1,1,1,1,0,0,0,1,0,1,6,0.9555555555555556,0.9555555555555556,accuracy,133,45,42,3
0,0,0,1,1,1,1,0,0,0,0,1,1,6,1.0,1.0,accuracy,133,45,42,1
0,0,0,1,1,1,0,1,1,1,0,0,0,6,0.9111111111111112,0.9111111111111112,accuracy,133,45,42,5
0,0,0,1,1,1,0,1,1,0,1,0,0,6,0.8222222222222222,0.8222222222222222,accuracy,133,45,42,9
0,0,0,1,1,1,0,1,1,0,0,1,0,6,0.8666666666666667,0.8666666666666667,accuracy,133,45,42,7
0,0,0,1,1,1,0,1,1,0,0,0,1,6,0.9111111111111112,0.9111111111111112,accuracy,133,45,42,5
0,0,0,1,1,1,0,1,0,1,1,0,0,6,0.9111111111111112,0.9111111111111112,accuracy,133,45,42,5
0,0,0,1,1,1,0,1,0,1,0,1,0,6,0.8888888888888888,0.8888888888888888,accuracy,133,45,42,6
0,0,0,1,1,1,0,1,0,1,0,0,1,6,0.9555555555555556,0.9555555555555556,accuracy,133,45,42,3
0,0,0,1,1,1,0,1,0,0,1,1,0,6,0.9111111111111112,0.9111111111111112,accuracy,133,45,42,5
0,0,0,1,1,1,0,1,0,0,1,0,1,6,0.9111111111111112,0.9111111111111112,accuracy,133,45,42,5
0,0,0,1,1,1,0,1,0,0,0,1,1,6,0.9555555555555556,0.9555555555555556,accuracy,133,45,42,3
0,0,0,1,1,1,0,0,1,1,1,0,0,6,0.9111111111111112,0.9111111111111112,accuracy,133,45,42,5
0,0,0,1,1,1,0,0,1,1,0,1,0,6,0.9333333333333332,0.9333333333333332,accuracy,133,45,42,4
0,0,0,1,1,1,0,0,1,1,0,0,1,6,0.9555555555555556,0.9555555555555556,accuracy,133,45,42,3
0,0,0,1,1,1,0,0,1,0,1,1,0,6,0.8666666666666667,0.8666666666666667,accuracy,133,45,42,7
0,0,0,1,1,1,0,0,1,0,1,0,1,6,0.9333333333333332,0.9333333333333332,accuracy,133,45,42,4
0,0,0,1,1,1,0,0,1,0,0,1,1,6,0.9777777777777776,0.9777777777777776,accuracy,133,45,42,2
0,0,0,1,1,1,0,0,0,1,1,1,0,6,0.9111111111111112,0.9111111111111112,accuracy,133,45,42,5
0,0,0,1,1,1,0,0,0,1,1,0,1,6,0.9777777777777776,0.9777777777777776,accuracy,133,45,42,2
0,0,0,1,1,1,0,0,0,1,0,1,1,6,1.0,1.0,accuracy,133,45,42,1
0,0,0,1,1,1,0,0,0,0,1,1,1,6,0.9777777777777776,0.9777777777777776,accuracy,133,45,42,2
0,0,0,1,1,0,1,1,1,1,0,0,0,6,0.9555555555555556,0.9555555555555556,accuracy,133,45,42,3
0,0,0,1,1,0,1,1,1,0,1,0,0,6,0.9111111111111112,0.9111111111111112,accuracy,133,45,42,5
0,0,0,1,1,0,1,1,1,0,0,1,0,6,0.9555555555555556,0.9555555555555556,accuracy,133,45,42,3
0,0,0,1,1,0,1,1,1,0,0,0,1,6,0.9777777777777776,0.9777777777777776,accuracy,133,45,42,2
0,0,0,1,1,0,1,1,0,1,1,0,0,6,0.9333333333333332,0.9333333333333332,accuracy,133,45,42,4
0,0,0,1,1,0,1,1,0,1,0,1,0,6,0.9333333333333332,0.9333333333333332,accuracy,133,45,42,4
0,0,0,1,1,0,1,1,0,1,0,0,1,6,1.0,1.0,accuracy,133,45,42,1
0,0,0,1,1,0,1,1,0,0,1,1,0,6,0.9555555555555556,0.9555555555555556,accuracy,133,45,42,3
0,0,0,1,1,0,1,1,0,0,1,0,1,6,0.9555555555555556,0.9555555555555556,accuracy,133,45,42,3
0,0,0,1,1,0,1,1,0,0,0,1,1,6,1.0,1.0,accuracy,133,45,42,1
0,0,0,1,1,0,1,0,1,1,1,0,0,6,0.9333333333333332,0.9333333333333332,accuracy,133,45,42,4
0,0,0,1,1,0,1,0,1,1,0,1,0,6,0.9555555555555556,0.9555555555555556,accuracy,133,45,42,3
0,0,0,1,1,0,1,0,1,1,0,0,1,6,1.0,1.0,accuracy,133,45,42,1
0,0,0,1,1,0,1,0,1,0,1,1,0,6,0.9111111111111112,0.9111111111111112,accuracy,133,45,42,5
0,0,0,1,1,0,1,0,1,0,1,0,1,6,0.9555555555555556,0.9555555555555556,accuracy,133,45,42,3
0,0,0,1,1,0,1,0,1,0,0,1,1,6,1.0,1.0,accuracy,133,45,42,1
0,0,0,1,1,0,1,0,0,1,1,1,0,6,0.9333333333333332,0.9333333333333332,accuracy,133,45,42,4
0,0,0,1,1,0,1,0,0,1,1,0,1,6,1.0,1.0,accuracy,133,45,42,1
0,0,0,1,1,0,1,0,0,1,0,1,1,6,1.0,1.0,accuracy,133,45,42,1
0,0,0,1,1,0,1,0,0,0,1,1,1,6,0.9777777777777776,0.9777777777777776,accuracy,133,45,42,2
0,0,0,1,1,0,0,1,1,1,1,0,0,6,0.9111111111111112,0.9111111111111112,accuracy,133,45,42,5
0,0,0,1,1,0,0,1,1,1,0,1,0,6,0.8888888888888888,0.8888888888888888,accuracy,133,45,42,6
0,0,0,1,1,0,0,1,1,1,0,0,1,6,0.9555555555555556,0.9555555555555556,accuracy,133,45,42,3
0,0,0,1,1,0,0,1,1,0,1,1,0,6,0.8444444444444444,0.8444444444444444,accuracy,133,45,42,8
0,0,0,1,1,0,0,1,1,0,1,0,1,6,0.9333333333333332,0.9333333333333332,accuracy,133,45,42,4
0,0,0,1,1,0,0,1,1,0,0,1,1,6,0.9777777777777776,0.9777777777777776,accuracy,133,45,42,2
0,0,0,1,1,0,0,1,0,1,1,1,0,6,0.9333333333333332,0.9333333333333332,accuracy,133,45,42,4
0,0,0,1,1,0,0,1,0,1,1,0,1,6,0.9777777777777776,0.9777777777777776,accuracy,133,45,42,2
0,0,0,1,1,0,0,1,0,1,0,1,1,6,1.0,1.0,accuracy,133,45,42,1
0,0,0,1,1,0,0,1,0,0,1,1,1,6,0.9777777777777776,0.9777777777777776,accuracy,133,45,42,2
0,0,0,1,1,0,0,0,1,1,1,1,0,6,0.9333333333333332,0.9333333333333332,accuracy,133,45,42,4
0,0,0,1,1,0,0,0,1,1,1,0,1,6,1.0,1.0,accuracy,133,45,42,1
0,0,0,1,1,0,0,0,1,1,0,1,1,6,1.0,1.0,accuracy,133,45,42,1
0,0,0,1,1,0,0,0,1,0,1,1,1,6,0.9555555555555556,0.9555555555555556,accuracy,133,45,42,3
0,0,0,1,1,0,0,0,0,1,1,1,1,6,1.0,1.0,accuracy,133,45,42,1
0,0,0,1,0,1,1,1,1,1,0,0,0,6,0.9111111111111112,0.9111111111111112,accuracy,133,45,42,5
0,0,0,1,0,1,1,1,1,0,1,0,0,6,0.8888888888888888,0.8888888888888888,accuracy,133,45,42,6
0,0,0,1,0,1,1,1,1,0,0,1,0,6,0.8444444444444444,0.8444444444444444,accuracy,133,45,42,8
0,0,0,1,0,1,1,1,1,0,0,0,1,6,0.9555555555555556,0.9555555555555556,accuracy,133,45,42,3
0,0,0,1,0,1,1,1,0,1,1,0,0,6,0.9111111111111112,0.9111111111111112,accuracy,133,45,42,5
0,0,0,1,0,1,1,1,0,1,0,1,0,6,0.9555555555555556,0.9555555555555556,accuracy,133,45,42,3
0,0,0,1,0,1,1,1,0,1,0,0,1,6,1.0,1.0,accuracy,133,45,42,1
0,0,0,1,0,1,1,1,0,0,1,1,0,6,0.8888888888888888,0.8888888888888888,accuracy,133,45,42,6
0,0,0,1,0,1,1,1,0,0,1,0,1,6,0.9555555555555556,0.9555555555555556,accuracy,133,45,42,3
0,0,0,1,0,1,1,1,0,0,0,1,1,6,1.0,1.0,accuracy,133,45,42,1
0,0,0,1,0,1,1,0,1,1,1,0,0,6,0.9111111111111112,0.9111111111111112,accuracy,133,45,42,5
0,0,0,1,0,1,1,0,1,1,0,1,0,6,0.9555555555555556,0.9555555555555556,accuracy,133,45,42,3
0,0,0,1,0,1,1,0,1,1,0,0,1,6,1.0,1.0,accuracy,133,45,42,1
0,0,0,1,0,1,1,0,1,0,1,1,0,6,0.9111111111111112,0.9111111111111112,accuracy,133,45,42,5
0,0,0,1,0,1,1,0,1,0,1,0,1,6,0.9555555555555556,0.9555555555555556,accuracy,133,45,42,3
0,0,0,1,0,1,1,0,1,0,0,1,1,6,1.0,1.0,accuracy,133,45,42,1
0,0,0,1,0,1,1,0,0,1,1,1,0,6,0.9111111111111112,0.9111111111111112,accuracy,133,45,42,5
0,0,0,1,0,1,1,0,0,1,1,0,1,6,1.0,1.0,accuracy,133,45,42,1
0,0,0,1,0,1,1,0,0,1,0,1,1,6,1.0,1.0,accuracy,133,45,42,1
0,0,0,1,0,1,1,0,0,0,1,1,1,6,0.9555555555555556,0.9555555555555556,accuracy,133,45,42,3
0,0,0,1,0,1,0,1,1,1,1,0,0,6,0.8888888888888888,0.8888888888888888,accuracy,133,45,42,6
0,0,0,1,0,1,0,1,1,1,0,1,0,6,0.9555555555555556,0.9555555555555556,accuracy,133,45,42,3
0,0,0,1,0,1,0,1,1,1,0,0,1,6,0.9777777777777776,0.9777777777777776,accuracy,133,45,42,2
0,0,0,1,0,1,0,1,1,0,1,1,0,6,0.8222222222222222,0.8222222222222222,accuracy,133,45,42,9
0,0,0,1,0,1,0,1,1,0,1,0,1,6,0.9333333333333332,0.9333333333333332,accuracy,133,45,42,4
0,0,0,1,0,1,0,1,1,0,0,1,1,6,0.9777777777777776,0.9777777777777776,accuracy,133,45,42,2
0,0,0,1,0,1,0,1,0,1,1,1,0,6,0.8888888888888888,0.8888888888888888,accuracy,133,45,42,6
0,0,0,1,0,1,0,1,0,1,1,0,1,6,0.9777777777777776,0.9777777777777776,accuracy,133,45,42,2
0,0,0,1,0,1,0,1,0,1,0,1,1,6,1.0,1.0,accuracy,133,45,42,1
0,0,0,1,0,1,0,1,0,0,1,1,1,6,0.9555555555555556,0.9555555555555556,accuracy,133,45,42,3
0,0,0,1,0,1,0,0,1,1,1,1,0,6,0.8888888888888888,0.8888888888888888,accuracy,133,45,42,6
0,0,0,1,0,1,0,0,1,1,1,0,1,6,0.9777777777777776,0.9777777777777776,accuracy,133,45,42,2
0,0,0,1,0,1,0,0,1,1,0,1,1,6,1.0,1.0,accuracy,133,45,42,1
0,0,0,1,0,1,0,0,1,0,1,1,1,6,0.9555555555555556,0.9555555555555556,accuracy,133,45,42,3
0,0,0,1,0,1,0,0,0,1,1,1,1,6,0.9777777777777776,0.9777777777777776,accuracy,133,45,42,2
0,0,0,1,0,0,1,1,1,1,1,0,0,6,0.9111111111111112,0.9111111111111112,accuracy,133,45,42,5
0,0,0,1,0,0,1,1,1,1,0,1,0,6,0.9333333333333332,0.9333333333333332,accuracy,133,45,42,4
0,0,0,1,0,0,1,1,1,1,0,0,1,6,1.0,1.0,accuracy,133,45,42,1
0,0,0,1,0,0,1,1,1,0,1,1,0,6,0.9111111111111112,0.9111111111111112,accuracy,133,45,42,5
0,0,0,1,0,0,1,1,1,0,1,0,1,6,0.9555555555555556,0.9555555555555556,accuracy,133,45,42,3
0,0,0,1,0,0,1,1,1,0,0,1,1,6,1.0,1.0,accuracy,133,45,42,1
0,0,0,1,0,0,1,1,0,1,1,1,0,6,0.8888888888888888,0.8888888888888888,accuracy,133,45,42,6
0,0,0,1,0,0,1,1,0,1,1,0,1,6,1.0,1.0,accuracy,133,45,42,1
0,0,0,1,0,0,1,1,0,1,0,1,1,6,1.0,1.0,accuracy,133,45,42,1
0,0,0,1,0,0,1,1,0,0,1,1,1,6,0.9555555555555556,0.9555555555555556,accuracy,133,45,42,3
0,0,0,1,0,0,1,0,1,1,1,1,0,6,0.9111111111111112,0.9111111111111112,accuracy,133,45,42,5
0,0,0,1,0,0,1,0,1,1,1,0,1,6,1.0,1.0,accuracy,133,45,42,1
0,0,0,1,0,0,1,0,1,1,0,1,1,6,1.0,1.0,accuracy,133,45,42,1
0,0,0,1,0,0,1,0,1,0,1,1,1,6,0.9555555555555556,0.9555555555555556,accuracy,133,45,42,3
0,0,0,1,0,0,1,0,0,1,1,1,1,6,1.0,1.0,accuracy,133,45,42,1
0,0,0,1,0,0,0,1,1,1,1,1,0,6,0.9111111111111112,0.9111111111111112,accuracy,133,45,42,5
0,0,0,1,0,0,0,1,1,1,1,0,1,6,1.0,1.0,accuracy,133,45,42,1
0,0,0,1,0,0,0,1,1,1,0,1,1,6,1.0,1.0,accuracy,133,45,42,1
0,0,0,1,0,0,0,1,1,0,1,1,1,6,0.9555555555555556,0.9555555555555556,accuracy,133,45,42,3
0,0,0,1,0,0,0,1,0,1,1,1,1,6,1.0,1.0,accuracy,133,45,42,1
0,0,0,1,0,0,0,0,1,1,1,1,1,6,1.0,1.0,accuracy,133,45,42,1
0,0,0,0,1,1,1,1,1,1,0,0,0,6,0.9555555555555556,0.9555555555555556,accuracy,133,45,42,3
0,0,0,0,1,1,1,1,1,0,1,0,0,6,0.9333333333333332,0.9333333333333332,accuracy,133,45,42,4
0,0,0,0,1,1,1,1,1,0,0,1,0,6,0.9555555555555556,0.9555555555555556,accuracy,133,45,42,3
0,0,0,0,1,1,1,1,1,0,0,0,1,6,1.0,1.0,accuracy,133,45,42,1
0,0,0,0,1,1,1,1,0,1,1,0,0,6,0.9333333333333332,0.9333333333333332,accuracy,133,45,42,4
0,0,0,0,1,1,1,1,0,1,0,1,0,6,0.9333333333333332,0.9333333333333332,accuracy,133,45,42,4
0,0,0,0,1,1,1,1,0,1,0,0,1,6,0.9777777777777776,0.9777777777777776,accuracy,133,45,42,2
0,0,0,0,1,1,1,1,0,0,1,1,0,6,0.9555555555555556,0.9555555555555556,accuracy,133,45,42,3
0,0,0,0,1,1,1,1,0,0,1,0,1,6,0.9555555555555556,0.9555555555555556,accuracy,133,45,42,3
0,0,0,0,1,1,1,1,0,0,0,1,1,6,0.9777777777777776,0.9777777777777776,accuracy,133,45,42,2
0,0,0,0,1,1,1,0,1,1,1,0,0,6,0.9333333333333332,0.9333333333333332,accuracy,133,45,42,4
0,0,0,0,1,1,1,0,1,1,0,1,0,6,0.9555555555555556,0.9555555555555556,accuracy,133,45,42,3
0,0,0,0,1,1,1,0,1,1,0,0,1,6,0.9777777777777776,0.9777777777777776,accuracy,133,45,42,2
0,0,0,0,1,1,1,0,1,0,1,1,0,6,0.9333333333333332,0.9333333333333332,accuracy,133,45,42,4
0,0,0,0,1,1,1,0,1,0,1,0,1,6,0.9555555555555556,0.9555555555555556,accuracy,133,45,42,3
0,0,0,0,1,1,1,0,1,0,0,1,1,6,1.0,1.0,accuracy,133,45,42,1
0,0,0,0,1,1,1,0,0,1,1,1,0,6,0.9111111111111112,0.9111111111111112,accuracy,133,45,42,5
0,0,0,0,1,1,1,0,0,1,1,0,1,6,1.0,1.0,accuracy,133,45,42,1
0,0,0,0,1,1,1,0,0,1,0,1,1,6,1.0,1.0,accuracy,133,45,42,1
0,0,0,0,1,1,1,0,0,0,1,1,1,6,0.9555555555555556,0.9555555555555556,accuracy,133,45,42,3
0,0,0,0,1,1,0,1,1,1,1,0,0,6,0.9111111111111112,0.9111111111111112,accuracy,133,45,42,5
0,0,0,0,1,1,0,1,1,1,0,1,0,6,0.9111111111111112,0.9111111111111112,accuracy,133,45,42,5
0,0,0,0,1,1,0,1,1,1,0,0,1,6,0.9777777777777776,0.9777777777777776,accuracy,133,45,42,2
0,0,0,0,1,1,0,1,1,0,1,1,0,6,0.8444444444444444,0.8444444444444444,accuracy,133,45,42,8
0,0,0,0,1,1,0,1,1,0,1,0,1,6,0.9333333333333332,0.9333333333333332,accuracy,133,45,42,4
0,0,0,0,1,1,0,1,1,0,0,1,1,6,0.9333333333333332,0.9333333333333332,accuracy,133,45,42,4
0,0,0,0,1,1,0,1,0,1,1,1,0,6,0.9333333333333332,0.9333333333333332,accuracy,133,45,42,4
0,0,0,0,1,1,0,1,0,1,1,0,1,6,0.9777777777777776,0.9777777777777776,accuracy,133,45,42,2
0,0,0,0,1,1,0,1,0,1,0,1,1,6,0.9777777777777776,0.9777777777777776,accuracy,133,45,42,2
0,0,0,0,1,1,0,1,0,0,1,1,1,6,0.9555555555555556,0.9555555555555556,accuracy,133,45,42,3
0,0,0,0,1,1,0,0,1,1,1,1,0,6,0.9333333333333332,0.9333333333333332,accuracy,133,45,42,4
0,0,0,0,1,1,0,0,1,1,1,0,1,6,0.9777777777777776,0.9777777777777776,accuracy,133,45,42,2
0,0,0,0,1,1,0,0,1,1,0,1,1,6,0.9777777777777776,0.9777777777777776,accuracy,133,45,42,2
0,0,0,0,1,1,0,0,1,0,1,1,1,6,0.9555555555555556,0.9555555555555556,accuracy,133,45,42,3
0,0,0,0,1,1,0,0,0,1,1,1,1,6,0.9777777777777776,0.9777777777777776,accuracy,133,45,42,2
0,0,0,0,1,0,1,1,1,1,1,0,0,6,0.9333333333333332,0.9333333333333332,accuracy,133,45,42,4
0,0,0,0,1,0,1,1,1,1,0,1,0,6,0.9555555555555556,0.9555555555555556,accuracy,133,45,42,3
0,0,0,0,1,0,1,1,1,1,0,0,1,6,1.0,1.0,accuracy,133,45,42,1
0,0,0,0,1,0,1,1,1,0,1,1,0,6,0.9333333333333332,0.9333333333333332,accuracy,133,45,42,4
0,0,0,0,1,0,1,1,1,0,1,0,1,6,0.9555555555555556,0.9555555555555556,accuracy,133,45,42,3
0,0,0,0,1,0,1,1,1,0,0,1,1,6,0.9777777777777776,0.9777777777777776,accuracy,133,45,42,2
0,0,0,0,1,0,1,1,0,1,1,1,0,6,0.9333333333333332,0.9333333333333332,accuracy,133,45,42,4
0,0,0,0,1,0,1,1,0,1,1,0,1,6,1.0,1.0,accuracy,133,45,42,1
0,0,0,0,1,0,1,1,0,1,0,1,1,6,1.0,1.0,accuracy,133,45,42,1
0,0,0,0,1,0,1,1,0,0,1,1,1,6,0.9555555555555556,0.9555555555555556,accuracy,133,45,42,3
0,0,0,0,1,0,1,0,1,1,1,1,0,6,0.9333333333333332,0.9333333333333332,accuracy,133,45,42,4
0,0,0,0,1,0,1,0,1,1,1,0,1,6,1.0,1.0,accuracy,133,45,42,1
0,0,0,0,1,0,1,0,1,1,0,1,1,6,1.0,1.0,accuracy,133,45,42,1
0,0,0,0,1,0,1,0,1,0,1,1,1,6,0.9555555555555556,0.9555555555555556,accuracy,133,45,42,3
0,0,0,0,1,0,1,0,0,1,1,1,1,6,1.0,1.0,accuracy,133,45,42,1
0,0,0,0,1,0,0,1,1,1,1,1,0,6,0.9555555555555556,0.9555555555555556,accuracy,133,45,42,3
0,0,0,0,1,0,0,1,1,1,1,0,1,6,1.0,1.0,accuracy,133,45,42,1
0,0,0,0,1,0,0,1,1,1,0,1,1,6,1.0,1.0,accuracy,133,45,42,1
0,0,0,0,1,0,0,1,1,0,1,1,1,6,0.9555555555555556,0.9555555555555556,accuracy,133,45,42,3
0,0,0,0,1,0,0,1,0,1,1,1,1,6,0.9777777777777776,0.9777777777777776,accuracy,133,45,42,2
0,0,0,0,1,0,0,0,1,1,1,1,1,6,1.0,1.0,accuracy,133,45,42,1
0,0,0,0,0,1,1,1,1,1,1,0,0,6,0.9111111111111112,0.9111111111111112,accuracy,133,45,42,5
0,0,0,0,0,1,1,1,1,1,0,1,0,6,0.9555555555555556,0.9555555555555556,accuracy,133,45,42,3
0,0,0,0,0,1,1,1,1,1,0,0,1,6,1.0,1.0,accuracy,133,45,42,1
0,0,0,0,0,1,1,1,1,0,1,1,0,6,0.8666666666666667,0.8666666666666667,accuracy,133,45,42,7
0,0,0,0,0,1,1,1,1,0,1,0,1,6,0.9555555555555556,0.9555555555555556,accuracy,133,45,42,3
0,0,0,0,0,1,1,1,1,0,0,1,1,6,1.0,1.0,accuracy,133,45,42,1
0,0,0,0,0,1,1,1,0,1,1,1,0,6,0.8888888888888888,0.8888888888888888,accuracy,133,45,42,6
0,0,0,0,0,1,1,1,0,1,1,0,1,6,1.0,1.0,accuracy,133,45,42,1
0,0,0,0,0,1,1,1,0,1,0,1,1,6,1.0,1.0,accuracy,133,45,42,1
0,0,0,0,0,1,1,1,0,0,1,1,1,6,0.9555555555555556,0.9555555555555556,accuracy,133,45,42,3
0,0,0,0,0,1,1,0,1,1,1,1,0,6,0.8888888888888888,0.8888888888888888,accuracy,133,45,42,6
0,0,0,0,0,1,1,0,1,1,1,0,1,6,1.0,1.0,accuracy,133,45,42,1
0,0,0,0,0,1,1,0,1,1,0,1,1,6,1.0,1.0,accuracy,133,45,42,1
0,0,0,0,0,1,1,0,1,0,1,1,1,6,0.9555555555555556,0.9555555555555556,accuracy,133,45,42,3
0,0,0,0,0,1,1,0,0,1,1,1,1,6,1.0,1.0,accuracy,133,45,42,1
0,0,0,0,0,1,0,1,1,1,1,1,0,6,0.8888888888888888,0.8888888888888888,accuracy,133,45,42,6
0,0,0,0,0,1,0,1,1,1,1,0,1,6,0.9777777777777776,0.9777777777777776,accuracy,133,45,42,2
0,0,0,0,0,1,0,1,1,1,0,1,1,6,1.0,1.0,accuracy,133,45,42,1
0,0,0,0,0,1,0,1,1,0,1,1,1,6,0.9555555555555556,0.9555555555555556,accuracy,133,45,42,3
0,0,0,0,0,1,0,1,0,1,1,1,1,6,0.9777777777777776,0.9777777777777776,accuracy,133,45,42,2
0,0,0,0,0,1,0,0,1,1,1,1,1,6,1.0,1.0,accuracy,133,45,42,1
0,0,0,0,0,0,1,1,1,1,1,1,0,6,0.8888888888888888,0.8888888888888888,accuracy,133,45,42,6
0,0,0,0,0,0,1,1,1,1,1,0,1,6,1.0,1.0,accuracy,133,45,42,1
0,0,0,0,0,0,1,1,1,1,0,1,1,6,1.0,1.0,accuracy,133,45,42,1
0,0,0,0,0,0,1,1,1,0,1,1,1,6,0.9555555555555556,0.9555555555555556,accuracy,133,45,42,3
0,0,0,0,0,0,1,1,0,1,1,1,1,6,1.0,1.0,accuracy,133,45,42,1
0,0,0,0,0,0,1,0,1,1,1,1,1,6,1.0,1.0,accuracy,133,45,42,1
0,0,0,0,0,0,0,1,1,1,1,1,1,6,1.0,1.0,accuracy,133,45,42,1
1,1,1,1,1,1,1,0,0,0,0,0,0,7,0.9111111111111112,0.9111111111111112,accuracy,133,45,42,5
1,1,1,1,1,1,0,1,0,0,0,0,0,7,0.8444444444444444,0.8444444444444444,accuracy,133,45,42,8
1,1,1,1,1,1,0,0,1,0,0,0,0,7,0.8888888888888888,0.8888888888888888,accuracy,133,45,42,6
1,1,1,1,1,1,0,0,0,1,0,0,0,7,0.8444444444444444,0.8444444444444444,accuracy,133,45,42,8
1,1,1,1,1,1,0,0,0,0,1,0,0,7,0.8666666666666667,0.8666666666666667,accuracy,133,45,42,7
1,1,1,1,1,1,0,0,0,0,0,1,0,7,0.9777777777777776,0.9777777777777776,accuracy,133,45,42,2
1,1,1,1,1,1,0,0,0,0,0,0,1,7,0.9555555555555556,0.9555555555555556,accuracy,133,45,42,3
1,1,1,1,1,0,1,1,0,0,0,0,0,7,0.9333333333333332,0.9333333333333332,accuracy,133,45,42,4
1,1,1,1,1,0,1,0,1,0,0,0,0,7,0.9333333333333332,0.9333333333333332,accuracy,133,45,42,4
1,1,1,1,1,0,1,0,0,1,0,0,0,7,0.9555555555555556,0.9555555555555556,accuracy,133,45,42,3
1,1,1,1,1,0,1,0,0,0,1,0,0,7,0.9777777777777776,0.9777777777777776,accuracy,133,45,42,2
1,1,1,1,1,0,1,0,0,0,0,1,0,7,0.9555555555555556,0.9555555555555556,accuracy,133,45,42,3
1,1,1,1,1,0,1,0,0,0,0,0,1,7,0.9333333333333332,0.9333333333333332,accuracy,133,45,42,4
1,1,1,1,1,0,0,1,1,0,0,0,0,7,0.8444444444444444,0.8444444444444444,accuracy,133,45,42,8
1,1,1,1,1,0,0,1,0,1,0,0,0,7,0.8444444444444444,0.8444444444444444,accuracy,133,45,42,8
1,1,1,1,1,0,0,1,0,0,1,0,0,7,0.8888888888888888,0.8888888888888888,accuracy,133,45,42,6
1,1,1,1,1,0,0,1,0,0,0,1,0,7,0.9555555555555556,0.9555555555555556,accuracy,133,45,42,3
1,1,1,1,1,0,0,1,0,0,0,0,1,7,0.9333333333333332,0.9333333333333332,accuracy,133,45,42,4
1,1,1,1,1,0,0,0,1,1,0,0,0,7,0.8666666666666667,0.8666666666666667,accuracy,133,45,42,7
1,1,1,1,1,0,0,0,1,0,1,0,0,7,0.8888888888888888,0.8888888888888888,accuracy,133,45,42,6
1,1,1,1,1,0,0,0,1,0,0,1,0,7,0.9333333333333332,0.9333333333333332,accuracy,133,45,42,4
1,1,1,1,1,0,0,0,1,0,0,0,1,7,0.8888888888888888,0.8888888888888888,accuracy,133,45,42,6
1,1,1,1,1,0,0,0,0,1,1,0,0,7,0.8666666666666667,0.8666666666666667,accuracy,133,45,42,7
1,1,1,1,1,0,0,0,0,1,0,1,0,7,0.8888888888888888,0.8888888888888888,accuracy,133,45,42,6
1,1,1,1,1,0,0,0,0,1,0,0,1,7,0.9333333333333332,0.9333333333333332,accuracy,133,45,42,4
1,1,1,1,1,0,0,0,0,0,1,1,0,7,0.9777777777777776,0.9777777777777776,accuracy,133,45,42,2
1,1,1,1,1,0,0,0,0,0,1,0,1,7,0.9333333333333332,0.9333333333333332,accuracy,133,45,42,4
1,1,1,1,1,0,0,0,0,0,0,1,1,7,0.9777777777777776,0.9777777777777776,accuracy,133,45,42,2
1,1,1,1,0,1,1,1,0,0,0,0,0,7,0.9111111111111112,0.9111111111111112,accuracy,133,45,42,5
1,1,1,1,0,1,1,0,1,0,0,0,0,7,0.8888888888888888,0.8888888888888888,accuracy,133,45,42,6
1,1,1,1,0,1,1,0,0,1,0,0,0,7,0.9555555555555556,0.9555555555555556,accuracy,133,45,42,3
1,1,1,1,0,1,1,0,0,0,1,0,0,7,0.9555555555555556,0.9555555555555556,accuracy,133,45,42,3
1,1,1,1,0,1,1,0,0,0,0,1,0,7,0.9333333333333332,0.9333333333333332,accuracy,133,45,42,4
1,1,1,1,0,1,1,0,0,0,0,0,1,7,0.9333333333333332,0.9333333333333332,accuracy,133,45,42,4
1,1,1,1,0,1,0,1,1,0,0,0,0,7,0.8666666666666667,0.8666666666666667,accuracy,133,45,42,7
1,1,1,1,0,1,0,1,0,1,0,0,0,7,0.8444444444444444,0.8444444444444444,accuracy,133,45,42,8
1,1,1,1,0,1,0,1,0,0,1,0,0,7,0.8666666666666667,0.8666666666666667,accuracy,133,45,42,7
1,1,1,1,0,1,0,1,0,0,0,1,0,7,0.9333333333333332,0.9333333333333332,accuracy,133,45,42,4
1,1,1,1,0,1,0,1,0,0,0,0,1,7,0.9333333333333332,0.9333333333333332,accuracy,133,45,42,4
1,1,1,1,0,1,0,0,1,1,0,0,0,7,0.8444444444444444,0.8444444444444444,accuracy,133,45,42,8
1,1,1,1,0,1,0,0,1,0,1,0,0,7,0.8666666666666667,0.8666666666666667,accuracy,133,45,42,7
1,1,1,1,0,1,0,0,1,0,0,1,0,7,0.9333333333333332,0.9333333333333332,accuracy,133,45,42,4
1,1,1,1,0,1,0,0,1,0,0,0,1,7,0.9333333333333332,0.9333333333333332,accuracy,133,45,42,4
1,1,1,1,0,1,0,0,0,1,1,0,0,7,0.8888888888888888,0.8888888888888888,accuracy,133,45,42,6
1,1,1,1,0,1,0,0,0,1,0,1,0,7,0.8888888888888888,0.8888888888888888,accuracy,133,45,42,6
1,1,1,1,0,1,0,0,0,1,0,0,1,7,0.9333333333333332,0.9333333333333332,accuracy,133,45,42,4
1,1,1,1,0,1,0,0,0,0,1,1,0,7,0.9555555555555556,0.9555555555555556,accuracy,133,45,42,3
1,1,1,1,0,1,0,0,0,0,1,0,1,7,0.9333333333333332,0.9333333333333332,accuracy,133,45,42,4
1,1,1,1,0,1,0,0,0,0,0,1,1,7,0.9777777777777776,0.9777777777777776,accuracy,133,45,42,2
1,1,1,1,0,0,1,1,1,0,0,0,0,7,0.8888888888888888,0.8888888888888888,accuracy,133,45,42,6
1,1,1,1,0,0,1,1,0,1,0,0,0,7,0.9555555555555556,0.9555555555555556,accuracy,133,45,42,3
1,1,1,1,0,0,1,1,0,0,1,0,0,7,0.9555555555555556,0.9555555555555556,accuracy,133,45,42,3
1,1,1,1,0,0,1,1,0,0,0,1,0,7,0.9333333333333332,0.9333333333333332,accuracy,133,45,42,4
1,1,1,1,0,0,1,1,0,0,0,0,1,7,0.9555555555555556,0.9555555555555556,accuracy,133,45,42,3
1,1,1,1,0,0,1,0,1,1,0,0,0,7,0.9555555555555556,0.9555555555555556,accuracy,133,45,42,3
1,1,1,1,0,0,1,0,1,0,1,0,0,7,0.9555555555555556,0.9555555555555556,accuracy,133,45,42,3
1,1,1,1,0,0,1,0,1,0,0,1,0,7,0.9333333333333332,0.9333333333333332,accuracy,133,45,42,4
1,1,1,1,0,0,1,0,1,0,0,0,1,7,0.9333333333333332,0.9333333333333332,accuracy,133,45,42,4
1,1,1,1,0,0,1,0,0,1,1,0,0,7,0.9333333333333332,0.9333333333333332,accuracy,133,45,42,4
1,1,1,1,0,0,1,0,0,1,0,1,0,7,0.9333333333333332,0.9333333333333332,accuracy,133,45,42,4
1,1,1,1,0,0,1,0,0,1,0,0,1,7,1.0,1.0,accuracy,133,45,42,1
1,1,1,1,0,0,1,0,0,0,1,1,0,7,0.9555555555555556,0.9555555555555556,accuracy,133,45,42,3
1,1,1,1,0,0,1,0,0,0,1,0,1,7,0.9777777777777776,0.9777777777777776,accuracy,133,45,42,2
1,1,1,1,0,0,1,0,0,0,0,1,1,7,0.9777777777777776,0.9777777777777776,accuracy,133,45,42,2
1,1,1,1,0,0,0,1,1,1,0,0,0,7,0.8444444444444444,0.8444444444444444,accuracy,133,45,42,8
1,1,1,1,0,0,0,1,1,0,1,0,0,7,0.8888888888888888,0.8888888888888888,accuracy,133,45,42,6
1,1,1,1,0,0,0,1,1,0,0,1,0,7,0.9333333333333332,0.9333333333333332,accuracy,133,45,42,4
1,1,1,1,0,0,0,1,1,0,0,0,1,7,0.8888888888888888,0.8888888888888888,accuracy,133,45,42,6
1,1,1,1,0,0,0,1,0,1,1,0,0,7,0.8222222222222222,0.8222222222222222,accuracy,133,45,42,9
1,1,1,1,0,0,0,1,0,1,0,1,0,7,0.8444444444444444,0.8444444444444444,accuracy,133,45,42,8
1,1,1,1,0,0,0,1,0,1,0,0,1,7,0.9111111111111112,0.9111111111111112,accuracy,133,45,42,5
1,1,1,1,0,0,0,1,0,0,1,1,0,7,0.9555555555555556,0.9555555555555556,accuracy,133,45,42,3
1,1,1,1,0,0,0,1,0,0,1,0,1,7,0.9555555555555556,0.9555555555555556,accuracy,133,45,42,3
1,1,1,1,0,0,0,1,0,0,0,1,1,7,1.0,1.0,accuracy,133,45,42,1
1,1,1,1,0,0,0,0,1,1,1,0,0,7,0.9111111111111112,0.9111111111111112,accuracy,133,45,42,5
1,1,1,1,0,0,0,0,1,1,0,1,0,7,0.8666666666666667,0.8666666666666667,accuracy,133,45,42,7
1,1,1,1,0,0,0,0,1,1,0,0,1,7,0.9333333333333332,0.9333333333333332,accuracy,133,45,42,4
1,1,1,1,0,0,0,0,1,0,1,1,0,7,0.9555555555555556,0.9555555555555556,accuracy,133,45,42,3
1,1,1,1,0,0,0,0,1,0,1,0,1,7,0.9555555555555556,0.9555555555555556,accuracy,133,45,42,3
1,1,1,1,0,0,0,0,1,0,0,1,1,7,0.9555555555555556,0.9555555555555556,accuracy,133,45,42,3
1,1,1,1,0,0,0,0,0,1,1,1,0,7,0.9111111111111112,0.9111111111111112,accuracy,133,45,42,5
1,1,1,1,0,0,0,0,0,1,1,0,1,7,0.9777777777777776,0.9777777777777776,accuracy,133,45,42,2
1,1,1,1,0,0,0,0,0,1,0,1,1,7,0.9777777777777776,0.9777777777777776,accuracy,133,45,42,2
1,1,1,1,0,0,0,0,0,0,1,1,1,7,0.9777777777777776,0.9777777777777776,accuracy,133,45,42,2
1,1,1,0,1,1,1,1,0,0,0,0,0,7,0.9111111111111112,0.9111111111111112,accuracy,133,45,42,5
1,1,1,0,1,1,1,0,1,0,0,0,0,7,0.9333333333333332,0.9333333333333332,accuracy,133,45,42,4
1,1,1,0,1,1,1,0,0,1,0,0,0,7,0.9333333333333332,0.9333333333333332,accuracy,133,45,42,4
1,1,1,0,1,1,1,0,0,0,1,0,0,7,0.9555555555555556,0.9555555555555556,accuracy,133,45,42,3
1,1,1,0,1,1,1,0,0,0,0,1,0,7,0.9555555555555556,0.9555555555555556,accuracy,133,45,42,3
1,1,1,0,1,1,1,0,0,0,0,0,1,7,0.9333333333333332,0.9333333333333332,accuracy,133,45,42,4
1,1,1,0,1,1,0,1,1,0,0,0,0,7,0.8444444444444444,0.8444444444444444,accuracy,133,45,42,8
1,1,1,0,1,1,0,1,0,1,0,0,0,7,0.8222222222222222,0.8222222222222222,accuracy,133,45,42,9
1,1,1,0,1,1,0,1,0,0,1,0,0,7,0.8888888888888888,0.8888888888888888,accuracy,133,45,42,6
1,1,1,0,1,1,0,1,0,0,0,1,0,7,0.9555555555555556,0.9555555555555556,accuracy,133,45,42,3
1,1,1,0,1,1,0,1,0,0,0,0,1,7,0.9333333333333332,0.9333333333333332,accuracy,133,45,42,4
1,1,1,0,1,1,0,0,1,1,0,0,0,7,0.8666666666666667,0.8666666666666667,accuracy,133,45,42,7
1,1,1,0,1,1,0,0,1,0,1,0,0,7,0.8888888888888888,0.8888888888888888,accuracy,133,45,42,6
1,1,1,0,1,1,0,0,1,0,0,1,0,7,0.9333333333333332,0.9333333333333332,accuracy,133,45,42,4
1,1,1,0,1,1,0,0,1,0,0,0,1,7,0.9333333333333332,0.9333333333333332,accuracy,133,45,42,4
1,1,1,0,1,1,0,0,0,1,1,0,0,7,0.8888888888888888,0.8888888888888888,accuracy,133,45,42,6
1,1,1,0,1,1,0,0,0,1,0,1,0,7,0.9111111111111112,0.9111111111111112,accuracy,133,45,42,5
1,1,1,0,1,1,0,0,0,1,0,0,1,7,0.9555555555555556,0.9555555555555556,accuracy,133,45,42,3
1,1,1,0,1,1,0,0,0,0,1,1,0,7,0.9333333333333332,0.9333333333333332,accuracy,133,45,42,4
1,1,1,0,1,1,0,0,0,0,1,0,1,7,0.9111111111111112,0.9111111111111112,accuracy,133,45,42,5
1,1,1,0,1,1,0,0,0,0,0,1,1,7,0.9777777777777776,0.9777777777777776,accuracy,133,45,42,2
1,1,1,0,1,0,1,1,1,0,0,0,0,7,0.9111111111111112,0.9111111111111112,accuracy,133,45,42,5
1,1,1,0,1,0,1,1,0,1,0,0,0,7,0.9555555555555556,0.9555555555555556,accuracy,133,45,42,3
1,1,1,0,1,0,1,1,0,0,1,0,0,7,0.9555555555555556,0.9555555555555556,accuracy,133,45,42,3
1,1,1,0,1,0,1,1,0,0,0,1,0,7,0.9777777777777776,0.9777777777777776,accuracy,133,45,42,2
1,1,1,0,1,0,1,1,0,0,0,0,1,7,0.9555555555555556,0.9555555555555556,accuracy,133,45,42,3
1,1,1,0,1,0,1,0,1,1,0,0,0,7,0.9333333333333332,0.9333333333333332,accuracy,133,45,42,4
1,1,1,0,1,0,1,0,1,0,1,0,0,7,0.9555555555555556,0.9555555555555556,accuracy,133,45,42,3
1,1,1,0,1,0,1,0,1,0,0,1,0,7,0.9555555555555556,0.9555555555555556,accuracy,133,45,42,3
1,1,1,0,1,0,1,0,1,0,0,0,1,7,0.9333333333333332,0.9333333333333332,accuracy,133,45,42,4
1,1,1,0,1,0,1,0,0,1,1,0,0,7,0.9333333333333332,0.9333333333333332,accuracy,133,45,42,4
1,1,1,0,1,0,1,0,0,1,0,1,0,7,0.9555555555555556,0.9555555555555556,accuracy,133,45,42,3
1,1,1,0,1,0,1,0,0,1,0,0,1,7,1.0,1.0,accuracy,133,45,42,1
1,1,1,0,1,0,1,0,0,0,1,1,0,7,0.9555555555555556,0.9555555555555556,accuracy,133,45,42,3
1,1,1,0,1,0,1,0,0,0,1,0,1,7,0.9777777777777776,0.9777777777777776,accuracy,133,45,42,2
1,1,1,0,1,0,1,0,0,0,0,1,1,7,0.9777777777777776,0.9777777777777776,accuracy,133,45,42,2
1,1,1,0,1,0,0,1,1,1,0,0,0,7,0.8666666666666667,0.8666666666666667,accuracy,133,45,42,7
1,1,1,0,1,0,0,1,1,0,1,0,0,7,0.8888888888888888,0.8888888888888888,accuracy,133,45,42,6
1,1,1,0,1,0,0,1,1,0,0,1,0,7,0.9333333333333332,0.9333333333333332,accuracy,133,45,42,4
1,1,1,0,1,0,0,1,1,0,0,0,1,7,0.8888888888888888,0.8888888888888888,accuracy,133,45,42,6
1,1,1,0,1,0,0,1,0,1,1,0,0,7,0.8888888888888888,0.8888888888888888,accuracy,133,45,42,6
1,1,1,0,1,0,0,1,0,1,0,1,0,7,0.8888888888888888,0.8888888888888888,accuracy,133,45,42,6
1,1,1,0,1,0,0,1,0,1,0,0,1,7,0.9111111111111112,0.9111111111111112,accuracy,133,45,42,5
1,1,1,0,1,0,0,1,0,0,1,1,0,7,0.9555555555555556,0.9555555555555556,accuracy,133,45,42,3
1,1,1,0,1,0,0,1,0,0,1,0,1,7,0.9555555555555556,0.9555555555555556,accuracy,133,45,42,3
1,1,1,0,1,0,0,1,0,0,0,1,1,7,0.9777777777777776,0.9777777777777776,accuracy,133,45,42,2
1,1,1,0,1,0,0,0,1,1,1,0,0,7,0.9111111111111112,0.9111111111111112,accuracy,133,45,42,5
1,1,1,0,1,0,0,0,1,1,0,1,0,7,0.8888888888888888,0.8888888888888888,accuracy,133,45,42,6
1,1,1,0,1,0,0,0,1,1,0,0,1,7,0.9555555555555556,0.9555555555555556,accuracy,133,45,42,3
1,1,1,0,1,0,0,0,1,0,1,1,0,7,0.9555555555555556,0.9555555555555556,accuracy,133,45,42,3
1,1,1,0,1,0,0,0,1,0,1,0,1,7,0.9555555555555556,0.9555555555555556,accuracy,133,45,42,3
1,1,1,0,1,0,0,0,1,0,0,1,1,7,0.9777777777777776,0.9777777777777776,accuracy,133,45,42,2
1,1,1,0,1,0,0,0,0,1,1,1,0,7,0.9111111111111112,0.9111111111111112,accuracy,133,45,42,5
1,1,1,0,1,0,0,0,0,1,1,0,1,7,0.9555555555555556,0.9555555555555556,accuracy,133,45,42,3
1,1,1,0,1,0,0,0,0,1,0,1,1,7,0.9777777777777776,0.9777777777777776,accuracy,133,45,42,2
1,1,1,0,1,0,0,0,0,0,1,1,1,7,0.9777777777777776,0.9777777777777776,accuracy,133,45,42,2
1,1,1,0,0,1,1,1,1,0,0,0,0,7,0.8888888888888888,0.8888888888888888,accuracy,133,45,42,6
1,1,1,0,0,1,1,1,0,1,0,0,0,7,0.9111111111111112,0.9111111111111112,accuracy,133,45,42,5
1,1,1,0,0,1,1,1,0,0,1,0,0,7,0.9333333333333332,0.9333333333333332,accuracy,133,45,42,4
1,1,1,0,0,1,1,1,0,0,0,1,0,7,0.8888888888888888,0.8888888888888888,accuracy,133,45,42,6
1,1,1,0,0,1,1,1,0,0,0,0,1,7,0.9555555555555556,0.9555555555555556,accuracy,133,45,42,3
1,1,1,0,0,1,1,0,1,1,0,0,0,7,0.9111111111111112,0.9111111111111112,accuracy,133,45,42,5
1,1,1,0,0,1,1,0,1,0,1,0,0,7,0.9555555555555556,0.9555555555555556,accuracy,133,45,42,3
1,1,1,0,0,1,1,0,1,0,0,1,0,7,0.9111111111111112,0.9111111111111112,accuracy,133,45,42,5
1,1,1,0,0,1,1,0,1,0,0,0,1,7,0.9333333333333332,0.9333333333333332,accuracy,133,45,42,4
1,1,1,0,0,1,1,0,0,1,1,0,0,7,0.9111111111111112,0.9111111111111112,accuracy,133,45,42,5
1,1,1,0,0,1,1,0,0,1,0,1,0,7,0.9111111111111112,0.9111111111111112,accuracy,133,45,42,5
1,1,1,0,0,1,1,0,0,1,0,0,1,7,1.0,1.0,accuracy,133,45,42,1
1,1,1,0,0,1,1,0,0,0,1,1,0,7,0.9333333333333332,0.9333333333333332,accuracy,133,45,42,4
1,1,1,0,0,1,1,0,0,0,1,0,1,7,0.9777777777777776,0.9777777777777776,accuracy,133,45,42,2
1,1,1,0,0,1,1,0,0,0,0,1,1,7,0.9777777777777776,0.9777777777777776,accuracy,133,45,42,2
1,1,1,0,0,1,0,1,1,1,0,0,0,7,0.8444444444444444,0.8444444444444444,accuracy,133,45,42,8
1,1,1,0,0,1,0,1,1,0,1,0,0,7,0.8666666666666667,0.8666666666666667,accuracy,133,45,42,7
1,1,1,0,0,1,0,1,1,0,0,1,0,7,0.8888888888888888,0.8888888888888888,accuracy,133,45,42,6
1,1,1,0,0,1,0,1,1,0,0,0,1,7,0.9111111111111112,0.9111111111111112,accuracy,133,45,42,5
1,1,1,0,0,1,0,1,0,1,1,0,0,7,0.8888888888888888,0.8888888888888888,accuracy,133,45,42,6
1,1,1,0,0,1,0,1,0,1,0,1,0,7,0.8666666666666667,0.8666666666666667,accuracy,133,45,42,7
1,1,1,0,0,1,0,1,0,1,0,0,1,7,0.9555555555555556,0.9555555555555556,accuracy,133,45,42,3
1,1,1,0,0,1,0,1,0,0,1,1,0,7,0.9111111111111112,0.9111111111111112,accuracy,133,45,42,5
1,1,1,0,0,1,0,1,0,0,1,0,1,7,0.9333333333333332,0.9333333333333332,accuracy,133,45,42,4
1,1,1,0,0,1,0,1,0,0,0,1,1,7,0.9777777777777776,0.9777777777777776,accuracy,133,45,42,2
1,1,1,0,0,1,0,0,1,1,1,0,0,7,0.9111111111111112,0.9111111111111112,accuracy,133,45,42,5
1,1,1,0,0,1,0,0,1,1,0,1,0,7,0.8666666666666667,0.8666666666666667,accuracy,133,45,42,7
1,1,1,0,0,1,0,0,1,1,0,0,1,7,0.9777777777777776,0.9777777777777776,accuracy,133,45,42,2
1,1,1,0,0,1,0,0,1,0,1,1,0,7,0.9111111111111112,0.9111111111111112,accuracy,133,45,42,5
1,1,1,0,0,1,0,0,1,0,1,0,1,7,0.9555555555555556,0.9555555555555556,accuracy,133,45,42,3
1,1,1,0,0,1,0,0,1,0,0,1,1,7,0.9777777777777776,0.9777777777777776,accuracy,133,45,42,2
1,1,1,0,0,1,0,0,0,1,1,1,0,7,0.8888888888888888,0.8888888888888888,accuracy,133,45,42,6
1,1,1,0,0,1,0,0,0,1,1,0,1,7,0.9777777777777776,0.9777777777777776,accuracy,133,45,42,2
1,1,1,0,0,1,0,0,0,1,0,1,1,7,1.0,1.0,accuracy,133,45,42,1
1,1,1,0,0,1,0,0,0,0,1,1,1,7,0.9777777777777776,0.9777777777777776,accuracy,133,45,42,2
1,1,1,0,0,0,1,1,1,1,0,0,0,7,0.9111111111111112,0.9111111111111112,accuracy,133,45,42,5
1,1,1,0,0,0,1,1,1,0,1,0,0,7,0.9555555555555556,0.9555555555555556,accuracy,133,45,42,3
1,1,1,0,0,0,1,1,1,0,0,1,0,7,0.9111111111111112,0.9111111111111112,accuracy,133,45,42,5
1,1,1,0,0,0,1,1,1,0,0,0,1,7,0.9555555555555556,0.9555555555555556,accuracy,133,45,42,3
1,1,1,0,0,0,1,1,0,1,1,0,0,7,0.9111111111111112,0.9111111111111112,accuracy,133,45,42,5
1,1,1,0,0,0,1,1,0,1,0,1,0,7,0.9111111111111112,0.9111111111111112,accuracy,133,45,42,5
1,1,1,0,0,0,1,1,0,1,0,0,1,7,1.0,1.0,accuracy,133,45,42,1
1,1,1,0,0,0,1,1,0,0,1,1,0,7,0.9333333333333332,0.9333333333333332,accuracy,133,45,42,4
1,1,1,0,0,0,1,1,0,0,1,0,1,7,0.9777777777777776,0.9777777777777776,accuracy,133,45,42,2
1,1,1,0,0,0,1,1,0,0,0,1,1,7,0.9333333333333332,0.9333333333333332,accuracy,133,45,42,4
1,1,1,0,0,0,1,0,1,1,1,0,0,7,0.9111111111111112,0.9111111111111112,accuracy,133,45,42,5
1,1,1,0,0,0,1,0,1,1,0,1,0,7,0.9111111111111112,0.9111111111111112,accuracy,133,45,42,5
1,1,1,0,0,0,1,0,1,1,0,0,1,7,1.0,1.0,accuracy,133,45,42,1
1,1,1,0,0,0,1,0,1,0,1,1,0,7,0.9333333333333332,0.9333333333333332,accuracy,133,45,42,4
1,1,1,0,0,0,1,0,1,0,1,0,1,7,0.9777777777777776,0.9777777777777776,accuracy,133,45,42,2
1,1,1,0,0,0,1,0,1,0,0,1,1,7,0.9333333333333332,0.9333333333333332,accuracy,133,45,42,4
1,1,1,0,0,0,1,0,0,1,1,1,0,7,0.9111111111111112,0.9111111111111112,accuracy,133,45,42,5
1,1,1,0,0,0,1,0,0,1,1,0,1,7,1.0,1.0,accuracy,133,45,42,1
1,1,1,0,0,0,1,0,0,1,0,1,1,7,1.0,1.0,accuracy,133,45,42,1
1,1,1,0,0,0,1,0,0,0,1,1,1,7,0.9777777777777776,0.9777777777777776,accuracy,133,45,42,2
1,1,1,0,0,0,0,1,1,1,1,0,0,7,0.9333333333333332,0.9333333333333332,accuracy,133,45,42,4
1,1,1,0,0,0,0,1,1,1,0,1,0,7,0.8888888888888888,0.8888888888888888,accuracy,133,45,42,6
1,1,1,0,0,0,0,1,1,1,0,0,1,7,0.9333333333333332,0.9333333333333332,accuracy,133,45,42,4
1,1,1,0,0,0,0,1,1,0,1,1,0,7,0.9333333333333332,0.9333333333333332,accuracy,133,45,42,4
1,1,1,0,0,0,0,1,1,0,1,0,1,7,0.9555555555555556,0.9555555555555556,accuracy,133,45,42,3
1,1,1,0,0,0,0,1,1,0,0,1,1,7,0.9777777777777776,0.9777777777777776,accuracy,133,45,42,2
1,1,1,0,0,0,0,1,0,1,1,1,0,7,0.9111111111111112,0.9111111111111112,accuracy,133,45,42,5
1,1,1,0,0,0,0,1,0,1,1,0,1,7,0.9777777777777776,0.9777777777777776,accuracy,133,45,42,2
1,1,1,0,0,0,0,1,0,1,0,1,1,7,0.9777777777777776,0.9777777777777776,accuracy,133,45,42,2
1,1,1,0,0,0,0,1,0,0,1,1,1,7,0.9777777777777776,0.9777777777777776,accuracy,133,45,42,2
1,1,1,0,0,0,0,0,1,1,1,1,0,7,0.9111111111111112,0.9111111111111112,accuracy,133,45,42,5
1,1,1,0,0,0,0,0,1,1,1,0,1,7,1.0,1.0,accuracy,133,45,42,1
1,1,1,0,0,0,0,0,1,1,0,1,1,7,1.0,1.0,accuracy,133,45,42,1
1,1,1,0,0,0,0,0,1,0,1,1,1,7,0.9777777777777776,0.9777777777777776,accuracy,133,45,42,2
1,1,1,0,0,0,0,0,0,1,1,1,1,7,1.0,1.0,accuracy,133,45,42,1
1,1,0,1,1,1,1,1,0,0,0,0,0,7,0.9111111111111112,0.9111111111111112,accuracy,133,45,42,5
1,1,0,1,1,1,1,0,1,0,0,0,0,7,0.9111111111111112,0.9111111111111112,accuracy,133,45,42,5
1,1,0,1,1,1,1,0,0,1,0,0,0,7,0.9555555555555556,0.9555555555555556,accuracy,133,45,42,3
1,1,0,1,1,1,1,0,0,0,1,0,0,7,0.9555555555555556,0.9555555555555556,accuracy,133,45,42,3
1,1,0,1,1,1,1,0,0,0,0,1,0,7,0.9555555555555556,0.9555555555555556,accuracy,133,45,42,3
1,1,0,1,1,1,1,0,0,0,0,0,1,7,0.9333333333333332,0.9333333333333332,accuracy,133,45,42,4
1,1,0,1,1,1,0,1,1,0,0,0,0,7,0.8444444444444444,0.8444444444444444,accuracy,133,45,42,8
1,1,0,1,1,1,0,1,0,1,0,0,0,7,0.8444444444444444,0.8444444444444444,accuracy,133,45,42,8
1,1,0,1,1,1,0,1,0,0,1,0,0,7,0.8888888888888888,0.8888888888888888,accuracy,133,45,42,6
1,1,0,1,1,1,0,1,0,0,0,1,0,7,0.9555555555555556,0.9555555555555556,accuracy,133,45,42,3
1,1,0,1,1,1,0,1,0,0,0,0,1,7,0.9333333333333332,0.9333333333333332,accuracy,133,45,42,4
1,1,0,1,1,1,0,0,1,1,0,0,0,7,0.8888888888888888,0.8888888888888888,accuracy,133,45,42,6
1,1,0,1,1,1,0,0,1,0,1,0,0,7,0.8888888888888888,0.8888888888888888,accuracy,133,45,42,6
1,1,0,1,1,1,0,0,1,0,0,1,0,7,0.9333333333333332,0.9333333333333332,accuracy,133,45,42,4
1,1,0,1,1,1,0,0,1,0,0,0,1,7,0.9333333333333332,0.9333333333333332,accuracy,133,45,42,4
1,1,0,1,1,1,0,0,0,1,1,0,0,7,0.8888888888888888,0.8888888888888888,accuracy,133,45,42,6
1,1,0,1,1,1,0,0,0,1,0,1,0,7,0.9333333333333332,0.9333333333333332,accuracy,133,45,42,4
1,1,0,1,1,1,0,0,0,1,0,0,1,7,0.9333333333333332,0.9333333333333332,accuracy,133,45,42,4
1,1,0,1,1,1,0,0,0,0,1,1,0,7,0.9333333333333332,0.9333333333333332,accuracy,133,45,42,4
1,1,0,1,1,1,0,0,0,0,1,0,1,7,0.9555555555555556,0.9555555555555556,accuracy,133,45,42,3
1,1,0,1,1,1,0,0,0,0,0,1,1,7,0.9777777777777776,0.9777777777777776,accuracy,133,45,42,2
1,1,0,1,1,0,1,1,1,0,0,0,0,7,0.9111111111111112,0.9111111111111112,accuracy,133,45,42,5
1,1,0,1,1,0,1,1,0,1,0,0,0,7,0.9555555555555556,0.9555555555555556,accuracy,133,45,42,3
1,1,0,1,1,0,1,1,0,0,1,0,0,7,0.9555555555555556,0.9555555555555556,accuracy,133,45,42,3
1,1,0,1,1,0,1,1,0,0,0,1,0,7,0.9555555555555556,0.9555555555555556,accuracy,133,45,42,3
1,1,0,1,1,0,1,1,0,0,0,0,1,7,0.9333333333333332,0.9333333333333332,accuracy,133,45,42,4
1,1,0,1,1,0,1,0,1,1,0,0,0,7,0.9555555555555556,0.9555555555555556,accuracy,133,45,42,3
1,1,0,1,1,0,1,0,1,0,1,0,0,7,0.9555555555555556,0.9555555555555556,accuracy,133,45,42,3
1,1,0,1,1,0,1,0,1,0,0,1,0,7,0.9555555555555556,0.9555555555555556,accuracy,133,45,42,3
1,1,0,1,1,0,1,0,1,0,0,0,1,7,0.9333333333333332,0.9333333333333332,accuracy,133,45,42,4
1,1,0,1,1,0,1,0,0,1,1,0,0,7,0.9555555555555556,0.9555555555555556,accuracy,133,45,42,3
1,1,0,1,1,0,1,0,0,1,0,1,0,7,0.9555555555555556,0.9555555555555556,accuracy,133,45,42,3
1,1,0,1,1,0,1,0,0,1,0,0,1,7,1.0,1.0,accuracy,133,45,42,1
1,1,0,1,1,0,1,0,0,0,1,1,0,7,0.9555555555555556,0.9555555555555556,accuracy,133,45,42,3
1,1,0,1,1,0,1,0,0,0,1,0,1,7,0.9777777777777776,0.9777777777777776,accuracy,133,45,42,2
1,1,0,1,1,0,1,0,0,0,0,1,1,7,0.9777777777777776,0.9777777777777776,accuracy,133,45,42,2
1,1,0,1,1,0,0,1,1,1,0,0,0,7,0.8666666666666667,0.8666666666666667,accuracy,133,45,42,7
1,1,0,1,1,0,0,1,1,0,1,0,0,7,0.8888888888888888,0.8888888888888888,accuracy,133,45,42,6
1,1,0,1,1,0,0,1,1,0,0,1,0,7,0.9555555555555556,0.9555555555555556,accuracy,133,45,42,3
1,1,0,1,1,0,0,1,1,0,0,0,1,7,0.8888888888888888,0.8888888888888888,accuracy,133,45,42,6
1,1,0,1,1,0,0,1,0,1,1,0,0,7,0.9111111111111112,0.9111111111111112,accuracy,133,45,42,5
1,1,0,1,1,0,0,1,0,1,0,1,0,7,0.8888888888888888,0.8888888888888888,accuracy,133,45,42,6
1,1,0,1,1,0,0,1,0,1,0,0,1,7,0.9111111111111112,0.9111111111111112,accuracy,133,45,42,5
1,1,0,1,1,0,0,1,0,0,1,1,0,7,0.9333333333333332,0.9333333333333332,accuracy,133,45,42,4
1,1,0,1,1,0,0,1,0,0,1,0,1,7,0.9333333333333332,0.9333333333333332,accuracy,133,45,42,4
1,1,0,1,1,0,0,1,0,0,0,1,1,7,0.9777777777777776,0.9777777777777776,accuracy,133,45,42,2
1,1,0,1,1,0,0,0,1,1,1,0,0,7,0.9555555555555556,0.9555555555555556,accuracy,133,45,42,3
1,1,0,1,1,0,0,0,1,1,0,1,0,7,0.9111111111111112,0.9111111111111112,accuracy,133,45,42,5
1,1,0,1,1,0,0,0,1,1,0,0,1,7,0.9333333333333332,0.9333333333333332,accuracy,133,45,42,4
1,1,0,1,1,0,0,0,1,0,1,1,0,7,0.9333333333333332,0.9333333333333332,accuracy,133,45,42,4
1,1,0,1,1,0,0,0,1,0,1,0,1,7,0.9555555555555556,0.9555555555555556,accuracy,133,45,42,3
1,1,0,1,1,0,0,0,1,0,0,1,1,7,0.9555555555555556,0.9555555555555556,accuracy,133,45,42,3
1,1,0,1,1,0,0,0,0,1,1,1,0,7,0.9333333333333332,0.9333333333333332,accuracy,133,45,42,4
1,1,0,1,1,0,0,0,0,1,1,0,1,7,1.0,1.0,accuracy,133,45,42,1
1,1,0,1,1,0,0,0,0,1,0,1,1,7,0.9777777777777776,0.9777777777777776,accuracy,133,45,42,2
1,1,0,1,1,0,0,0,0,0,1,1,1,7,0.9777777777777776,0.9777777777777776,accuracy,133,45,42,2
1,1,0,1,0,1,1,1,1,0,0,0,0,7,0.8888888888888888,0.8888888888888888,accuracy,133,45,42,6
1,1,0,1,0,1,1,1,0,1,0,0,0,7,0.9555555555555556,0.9555555555555556,accuracy,133,45,42,3
1,1,0,1,0,1,1,1,0,0,1,0,0,7,0.9333333333333332,0.9333333333333332,accuracy,133,45,42,4
1,1,0,1,0,1,1,1,0,0,0,1,0,7,0.9333333333333332,0.9333333333333332,accuracy,133,45,42,4
1,1,0,1,0,1,1,1,0,0,0,0,1,7,0.9333333333333332,0.9333333333333332,accuracy,133,45,42,4
1,1,0,1,0,1,1,0,1,1,0,0,0,7,0.9777777777777776,0.9777777777777776,accuracy,133,45,42,2
1,1,0,1,0,1,1,0,1,0,1,0,0,7,0.9555555555555556,0.9555555555555556,accuracy,133,45,42,3
1,1,0,1,0,1,1,0,1,0,0,1,0,7,0.9111111111111112,0.9111111111111112,accuracy,133,45,42,5
1,1,0,1,0,1,1,0,1,0,0,0,1,7,0.9333333333333332,0.9333333333333332,accuracy,133,45,42,4
1,1,0,1,0,1,1,0,0,1,1,0,0,7,0.9555555555555556,0.9555555555555556,accuracy,133,45,42,3
1,1,0,1,0,1,1,0,0,1,0,1,0,7,0.9555555555555556,0.9555555555555556,accuracy,133,45,42,3
1,1,0,1,0,1,1,0,0,1,0,0,1,7,1.0,1.0,accuracy,133,45,42,1
1,1,0,1,0,1,1,0,0,0,1,1,0,7,0.9333333333333332,0.9333333333333332,accuracy,133,45,42,4
1,1,0,1,0,1,1,0,0,0,1,0,1,7,0.9777777777777776,0.9777777777777776,accuracy,133,45,42,2
1,1,0,1,0,1,1,0,0,0,0,1,1,7,0.9333333333333332,0.9333333333333332,accuracy,133,45,42,4
1,1,0,1,0,1,0,1,1,1,0,0,0,7,0.8888888888888888,0.8888888888888888,accuracy,133,45,42,6
1,1,0,1,0,1,0,1,1,0,1,0,0,7,0.8888888888888888,0.8888888888888888,accuracy,133,45,42,6
1,1,0,1,0,1,0,1,1,0,0,1,0,7,0.9333333333333332,0.9333333333333332,accuracy,133,45,42,4
1,1,0,1,0,1,0,1,1,0,0,0,1,7,0.9111111111111112,0.9111111111111112,accuracy,133,45,42,5
1,1,0,1,0,1,0,1,0,1,1,0,0,7,0.9111111111111112,0.9111111111111112,accuracy,133,45,42,5
1,1,0,1,0,1,0,1,0,1,0,1,0,7,0.9111111111111112,0.9111111111111112,accuracy,133,45,42,5
1,1,0,1,0,1,0,1,0,1,0,0,1,7,0.9333333333333332,0.9333333333333332,accuracy,133,45,42,4
1,1,0,1,0,1,0,1,0,0,1,1,0,7,0.9333333333333332,0.9333333333333332,accuracy,133,45,42,4
1,1,0,1,0,1,0,1,0,0,1,0,1,7,0.9333333333333332,0.9333333333333332,accuracy,133,45,42,4
1,1,0,1,0,1,0,1,0,0,0,1,1,7,0.9777777777777776,0.9777777777777776,accuracy,133,45,42,2
1,1,0,1,0,1,0,0,1,1,1,0,0,7,0.9111111111111112,0.9111111111111112,accuracy,133,45,42,5
1,1,0,1,0,1,0,0,1,1,0,1,0,7,0.9111111111111112,0.9111111111111112,accuracy,133,45,42,5
1,1,0,1,0,1,0,0,1,1,0,0,1,7,0.9777777777777776,0.9777777777777776,accuracy,133,45,42,2
1,1,0,1,0,1,0,0,1,0,1,1,0,7,0.9333333333333332,0.9333333333333332,accuracy,133,45,42,4
1,1,0,1,0,1,0,0,1,0,1,0,1,7,0.9555555555555556,0.9555555555555556,accuracy,133,45,42,3
1,1,0,1,0,1,0,0,1,0,0,1,1,7,0.9777777777777776,0.9777777777777776,accuracy,133,45,42,2
1,1,0,1,0,1,0,0,0,1,1,1,0,7,0.9333333333333332,0.9333333333333332,accuracy,133,45,42,4
1,1,0,1,0,1,0,0,0,1,1,0,1,7,0.9777777777777776,0.9777777777777776,accuracy,133,45,42,2
1,1,0,1,0,1,0,0,0,1,0,1,1,7,1.0,1.0,accuracy,133,45,42,1
1,1,0,1,0,1,0,0,0,0,1,1,1,7,0.9777777777777776,0.9777777777777776,accuracy,133,45,42,2
1,1,0,1,0,0,1,1,1,1,0,0,0,7,0.9555555555555556,0.9555555555555556,accuracy,133,45,42,3
1,1,0,1,0,0,1,1,1,0,1,0,0,7,0.9555555555555556,0.9555555555555556,accuracy,133,45,42,3
1,1,0,1,0,0,1,1,1,0,0,1,0,7,0.9333333333333332,0.9333333333333332,accuracy,133,45,42,4
1,1,0,1,0,0,1,1,1,0,0,0,1,7,0.9333333333333332,0.9333333333333332,accuracy,133,45,42,4
1,1,0,1,0,0,1,1,0,1,1,0,0,7,0.9333333333333332,0.9333333333333332,accuracy,133,45,42,4
1,1,0,1,0,0,1,1,0,1,0,1,0,7,0.9333333333333332,0.9333333333333332,accuracy,133,45,42,4
1,1,0,1,0,0,1,1,0,1,0,0,1,7,1.0,1.0,accuracy,133,45,42,1
1,1,0,1,0,0,1,1,0,0,1,1,0,7,0.9555555555555556,0.9555555555555556,accuracy,133,45,42,3
1,1,0,1,0,0,1,1,0,0,1,0,1,7,0.9777777777777776,0.9777777777777776,accuracy,133,45,42,2
1,1,0,1,0,0,1,1,0,0,0,1,1,7,0.9555555555555556,0.9555555555555556,accuracy,133,45,42,3
1,1,0,1,0,0,1,0,1,1,1,0,0,7,0.9333333333333332,0.9333333333333332,accuracy,133,45,42,4
1,1,0,1,0,0,1,0,1,1,0,1,0,7,0.9333333333333332,0.9333333333333332,accuracy,133,45,42,4
1,1,0,1,0,0,1,0,1,1,0,0,1,7,1.0,1.0,accuracy,133,45,42,1
1,1,0,1,0,0,1,0,1,0,1,1,0,7,0.9555555555555556,0.9555555555555556,accuracy,133,45,42,3
1,1,0,1,0,0,1,0,1,0,1,0,1,7,0.9777777777777776,0.9777777777777776,accuracy,133,45,42,2
1,1,0,1,0,0,1,0,1,0,0,1,1,7,0.9555555555555556,0.9555555555555556,accuracy,133,45,42,3
1,1,0,1,0,0,1,0,0,1,1,1,0,7,0.9333333333333332,0.9333333333333332,accuracy,133,45,42,4
1,1,0,1,0,0,1,0,0,1,1,0,1,7,1.0,1.0,accuracy,133,45,42,1
1,1,0,1,0,0,1,0,0,1,0,1,1,7,1.0,1.0,accuracy,133,45,42,1
1,1,0,1,0,0,1,0,0,0,1,1,1,7,0.9777777777777776,0.9777777777777776,accuracy,133,45,42,2
1,1,0,1,0,0,0,1,1,1,1,0,0,7,0.9111111111111112,0.9111111111111112,accuracy,133,45,42,5
1,1,0,1,0,0,0,1,1,1,0,1,0,7,0.8666666666666667,0.8666666666666667,accuracy,133,45,42,7
1,1,0,1,0,0,0,1,1,1,0,0,1,7,0.9333333333333332,0.9333333333333332,accuracy,133,45,42,4
1,1,0,1,0,0,0,1,1,0,1,1,0,7,0.9111111111111112,0.9111111111111112,accuracy,133,45,42,5
1,1,0,1,0,0,0,1,1,0,1,0,1,7,0.9555555555555556,0.9555555555555556,accuracy,133,45,42,3
1,1,0,1,0,0,0,1,1,0,0,1,1,7,0.9555555555555556,0.9555555555555556,accuracy,133,45,42,3
1,1,0,1,0,0,0,1,0,1,1,1,0,7,0.9333333333333332,0.9333333333333332,accuracy,133,45,42,4
1,1,0,1,0,0,0,1,0,1,1,0,1,7,0.9777777777777776,0.9777777777777776,accuracy,133,45,42,2
1,1,0,1,0,0,0,1,0,1,0,1,1,7,0.9777777777777776,0.9777777777777776,accuracy,133,45,42,2
1,1,0,1,0,0,0,1,0,0,1,1,1,7,0.9777777777777776,0.9777777777777776,accuracy,133,45,42,2
1,1,0,1,0,0,0,0,1,1,1,1,0,7,0.9111111111111112,0.9111111111111112,accuracy,133,45,42,5
1,1,0,1,0,0,0,0,1,1,1,0,1,7,1.0,1.0,accuracy,133,45,42,1
1,1,0,1,0,0,0,0,1,1,0,1,1,7,1.0,1.0,accuracy,133,45,42,1
1,1,0,1,0,0,0,0,1,0,1,1,1,7,0.9777777777777776,0.9777777777777776,accuracy,133,45,42,2
1,1,0,1,0,0,0,0,0,1,1,1,1,7,1.0,1.0,accuracy,133,45,42,1
1,1,0,0,1,1,1,1,1,0,0,0,0,7,0.9333333333333332,0.9333333333333332,accuracy,133,45,42,4
1,1,0,0,1,1,1,1,0,1,0,0,0,7,0.9555555555555556,0.9555555555555556,accuracy,133,45,42,3
1,1,0,0,1,1,1,1,0,0,1,0,0,7,0.9555555555555556,0.9555555555555556,accuracy,133,45,42,3
1,1,0,0,1,1,1,1,0,0,0,1,0,7,0.9777777777777776,0.9777777777777776,accuracy,133,45,42,2
1,1,0,0,1,1,1,1,0,0,0,0,1,7,0.9555555555555556,0.9555555555555556,accuracy,133,45,42,3
1,1,0,0,1,1,1,0,1,1,0,0,0,7,0.9555555555555556,0.9555555555555556,accuracy,133,45,42,3
1,1,0,0,1,1,1,0,1,0,1,0,0,7,0.9555555555555556,0.9555555555555556,accuracy,133,45,42,3
1,1,0,0,1,1,1,0,1,0,0,1,0,7,0.9333333333333332,0.9333333333333332,accuracy,133,45,42,4
1,1,0,0,1,1,1,0,1,0,0,0,1,7,0.9555555555555556,0.9555555555555556,accuracy,133,45,42,3
1,1,0,0,1,1,1,0,0,1,1,0,0,7,0.9333333333333332,0.9333333333333332,accuracy,133,45,42,4
1,1,0,0,1,1,1,0,0,1,0,1,0,7,0.9555555555555556,0.9555555555555556,accuracy,133,45,42,3
1,1,0,0,1,1,1,0,0,1,0,0,1,7,1.0,1.0,accuracy,133,45,42,1
1,1,0,0,1,1,1,0,0,0,1,1,0,7,0.9555555555555556,0.9555555555555556,accuracy,133,45,42,3
1,1,0,0,1,1,1,0,0,0,1,0,1,7,0.9777777777777776,0.9777777777777776,accuracy,133,45,42,2
1,1,0,0,1,1,1,0,0,0,0,1,1,7,1.0,1.0,accuracy,133,45,42,1
1,1,0,0,1,1,0,1,1,1,0,0,0,7,0.9111111111111112,0.9111111111111112,accuracy,133,45,42,5
1,1,0,0,1,1,0,1,1,0,1,0,0,7,0.8666666666666667,0.8666666666666667,accuracy,133,45,42,7
1,1,0,0,1,1,0,1,1,0,0,1,0,7,0.9333333333333332,0.9333333333333332,accuracy,133,45,42,4
1,1,0,0,1,1,0,1,1,0,0,0,1,7,0.9333333333333332,0.9333333333333332,accuracy,133,45,42,4
1,1,0,0,1,1,0,1,0,1,1,0,0,7,0.8888888888888888,0.8888888888888888,accuracy,133,45,42,6
1,1,0,0,1,1,0,1,0,1,0,1,0,7,0.9333333333333332,0.9333333333333332,accuracy,133,45,42,4
1,1,0,0,1,1,0,1,0,1,0,0,1,7,0.9555555555555556,0.9555555555555556,accuracy,133,45,42,3
1,1,0,0,1,1,0,1,0,0,1,1,0,7,0.9333333333333332,0.9333333333333332,accuracy,133,45,42,4
1,1,0,0,1,1,0,1,0,0,1,0,1,7,0.9333333333333332,0.9333333333333332,accuracy,133,45,42,4
1,1,0,0,1,1,0,1,0,0,0,1,1,7,0.9777777777777776,0.9777777777777776,accuracy,133,45,42,2
1,1,0,0,1,1,0,0,1,1,1,0,0,7,0.9333333333333332,0.9333333333333332,accuracy,133,45,42,4
1,1,0,0,1,1,0,0,1,1,0,1,0,7,0.9333333333333332,0.9333333333333332,accuracy,133,45,42,4
1,1,0,0,1,1,0,0,1,1,0,0,1,7,0.9777777777777776,0.9777777777777776,accuracy,133,45,42,2
1,1,0,0,1,1,0,0,1,0,1,1,0,7,0.9555555555555556,0.9555555555555556,accuracy,133,45,42,3
1,1,0,0,1,1,0,0,1,0,1,0,1,7,0.9555555555555556,0.9555555555555556,accuracy,133,45,42,3
1,1,0,0,1,1,0,0,1,0,0,1,1,7,0.9555555555555556,0.9555555555555556,accuracy,133,45,42,3
1,1,0,0,1,1,0,0,0,1,1,1,0,7,0.9555555555555556,0.9555555555555556,accuracy,133,45,42,3
1,1,0,0,1,1,0,0,0,1,1,0,1,7,0.9777777777777776,0.9777777777777776,accuracy,133,45,42,2
1,1,0,0,1,1,0,0,0,1,0,1,1,7,1.0,1.0,accuracy,133,45,42,1
1,1,0,0,1,1,0,0,0,0,1,1,1,7,0.9777777777777776,0.9777777777777776,accuracy,133,45,42,2
1,1,0,0,1,0,1,1,1,1,0,0,0,7,0.9333333333333332,0.9333333333333332,accuracy,133,45,42,4
1,1,0,0,1,0,1,1,1,0,1,0,0,7,0.9555555555555556,0.9555555555555556,accuracy,133,45,42,3
1,1,0,0,1,0,1,1,1,0,0,1,0,7,0.9555555555555556,0.9555555555555556,accuracy,133,45,42,3
1,1,0,0,1,0,1,1,1,0,0,0,1,7,0.9555555555555556,0.9555555555555556,accuracy,133,45,42,3
1,1,0,0,1,0,1,1,0,1,1,0,0,7,0.9333333333333332,0.9333333333333332,accuracy,133,45,42,4
1,1,0,0,1,0,1,1,0,1,0,1,0,7,0.9555555555555556,0.9555555555555556,accuracy,133,45,42,3
1,1,0,0,1,0,1,1,0,1,0,0,1,7,1.0,1.0,accuracy,133,45,42,1
1,1,0,0,1,0,1,1,0,0,1,1,0,7,0.9555555555555556,0.9555555555555556,accuracy,133,45,42,3
1,1,0,0,1,0,1,1,0,0,1,0,1,7,0.9777777777777776,0.9777777777777776,accuracy,133,45,42,2
1,1,0,0,1,0,1,1,0,0,0,1,1,7,0.9555555555555556,0.9555555555555556,accuracy,133,45,42,3
1,1,0,0,1,0,1,0,1,1,1,0,0,7,0.9333333333333332,0.9333333333333332,accuracy,133,45,42,4
1,1,0,0,1,0,1,0,1,1,0,1,0,7,0.9555555555555556,0.9555555555555556,accuracy,133,45,42,3
1,1,0,0,1,0,1,0,1,1,0,0,1,7,1.0,1.0,accuracy,133,45,42,1
1,1,0,0,1,0,1,0,1,0,1,1,0,7,0.9555555555555556,0.9555555555555556,accuracy,133,45,42,3
1,1,0,0,1,0,1,0,1,0,1,0,1,7,0.9777777777777776,0.9777777777777776,accuracy,133,45,42,2
1,1,0,0,1,0,1,0,1,0,0,1,1,7,0.9555555555555556,0.9555555555555556,accuracy,133,45,42,3
1,1,0,0,1,0,1,0,0,1,1,1,0,7,0.9555555555555556,0.9555555555555556,accuracy,133,45,42,3
1,1,0,0,1,0,1,0,0,1,1,0,1,7,1.0,1.0,accuracy,133,45,42,1
1,1,0,0,1,0,1,0,0,1,0,1,1,7,1.0,1.0,accuracy,133,45,42,1
1,1,0,0,1,0,1,0,0,0,1,1,1,7,0.9777777777777776,0.9777777777777776,accuracy,133,45,42,2
1,1,0,0,1,0,0,1,1,1,1,0,0,7,0.9333333333333332,0.9333333333333332,accuracy,133,45,42,4
1,1,0,0,1,0,0,1,1,1,0,1,0,7,0.9111111111111112,0.9111111111111112,accuracy,133,45,42,5
1,1,0,0,1,0,0,1,1,1,0,0,1,7,0.9333333333333332,0.9333333333333332,accuracy,133,45,42,4
1,1,0,0,1,0,0,1,1,0,1,1,0,7,0.9555555555555556,0.9555555555555556,accuracy,133,45,42,3
1,1,0,0,1,0,0,1,1,0,1,0,1,7,0.9333333333333332,0.9333333333333332,accuracy,133,45,42,4
1,1,0,0,1,0,0,1,1,0,0,1,1,7,0.9777777777777776,0.9777777777777776,accuracy,133,45,42,2
1,1,0,0,1,0,0,1,0,1,1,1,0,7,0.9333333333333332,0.9333333333333332,accuracy,133,45,42,4
1,1,0,0,1,0,0,1,0,1,1,0,1,7,0.9777777777777776,0.9777777777777776,accuracy,133,45,42,2
1,1,0,0,1,0,0,1,0,1,0,1,1,7,0.9777777777777776,0.9777777777777776,accuracy,133,45,42,2
1,1,0,0,1,0,0,1,0,0,1,1,1,7,0.9777777777777776,0.9777777777777776,accuracy,133,45,42,2
1,1,0,0,1,0,0,0,1,1,1,1,0,7,0.9333333333333332,0.9333333333333332,accuracy,133,45,42,4
1,1,0,0,1,0,0,0,1,1,1,0,1,7,1.0,1.0,accuracy,133,45,42,1
1,1,0,0,1,0,0,0,1,1,0,1,1,7,1.0,1.0,accuracy,133,45,42,1
1,1,0,0,1,0,0,0,1,0,1,1,1,7,0.9777777777777776,0.9777777777777776,accuracy,133,45,42,2
1,1,0,0,1,0,0,0,0,1,1,1,1,7,1.0,1.0,accuracy,133,45,42,1
1,1,0,0,0,1,1,1,1,1,0,0,0,7,0.9333333333333332,0.9333333333333332,accuracy,133,45,42,4
1,1,0,0,0,1,1,1,1,0,1,0,0,7,0.9333333333333332,0.9333333333333332,accuracy,133,45,42,4
1,1,0,0,0,1,1,1,1,0,0,1,0,7,0.9111111111111112,0.9111111111111112,accuracy,133,45,42,5
1,1,0,0,0,1,1,1,1,0,0,0,1,7,0.9555555555555556,0.9555555555555556,accuracy,133,45,42,3
1,1,0,0,0,1,1,1,0,1,1,0,0,7,0.9333333333333332,0.9333333333333332,accuracy,133,45,42,4
1,1,0,0,0,1,1,1,0,1,0,1,0,7,0.9111111111111112,0.9111111111111112,accuracy,133,45,42,5
1,1,0,0,0,1,1,1,0,1,0,0,1,7,1.0,1.0,accuracy,133,45,42,1
1,1,0,0,0,1,1,1,0,0,1,1,0,7,0.9333333333333332,0.9333333333333332,accuracy,133,45,42,4
1,1,0,0,0,1,1,1,0,0,1,0,1,7,0.9777777777777776,0.9777777777777776,accuracy,133,45,42,2
1,1,0,0,0,1,1,1,0,0,0,1,1,7,0.9777777777777776,0.9777777777777776,accuracy,133,45,42,2
1,1,0,0,0,1,1,0,1,1,1,0,0,7,0.9333333333333332,0.9333333333333332,accuracy,133,45,42,4
1,1,0,0,0,1,1,0,1,1,0,1,0,7,0.9333333333333332,0.9333333333333332,accuracy,133,45,42,4
1,1,0,0,0,1,1,0,1,1,0,0,1,7,1.0,1.0,accuracy,133,45,42,1
1,1,0,0,0,1,1,0,1,0,1,1,0,7,0.9333333333333332,0.9333333333333332,accuracy,133,45,42,4
1,1,0,0,0,1,1,0,1,0,1,0,1,7,0.9777777777777776,0.9777777777777776,accuracy,133,45,42,2
1,1,0,0,0,1,1,0,1,0,0,1,1,7,0.9777777777777776,0.9777777777777776,accuracy,133,45,42,2
1,1,0,0,0,1,1,0,0,1,1,1,0,7,0.9111111111111112,0.9111111111111112,accuracy,133,45,42,5
1,1,0,0,0,1,1,0,0,1,1,0,1,7,1.0,1.0,accuracy,133,45,42,1
1,1,0,0,0,1,1,0,0,1,0,1,1,7,1.0,1.0,accuracy,133,45,42,1
1,1,0,0,0,1,1,0,0,0,1,1,1,7,0.9777777777777776,0.9777777777777776,accuracy,133,45,42,2
1,1,0,0,0,1,0,1,1,1,1,0,0,7,0.9333333333333332,0.9333333333333332,accuracy,133,45,42,4
1,1,0,0,0,1,0,1,1,1,0,1,0,7,0.8888888888888888,0.8888888888888888,accuracy,133,45,42,6
1,1,0,0,0,1,0,1,1,1,0,0,1,7,0.9777777777777776,0.9777777777777776,accuracy,133,45,42,2
1,1,0,0,0,1,0,1,1,0,1,1,0,7,0.9333333333333332,0.9333333333333332,accuracy,133,45,42,4
1,1,0,0,0,1,0,1,1,0,1,0,1,7,0.9555555555555556,0.9555555555555556,accuracy,133,45,42,3
1,1,0,0,0,1,0,1,1,0,0,1,1,7,0.9555555555555556,0.9555555555555556,accuracy,133,45,42,3
1,1,0,0,0,1,0,1,0,1,1,1,0,7,0.9111111111111112,0.9111111111111112,accuracy,133,45,42,5
1,1,0,0,0,1,0,1,0,1,1,0,1,7,0.9777777777777776,0.9777777777777776,accuracy,133,45,42,2
1,1,0,0,0,1,0,1,0,1,0,1,1,7,1.0,1.0,accuracy,133,45,42,1
1,1,0,0,0,1,0,1,0,0,1,1,1,7,0.9777777777777776,0.9777777777777776,accuracy,133,45,42,2
1,1,0,0,0,1,0,0,1,1,1,1,0,7,0.9111111111111112,0.9111111111111112,accuracy,133,45,42,5
1,1,0,0,0,1,0,0,1,1,1,0,1,7,1.0,1.0,accuracy,133,45,42,1
1,1,0,0,0,1,0,0,1,1,0,1,1,7,1.0,1.0,accuracy,133,45,42,1
1,1,0,0,0,1,0,0,1,0,1,1,1,7,0.9777777777777776,0.9777777777777776,accuracy,133,45,42,2
1,1,0,0,0,1,0,0,0,1,1,1,1,7,1.0,1.0,accuracy,133,45,42,1
1,1,0,0,0,0,1,1,1,1,1,0,0,7,0.9333333333333332,0.9333333333333332,accuracy,133,45,42,4
1,1,0,0,0,0,1,1,1,1,0,1,0,7,0.9333333333333332,0.9333333333333332,accuracy,133,45,42,4
1,1,0,0,0,0,1,1,1,1,0,0,1,7,1.0,1.0,accuracy,133,45,42,1
1,1,0,0,0,0,1,1,1,0,1,1,0,7,0.9333333333333332,0.9333333333333332,accuracy,133,45,42,4
1,1,0,0,0,0,1,1,1,0,1,0,1,7,0.9777777777777776,0.9777777777777776,accuracy,133,45,42,2
1,1,0,0,0,0,1,1,1,0,0,1,1,7,0.9333333333333332,0.9333333333333332,accuracy,133,45,42,4
1,1,0,0,0,0,1,1,0,1,1,1,0,7,0.9111111111111112,0.9111111111111112,accuracy,133,45,42,5
1,1,0,0,0,0,1,1,0,1,1,0,1,7,1.0,1.0,accuracy,133,45,42,1
1,1,0,0,0,0,1,1,0,1,0,1,1,7,1.0,1.0,accuracy,133,45,42,1
1,1,0,0,0,0,1,1,0,0,1,1,1,7,0.9777777777777776,0.9777777777777776,accuracy,133,45,42,2
1,1,0,0,0,0,1,0,1,1,1,1,0,7,0.9333333333333332,0.9333333333333332,accuracy,133,45,42,4
1,1,0,0,0,0,1,0,1,1,1,0,1,7,1.0,1.0,accuracy,133,45,42,1
1,1,0,0,0,0,1,0,1,1,0,1,1,7,1.0,1.0,accuracy,133,45,42,1
1,1,0,0,0,0,1,0,1,0,1,1,1,7,0.9777777777777776,0.9777777777777776,accuracy,133,45,42,2
1,1,0,0,0,0,1,0,0,1,1,1,1,7,1.0,1.0,accuracy,133,45,42,1
1,1,0,0,0,0,0,1,1,1,1,1,0,7,0.9111111111111112,0.9111111111111112,accuracy,133,45,42,5
1,1,0,0,0,0,0,1,1,1,1,0,1,7,1.0,1.0,accuracy,133,45,42,1
1,1,0,0,0,0,0,1,1,1,0,1,1,7,1.0,1.0,accuracy,133,45,42,1
1,1,0,0,0,0,0,1,1,0,1,1,1,7,0.9777777777777776,0.9777777777777776,accuracy,133,45,42,2
1,1,0,0,0,0,0,1,0,1,1,1,1,7,1.0,1.0,accuracy,133,45,42,1
1,1,0,0,0,0,0,0,1,1,1,1,1,7,1.0,1.0,accuracy,133,45,42,1
1,0,1,1,1,1,1,1,0,0,0,0,0,7,0.9777777777777776,0.9777777777777776,accuracy,133,45,42,2
1,0,1,1,1,1,1,0,1,0,0,0,0,7,0.9777777777777776,0.9777777777777776,accuracy,133,45,42,2
1,0,1,1,1,1,1,0,0,1,0,0,0,7,0.9777777777777776,0.9777777777777776,accuracy,133,45,42,2
1,0,1,1,1,1,1,0,0,0,1,0,0,7,0.9555555555555556,0.9555555555555556,accuracy,133,45,42,3
1,0,1,1,1,1,1,0,0,0,0,1,0,7,1.0,1.0,accuracy,133,45,42,1
1,0,1,1,1,1,1,0,0,0,0,0,1,7,1.0,1.0,accuracy,133,45,42,1
1,0,1,1,1,1,0,1,1,0,0,0,0,7,0.9111111111111112,0.9111111111111112,accuracy,133,45,42,5
1,0,1,1,1,1,0,1,0,1,0,0,0,7,0.9111111111111112,0.9111111111111112,accuracy,133,45,42,5
1,0,1,1,1,1,0,1,0,0,1,0,0,7,0.9111111111111112,0.9111111111111112,accuracy,133,45,42,5
1,0,1,1,1,1,0,1,0,0,0,1,0,7,0.9777777777777776,0.9777777777777776,accuracy,133,45,42,2
1,0,1,1,1,1,0,1,0,0,0,0,1,7,0.9333333333333332,0.9333333333333332,accuracy,133,45,42,4
1,0,1,1,1,1,0,0,1,1,0,0,0,7,0.9333333333333332,0.9333333333333332,accuracy,133,45,42,4
1,0,1,1,1,1,0,0,1,0,1,0,0,7,0.9111111111111112,0.9111111111111112,accuracy,133,45,42,5
1,0,1,1,1,1,0,0,1,0,0,1,0,7,0.9555555555555556,0.9555555555555556,accuracy,133,45,42,3
1,0,1,1,1,1,0,0,1,0,0,0,1,7,0.9333333333333332,0.9333333333333332,accuracy,133,45,42,4
1,0,1,1,1,1,0,0,0,1,1,0,0,7,0.9333333333333332,0.9333333333333332,accuracy,133,45,42,4
1,0,1,1,1,1,0,0,0,1,0,1,0,7,0.9333333333333332,0.9333333333333332,accuracy,133,45,42,4
1,0,1,1,1,1,0,0,0,1,0,0,1,7,0.9555555555555556,0.9555555555555556,accuracy,133,45,42,3
1,0,1,1,1,1,0,0,0,0,1,1,0,7,0.9555555555555556,0.9555555555555556,accuracy,133,45,42,3
1,0,1,1,1,1,0,0,0,0,1,0,1,7,0.9111111111111112,0.9111111111111112,accuracy,133,45,42,5
1,0,1,1,1,1,0,0,0,0,0,1,1,7,0.9777777777777776,0.9777777777777776,accuracy,133,45,42,2
1,0,1,1,1,0,1,1,1,0,0,0,0,7,1.0,1.0,accuracy,133,45,42,1
1,0,1,1,1,0,1,1,0,1,0,0,0,7,0.9777777777777776,0.9777777777777776,accuracy,133,45,42,2
1,0,1,1,1,0,1,1,0,0,1,0,0,7,0.9777777777777776,0.9777777777777776,accuracy,133,45,42,2
1,0,1,1,1,0,1,1,0,0,0,1,0,7,1.0,1.0,accuracy,133,45,42,1
1,0,1,1,1,0,1,1,0,0,0,0,1,7,0.9777777777777776,0.9777777777777776,accuracy,133,45,42,2
1,0,1,1,1,0,1,0,1,1,0,0,0,7,0.9777777777777776,0.9777777777777776,accuracy,133,45,42,2
1,0,1,1,1,0,1,0,1,0,1,0,0,7,0.9777777777777776,0.9777777777777776,accuracy,133,45,42,2
1,0,1,1,1,0,1,0,1,0,0,1,0,7,1.0,1.0,accuracy,133,45,42,1
1,0,1,1,1,0,1,0,1,0,0,0,1,7,0.9777777777777776,0.9777777777777776,accuracy,133,45,42,2
1,0,1,1,1,0,1,0,0,1,1,0,0,7,0.9777777777777776,0.9777777777777776,accuracy,133,45,42,2
1,0,1,1,1,0,1,0,0,1,0,1,0,7,0.9777777777777776,0.9777777777777776,accuracy,133,45,42,2
1,0,1,1,1,0,1,0,0,1,0,0,1,7,1.0,1.0,accuracy,133,45,42,1
1,0,1,1,1,0,1,0,0,0,1,1,0,7,0.9777777777777776,0.9777777777777776,accuracy,133,45,42,2
1,0,1,1,1,0,1,0,0,0,1,0,1,7,0.9777777777777776,0.9777777777777776,accuracy,133,45,42,2
1,0,1,1,1,0,1,0,0,0,0,1,1,7,1.0,1.0,accuracy,133,45,42,1
1,0,1,1,1,0,0,1,1,1,0,0,0,7,0.8888888888888888,0.8888888888888888,accuracy,133,45,42,6
1,0,1,1,1,0,0,1,1,0,1,0,0,7,0.9111111111111112,0.9111111111111112,accuracy,133,45,42,5
1,0,1,1,1,0,0,1,1,0,0,1,0,7,0.9555555555555556,0.9555555555555556,accuracy,133,45,42,3
1,0,1,1,1,0,0,1,1,0,0,0,1,7,0.9111111111111112,0.9111111111111112,accuracy,133,45,42,5
1,0,1,1,1,0,0,1,0,1,1,0,0,7,0.9111111111111112,0.9111111111111112,accuracy,133,45,42,5
1,0,1,1,1,0,0,1,0,1,0,1,0,7,0.9555555555555556,0.9555555555555556,accuracy,133,45,42,3
1,0,1,1,1,0,0,1,0,1,0,0,1,7,0.9555555555555556,0.9555555555555556,accuracy,133,45,42,3
1,0,1,1,1,0,0,1,0,0,1,1,0,7,0.9555555555555556,0.9555555555555556,accuracy,133,45,42,3
1,0,1,1,1,0,0,1,0,0,1,0,1,7,0.9555555555555556,0.9555555555555556,accuracy,133,45,42,3
1,0,1,1,1,0,0,1,0,0,0,1,1,7,0.9777777777777776,0.9777777777777776,accuracy,133,45,42,2
1,0,1,1,1,0,0,0,1,1,1,0,0,7,0.9555555555555556,0.9555555555555556,accuracy,133,45,42,3
1,0,1,1,1,0,0,0,1,1,0,1,0,7,0.9555555555555556,0.9555555555555556,accuracy,133,45,42,3
1,0,1,1,1,0,0,0,1,1,0,0,1,7,1.0,1.0,accuracy,133,45,42,1
1,0,1,1,1,0,0,0,1,0,1,1,0,7,0.9555555555555556,0.9555555555555556,accuracy,133,45,42,3
1,0,1,1,1,0,0,0,1,0,1,0,1,7,0.9555555555555556,0.9555555555555556,accuracy,133,45,42,3
1,0,1,1,1,0,0,0,1,0,0,1,1,7,0.9777777777777776,0.9777777777777776,accuracy,133,45,42,2
1,0,1,1,1,0,0,0,0,1,1,1,0,7,0.9777777777777776,0.9777777777777776,accuracy,133,45,42,2
1,0,1,1,1,0,0,0,0,1,1,0,1,7,0.9777777777777776,0.9777777777777776,accuracy,133,45,42,2
1,0,1,1,1,0,0,0,0,1,0,1,1,7,1.0,1.0,accuracy,133,45,42,1
1,0,1,1,1,0,0,0,0,0,1,1,1,7,0.9555555555555556,0.9555555555555556,accuracy,133,45,42,3
1,0,1,1,0,1,1,1,1,0,0,0,0,7,0.9555555555555556,0.9555555555555556,accuracy,133,45,42,3
1,0,1,1,0,1,1,1,0,1,0,0,0,7,0.9777777777777776,0.9777777777777776,accuracy,133,45,42,2
1,0,1,1,0,1,1,1,0,0,1,0,0,7,0.9555555555555556,0.9555555555555556,accuracy,133,45,42,3
1,0,1,1,0,1,1,1,0,0,0,1,0,7,0.9777777777777776,0.9777777777777776,accuracy,133,45,42,2
1,0,1,1,0,1,1,1,0,0,0,0,1,7,1.0,1.0,accuracy,133,45,42,1
1,0,1,1,0,1,1,0,1,1,0,0,0,7,0.9777777777777776,0.9777777777777776,accuracy,133,45,42,2
1,0,1,1,0,1,1,0,1,0,1,0,0,7,0.9555555555555556,0.9555555555555556,accuracy,133,45,42,3
1,0,1,1,0,1,1,0,1,0,0,1,0,7,0.9555555555555556,0.9555555555555556,accuracy,133,45,42,3
1,0,1,1,0,1,1,0,1,0,0,0,1,7,0.9777777777777776,0.9777777777777776,accuracy,133,45,42,2
1,0,1,1,0,1,1,0,0,1,1,0,0,7,0.9777777777777776,0.9777777777777776,accuracy,133,45,42,2
1,0,1,1,0,1,1,0,0,1,0,1,0,7,0.9777777777777776,0.9777777777777776,accuracy,133,45,42,2
1,0,1,1,0,1,1,0,0,1,0,0,1,7,1.0,1.0,accuracy,133,45,42,1
1,0,1,1,0,1,1,0,0,0,1,1,0,7,0.9555555555555556,0.9555555555555556,accuracy,133,45,42,3
1,0,1,1,0,1,1,0,0,0,1,0,1,7,0.9777777777777776,0.9777777777777776,accuracy,133,45,42,2
1,0,1,1,0,1,1,0,0,0,0,1,1,7,1.0,1.0,accuracy,133,45,42,1
1,0,1,1,0,1,0,1,1,1,0,0,0,7,0.9333333333333332,0.9333333333333332,accuracy,133,45,42,4
1,0,1,1,0,1,0,1,1,0,1,0,0,7,0.8444444444444444,0.8444444444444444,accuracy,133,45,42,8
1,0,1,1,0,1,0,1,1,0,0,1,0,7,0.9555555555555556,0.9555555555555556,accuracy,133,45,42,3
1,0,1,1,0,1,0,1,1,0,0,0,1,7,0.9555555555555556,0.9555555555555556,accuracy,133,45,42,3
1,0,1,1,0,1,0,1,0,1,1,0,0,7,0.9333333333333332,0.9333333333333332,accuracy,133,45,42,4
1,0,1,1,0,1,0,1,0,1,0,1,0,7,0.9333333333333332,0.9333333333333332,accuracy,133,45,42,4
1,0,1,1,0,1,0,1,0,1,0,0,1,7,0.9777777777777776,0.9777777777777776,accuracy,133,45,42,2
1,0,1,1,0,1,0,1,0,0,1,1,0,7,0.9333333333333332,0.9333333333333332,accuracy,133,45,42,4
1,0,1,1,0,1,0,1,0,0,1,0,1,7,0.9111111111111112,0.9111111111111112,accuracy,133,45,42,5
1,0,1,1,0,1,0,1,0,0,0,1,1,7,1.0,1.0,accuracy,133,45,42,1
1,0,1,1,0,1,0,0,1,1,1,0,0,7,0.9555555555555556,0.9555555555555556,accuracy,133,45,42,3
1,0,1,1,0,1,0,0,1,1,0,1,0,7,0.9777777777777776,0.9777777777777776,accuracy,133,45,42,2
1,0,1,1,0,1,0,0,1,1,0,0,1,7,0.9777777777777776,0.9777777777777776,accuracy,133,45,42,2
1,0,1,1,0,1,0,0,1,0,1,1,0,7,0.9555555555555556,0.9555555555555556,accuracy,133,45,42,3
1,0,1,1,0,1,0,0,1,0,1,0,1,7,0.9333333333333332,0.9333333333333332,accuracy,133,45,42,4
1,0,1,1,0,1,0,0,1,0,0,1,1,7,0.9333333333333332,0.9333333333333332,accuracy,133,45,42,4
1,0,1,1,0,1,0,0,0,1,1,1,0,7,0.9777777777777776,0.9777777777777776,accuracy,133,45,42,2
1,0,1,1,0,1,0,0,0,1,1,0,1,7,0.9777777777777776,0.9777777777777776,accuracy,133,45,42,2
1,0,1,1,0,1,0,0,0,1,0,1,1,7,1.0,1.0,accuracy,133,45,42,1
1,0,1,1,0,1,0,0,0,0,1,1,1,7,0.9555555555555556,0.9555555555555556,accuracy,133,45,42,3
1,0,1,1,0,0,1,1,1,1,0,0,0,7,0.9777777777777776,0.9777777777777776,accuracy,133,45,42,2
1,0,1,1,0,0,1,1,1,0,1,0,0,7,0.9555555555555556,0.9555555555555556,accuracy,133,45,42,3
1,0,1,1,0,0,1,1,1,0,0,1,0,7,0.9777777777777776,0.9777777777777776,accuracy,133,45,42,2
1,0,1,1,0,0,1,1,1,0,0,0,1,7,1.0,1.0,accuracy,133,45,42,1
1,0,1,1,0,0,1,1,0,1,1,0,0,7,0.9777777777777776,0.9777777777777776,accuracy,133,45,42,2
1,0,1,1,0,0,1,1,0,1,0,1,0,7,0.9777777777777776,0.9777777777777776,accuracy,133,45,42,2
1,0,1,1,0,0,1,1,0,1,0,0,1,7,0.9777777777777776,0.9777777777777776,accuracy,133,45,42,2
1,0,1,1,0,0,1,1,0,0,1,1,0,7,0.9555555555555556,0.9555555555555556,accuracy,133,45,42,3
1,0,1,1,0,0,1,1,0,0,1,0,1,7,0.9777777777777776,0.9777777777777776,accuracy,133,45,42,2
1,0,1,1,0,0,1,1,0,0,0,1,1,7,1.0,1.0,accuracy,133,45,42,1
1,0,1,1,0,0,1,0,1,1,1,0,0,7,0.9777777777777776,0.9777777777777776,accuracy,133,45,42,2
1,0,1,1,0,0,1,0,1,1,0,1,0,7,0.9777777777777776,0.9777777777777776,accuracy,133,45,42,2
1,0,1,1,0,0,1,0,1,1,0,0,1,7,0.9777777777777776,0.9777777777777776,accuracy,133,45,42,2
1,0,1,1,0,0,1,0,1,0,1,1,0,7,0.9555555555555556,0.9555555555555556,accuracy,133,45,42,3
1,0,1,1,0,0,1,0,1,0,1,0,1,7,0.9777777777777776,0.9777777777777776,accuracy,133,45,42,2
1,0,1,1,0,0,1,0,1,0,0,1,1,7,1.0,1.0,accuracy,133,45,42,1
1,0,1,1,0,0,1,0,0,1,1,1,0,7,0.9777777777777776,0.9777777777777776,accuracy,133,45,42,2
1,0,1,1,0,0,1,0,0,1,1,0,1,7,1.0,1.0,accuracy,133,45,42,1
1,0,1,1,0,0,1,0,0,1,0,1,1,7,0.9777777777777776,0.9777777777777776,accuracy,133,45,42,2
1,0,1,1,0,0,1,0,0,0,1,1,1,7,0.9777777777777776,0.9777777777777776,accuracy,133,45,42,2
1,0,1,1,0,0,0,1,1,1,1,0,0,7,0.9333333333333332,0.9333333333333332,accuracy,133,45,42,4
1,0,1,1,0,0,0,1,1,1,0,1,0,7,0.9333333333333332,0.9333333333333332,accuracy,133,45,42,4
1,0,1,1,0,0,0,1,1,1,0,0,1,7,1.0,1.0,accuracy,133,45,42,1
1,0,1,1,0,0,0,1,1,0,1,1,0,7,0.9555555555555556,0.9555555555555556,accuracy,133,45,42,3
1,0,1,1,0,0,0,1,1,0,1,0,1,7,0.9555555555555556,0.9555555555555556,accuracy,133,45,42,3
1,0,1,1,0,0,0,1,1,0,0,1,1,7,0.9777777777777776,0.9777777777777776,accuracy,133,45,42,2
1,0,1,1,0,0,0,1,0,1,1,1,0,7,0.9555555555555556,0.9555555555555556,accuracy,133,45,42,3
1,0,1,1,0,0,0,1,0,1,1,0,1,7,0.9777777777777776,0.9777777777777776,accuracy,133,45,42,2
1,0,1,1,0,0,0,1,0,1,0,1,1,7,1.0,1.0,accuracy,133,45,42,1
1,0,1,1,0,0,0,1,0,0,1,1,1,7,0.9555555555555556,0.9555555555555556,accuracy,133,45,42,3
1,0,1,1,0,0,0,0,1,1,1,1,0,7,0.9555555555555556,0.9555555555555556,accuracy,133,45,42,3
1,0,1,1,0,0,0,0,1,1,1,0,1,7,1.0,1.0,accuracy,133,45,42,1
1,0,1,1,0,0,0,0,1,1,0,1,1,7,1.0,1.0,accuracy,133,45,42,1
1,0,1,1,0,0,0,0,1,0,1,1,1,7,0.9777777777777776,0.9777777777777776,accuracy,133,45,42,2
1,0,1,1,0,0,0,0,0,1,1,1,1,7,1.0,1.0,accuracy,133,45,42,1
1,0,1,0,1,1,1,1,1,0,0,0,0,7,0.9777777777777776,0.9777777777777776,accuracy,133,45,42,2
1,0,1,0,1,1,1,1,0,1,0,0,0,7,0.9777777777777776,0.9777777777777776,accuracy,133,45,42,2
1,0,1,0,1,1,1,1,0,0,1,0,0,7,0.9555555555555556,0.9555555555555556,accuracy,133,45,42,3
1,0,1,0,1,1,1,1,0,0,0,1,0,7,0.9777777777777776,0.9777777777777776,accuracy,133,45,42,2
1,0,1,0,1,1,1,1,0,0,0,0,1,7,0.9777777777777776,0.9777777777777776,accuracy,133,45,42,2
1,0,1,0,1,1,1,0,1,1,0,0,0,7,0.9777777777777776,0.9777777777777776,accuracy,133,45,42,2
1,0,1,0,1,1,1,0,1,0,1,0,0,7,0.9777777777777776,0.9777777777777776,accuracy,133,45,42,2
1,0,1,0,1,1,1,0,1,0,0,1,0,7,1.0,1.0,accuracy,133,45,42,1
1,0,1,0,1,1,1,0,1,0,0,0,1,7,0.9777777777777776,0.9777777777777776,accuracy,133,45,42,2
1,0,1,0,1,1,1,0,0,1,1,0,0,7,0.9777777777777776,0.9777777777777776,accuracy,133,45,42,2
1,0,1,0,1,1,1,0,0,1,0,1,0,7,0.9777777777777776,0.9777777777777776,accuracy,133,45,42,2
1,0,1,0,1,1,1,0,0,1,0,0,1,7,1.0,1.0,accuracy,133,45,42,1
1,0,1,0,1,1,1,0,0,0,1,1,0,7,0.9555555555555556,0.9555555555555556,accuracy,133,45,42,3
1,0,1,0,1,1,1,0,0,0,1,0,1,7,0.9777777777777776,0.9777777777777776,accuracy,133,45,42,2
1,0,1,0,1,1,1,0,0,0,0,1,1,7,1.0,1.0,accuracy,133,45,42,1
1,0,1,0,1,1,0,1,1,1,0,0,0,7,0.9555555555555556,0.9555555555555556,accuracy,133,45,42,3
1,0,1,0,1,1,0,1,1,0,1,0,0,7,0.8666666666666667,0.8666666666666667,accuracy,133,45,42,7
1,0,1,0,1,1,0,1,1,0,0,1,0,7,0.9555555555555556,0.9555555555555556,accuracy,133,45,42,3
1,0,1,0,1,1,0,1,1,0,0,0,1,7,0.8888888888888888,0.8888888888888888,accuracy,133,45,42,6
1,0,1,0,1,1,0,1,0,1,1,0,0,7,0.9333333333333332,0.9333333333333332,accuracy,133,45,42,4
1,0,1,0,1,1,0,1,0,1,0,1,0,7,0.9333333333333332,0.9333333333333332,accuracy,133,45,42,4
1,0,1,0,1,1,0,1,0,1,0,0,1,7,0.9555555555555556,0.9555555555555556,accuracy,133,45,42,3
1,0,1,0,1,1,0,1,0,0,1,1,0,7,0.9555555555555556,0.9555555555555556,accuracy,133,45,42,3
1,0,1,0,1,1,0,1,0,0,1,0,1,7,0.9111111111111112,0.9111111111111112,accuracy,133,45,42,5
1,0,1,0,1,1,0,1,0,0,0,1,1,7,0.9777777777777776,0.9777777777777776,accuracy,133,45,42,2
1,0,1,0,1,1,0,0,1,1,1,0,0,7,0.9555555555555556,0.9555555555555556,accuracy,133,45,42,3
1,0,1,0,1,1,0,0,1,1,0,1,0,7,0.9555555555555556,0.9555555555555556,accuracy,133,45,42,3
1,0,1,0,1,1,0,0,1,1,0,0,1,7,0.9777777777777776,0.9777777777777776,accuracy,133,45,42,2
1,0,1,0,1,1,0,0,1,0,1,1,0,7,0.9555555555555556,0.9555555555555556,accuracy,133,45,42,3
1,0,1,0,1,1,0,0,1,0,1,0,1,7,0.9333333333333332,0.9333333333333332,accuracy,133,45,42,4
1,0,1,0,1,1,0,0,1,0,0,1,1,7,0.9555555555555556,0.9555555555555556,accuracy,133,45,42,3
1,0,1,0,1,1,0,0,0,1,1,1,0,7,0.9777777777777776,0.9777777777777776,accuracy,133,45,42,2
1,0,1,0,1,1,0,0,0,1,1,0,1,7,0.9777777777777776,0.9777777777777776,accuracy,133,45,42,2
1,0,1,0,1,1,0,0,0,1,0,1,1,7,1.0,1.0,accuracy,133,45,42,1
1,0,1,0,1,1,0,0,0,0,1,1,1,7,0.9555555555555556,0.9555555555555556,accuracy,133,45,42,3
1,0,1,0,1,0,1,1,1,1,0,0,0,7,0.9777777777777776,0.9777777777777776,accuracy,133,45,42,2
1,0,1,0,1,0,1,1,1,0,1,0,0,7,0.9777777777777776,0.9777777777777776,accuracy,133,45,42,2
1,0,1,0,1,0,1,1,1,0,0,1,0,7,1.0,1.0,accuracy,133,45,42,1
1,0,1,0,1,0,1,1,1,0,0,0,1,7,0.9777777777777776,0.9777777777777776,accuracy,133,45,42,2
1,0,1,0,1,0,1,1,0,1,1,0,0,7,0.9777777777777776,0.9777777777777776,accuracy,133,45,42,2
1,0,1,0,1,0,1,1,0,1,0,1,0,7,0.9777777777777776,0.9777777777777776,accuracy,133,45,42,2
1,0,1,0,1,0,1,1,0,1,0,0,1,7,1.0,1.0,accuracy,133,45,42,1
1,0,1,0,1,0,1,1,0,0,1,1,0,7,0.9777777777777776,0.9777777777777776,accuracy,133,45,42,2
1,0,1,0,1,0,1,1,0,0,1,0,1,7,0.9777777777777776,0.9777777777777776,accuracy,133,45,42,2
1,0,1,0,1,0,1,1,0,0,0,1,1,7,0.9777777777777776,0.9777777777777776,accuracy,133,45,42,2
1,0,1,0,1,0,1,0,1,1,1,0,0,7,0.9777777777777776,0.9777777777777776,accuracy,133,45,42,2
1,0,1,0,1,0,1,0,1,1,0,1,0,7,0.9777777777777776,0.9777777777777776,accuracy,133,45,42,2
1,0,1,0,1,0,1,0,1,1,0,0,1,7,1.0,1.0,accuracy,133,45,42,1
1,0,1,0,1,0,1,0,1,0,1,1,0,7,0.9777777777777776,0.9777777777777776,accuracy,133,45,42,2
1,0,1,0,1,0,1,0,1,0,1,0,1,7,0.9777777777777776,0.9777777777777776,accuracy,133,45,42,2
1,0,1,0,1,0,1,0,1,0,0,1,1,7,1.0,1.0,accuracy,133,45,42,1
1,0,1,0,1,0,1,0,0,1,1,1,0,7,0.9777777777777776,0.9777777777777776,accuracy,133,45,42,2
1,0,1,0,1,0,1,0,0,1,1,0,1,7,1.0,1.0,accuracy,133,45,42,1
1,0,1,0,1,0,1,0,0,1,0,1,1,7,1.0,1.0,accuracy,133,45,42,1
1,0,1,0,1,0,1,0,0,0,1,1,1,7,0.9777777777777776,0.9777777777777776,accuracy,133,45,42,2
1,0,1,0,1,0,0,1,1,1,1,0,0,7,0.9333333333333332,0.9333333333333332,accuracy,133,45,42,4
1,0,1,0,1,0,0,1,1,1,0,1,0,7,0.9333333333333332,0.9333333333333332,accuracy,133,45,42,4
1,0,1,0,1,0,0,1,1,1,0,0,1,7,1.0,1.0,accuracy,133,45,42,1
1,0,1,0,1,0,0,1,1,0,1,1,0,7,0.9555555555555556,0.9555555555555556,accuracy,133,45,42,3
1,0,1,0,1,0,0,1,1,0,1,0,1,7,0.9555555555555556,0.9555555555555556,accuracy,133,45,42,3
1,0,1,0,1,0,0,1,1,0,0,1,1,7,0.9555555555555556,0.9555555555555556,accuracy,133,45,42,3
1,0,1,0,1,0,0,1,0,1,1,1,0,7,0.9777777777777776,0.9777777777777776,accuracy,133,45,42,2
1,0,1,0,1,0,0,1,0,1,1,0,1,7,0.9777777777777776,0.9777777777777776,accuracy,133,45,42,2
1,0,1,0,1,0,0,1,0,1,0,1,1,7,1.0,1.0,accuracy,133,45,42,1
1,0,1,0,1,0,0,1,0,0,1,1,1,7,0.9555555555555556,0.9555555555555556,accuracy,133,45,42,3
1,0,1,0,1,0,0,0,1,1,1,1,0,7,0.9777777777777776,0.9777777777777776,accuracy,133,45,42,2
1,0,1,0,1,0,0,0,1,1,1,0,1,7,1.0,1.0,accuracy,133,45,42,1
1,0,1,0,1,0,0,0,1,1,0,1,1,7,1.0,1.0,accuracy,133,45,42,1
1,0,1,0,1,0,0,0,1,0,1,1,1,7,0.9777777777777776,0.9777777777777776,accuracy,133,45,42,2
1,0,1,0,1,0,0,0,0,1,1,1,1,7,1.0,1.0,accuracy,133,45,42,1
1,0,1,0,0,1,1,1,1,1,0,0,0,7,0.9777777777777776,0.9777777777777776,accuracy,133,45,42,2
1,0,1,0,0,1,1,1,1,0,1,0,0,7,0.9555555555555556,0.9555555555555556,accuracy,133,45,42,3
1,0,1,0,0,1,1,1,1,0,0,1,0,7,0.9555555555555556,0.9555555555555556,accuracy,133,45,42,3
1,0,1,0,0,1,1,1,1,0,0,0,1,7,0.9777777777777776,0.9777777777777776,accuracy,133,45,42,2
1,0,1,0,0,1,1,1,0,1,1,0,0,7,0.9555555555555556,0.9555555555555556,accuracy,133,45,42,3
1,0,1,0,0,1,1,1,0,1,0,1,0,7,0.9555555555555556,0.9555555555555556,accuracy,133,45,42,3
1,0,1,0,0,1,1,1,0,1,0,0,1,7,0.9777777777777776,0.9777777777777776,accuracy,133,45,42,2
1,0,1,0,0,1,1,1,0,0,1,1,0,7,0.9555555555555556,0.9555555555555556,accuracy,133,45,42,3
1,0,1,0,0,1,1,1,0,0,1,0,1,7,0.9777777777777776,0.9777777777777776,accuracy,133,45,42,2
1,0,1,0,0,1,1,1,0,0,0,1,1,7,1.0,1.0,accuracy,133,45,42,1
1,0,1,0,0,1,1,0,1,1,1,0,0,7,0.9555555555555556,0.9555555555555556,accuracy,133,45,42,3
1,0,1,0,0,1,1,0,1,1,0,1,0,7,0.9555555555555556,0.9555555555555556,accuracy,133,45,42,3
1,0,1,0,0,1,1,0,1,1,0,0,1,7,1.0,1.0,accuracy,133,45,42,1
1,0,1,0,0,1,1,0,1,0,1,1,0,7,0.9555555555555556,0.9555555555555556,accuracy,133,45,42,3
1,0,1,0,0,1,1,0,1,0,1,0,1,7,0.9777777777777776,0.9777777777777776,accuracy,133,45,42,2
1,0,1,0,0,1,1,0,1,0,0,1,1,7,0.9777777777777776,0.9777777777777776,accuracy,133,45,42,2
1,0,1,0,0,1,1,0,0,1,1,1,0,7,0.9555555555555556,0.9555555555555556,accuracy,133,45,42,3
1,0,1,0,0,1,1,0,0,1,1,0,1,7,1.0,1.0,accuracy,133,45,42,1
1,0,1,0,0,1,1,0,0,1,0,1,1,7,1.0,1.0,accuracy,133,45,42,1
1,0,1,0,0,1,1,0,0,0,1,1,1,7,0.9777777777777776,0.9777777777777776,accuracy,133,45,42,2
1,0,1,0,0,1,0,1,1,1,1,0,0,7,0.9555555555555556,0.9555555555555556,accuracy,133,45,42,3
1,0,1,0,0,1,0,1,1,1,0,1,0,7,0.9333333333333332,0.9333333333333332,accuracy,133,45,42,4
1,0,1,0,0,1,0,1,1,1,0,0,1,7,1.0,1.0,accuracy,133,45,42,1
1,0,1,0,0,1,0,1,1,0,1,1,0,7,0.9555555555555556,0.9555555555555556,accuracy,133,45,42,3
1,0,1,0,0,1,0,1,1,0,1,0,1,7,0.9333333333333332,0.9333333333333332,accuracy,133,45,42,4
1,0,1,0,0,1,0,1,1,0,0,1,1,7,0.9777777777777776,0.9777777777777776,accuracy,133,45,42,2
1,0,1,0,0,1,0,1,0,1,1,1,0,7,0.9333333333333332,0.9333333333333332,accuracy,133,45,42,4
1,0,1,0,0,1,0,1,0,1,1,0,1,7,0.9777777777777776,0.9777777777777776,accuracy,133,45,42,2
1,0,1,0,0,1,0,1,0,1,0,1,1,7,1.0,1.0,accuracy,133,45,42,1
1,0,1,0,0,1,0,1,0,0,1,1,1,7,0.9555555555555556,0.9555555555555556,accuracy,133,45,42,3
1,0,1,0,0,1,0,0,1,1,1,1,0,7,0.9333333333333332,0.9333333333333332,accuracy,133,45,42,4
1,0,1,0,0,1,0,0,1,1,1,0,1,7,1.0,1.0,accuracy,133,45,42,1
1,0,1,0,0,1,0,0,1,1,0,1,1,7,1.0,1.0,accuracy,133,45,42,1
1,0,1,0,0,1,0,0,1,0,1,1,1,7,0.9555555555555556,0.9555555555555556,accuracy,133,45,42,3
1,0,1,0,0,1,0,0,0,1,1,1,1,7,1.0,1.0,accuracy,133,45,42,1
1,0,1,0,0,0,1,1,1,1,1,0,0,7,0.9555555555555556,0.9555555555555556,accuracy,133,45,42,3
1,0,1,0,0,0,1,1,1,1,0,1,0,7,0.9555555555555556,0.9555555555555556,accuracy,133,45,42,3
1,0,1,0,0,0,1,1,1,1,0,0,1,7,0.9777777777777776,0.9777777777777776,accuracy,133,45,42,2
1,0,1,0,0,0,1,1,1,0,1,1,0,7,0.9555555555555556,0.9555555555555556,accuracy,133,45,42,3
1,0,1,0,0,0,1,1,1,0,1,0,1,7,0.9777777777777776,0.9777777777777776,accuracy,133,45,42,2
1,0,1,0,0,0,1,1,1,0,0,1,1,7,1.0,1.0,accuracy,133,45,42,1
1,0,1,0,0,0,1,1,0,1,1,1,0,7,0.9555555555555556,0.9555555555555556,accuracy,133,45,42,3
1,0,1,0,0,0,1,1,0,1,1,0,1,7,1.0,1.0,accuracy,133,45,42,1
1,0,1,0,0,0,1,1,0,1,0,1,1,7,0.9777777777777776,0.9777777777777776,accuracy,133,45,42,2
1,0,1,0,0,0,1,1,0,0,1,1,1,7,0.9777777777777776,0.9777777777777776,accuracy,133,45,42,2
1,0,1,0,0,0,1,0,1,1,1,1,0,7,0.9555555555555556,0.9555555555555556,accuracy,133,45,42,3
1,0,1,0,0,0,1,0,1,1,1,0,1,7,1.0,1.0,accuracy,133,45,42,1
1,0,1,0,0,0,1,0,1,1,0,1,1,7,1.0,1.0,accuracy,133,45,42,1
1,0,1,0,0,0,1,0,1,0,1,1,1,7,0.9777777777777776,0.9777777777777776,accuracy,133,45,42,2
1,0,1,0,0,0,1,0,0,1,1,1,1,7,1.0,1.0,accuracy,133,45,42,1
1,0,1,0,0,0,0,1,1,1,1,1,0,7,0.9555555555555556,0.9555555555555556,accuracy,133,45,42,3
1,0,1,0,0,0,0,1,1,1,1,0,1,7,1.0,1.0,accuracy,133,45,42,1
1,0,1,0,0,0,0,1,1,1,0,1,1,7,1.0,1.0,accuracy,133,45,42,1
1,0,1,0,0,0,0,1,1,0,1,1,1,7,0.9777777777777776,0.9777777777777776,accuracy,133,45,42,2
1,0,1,0,0,0,0,1,0,1,1,1,1,7,1.0,1.0,accuracy,133,45,42,1
1,0,1,0,0,0,0,0,1,1,1,1,1,7,1.0,1.0,accuracy,133,45,42,1
1,0,0,1,1,1,1,1,1,0,0,0,0,7,0.9777777777777776,0.9777777777777776,accuracy,133,45,42,2
1,0,0,1,1,1,1,1,0,1,0,0,0,7,0.9777777777777776,0.9777777777777776,accuracy,133,45,42,2
1,0,0,1,1,1,1,1,0,0,1,0,0,7,0.9555555555555556,0.9555555555555556,accuracy,133,45,42,3
1,0,0,1,1,1,1,1,0,0,0,1,0,7,0.9777777777777776,0.9777777777777776,accuracy,133,45,42,2
1,0,0,1,1,1,1,1,0,0,0,0,1,7,1.0,1.0,accuracy,133,45,42,1
1,0,0,1,1,1,1,0,1,1,0,0,0,7,0.9777777777777776,0.9777777777777776,accuracy,133,45,42,2
1,0,0,1,1,1,1,0,1,0,1,0,0,7,0.9777777777777776,0.9777777777777776,accuracy,133,45,42,2
1,0,0,1,1,1,1,0,1,0,0,1,0,7,1.0,1.0,accuracy,133,45,42,1
1,0,0,1,1,1,1,0,1,0,0,0,1,7,0.9777777777777776,0.9777777777777776,accuracy,133,45,42,2
1,0,0,1,1,1,1,0,0,1,1,0,0,7,0.9777777777777776,0.9777777777777776,accuracy,133,45,42,2
1,0,0,1,1,1,1,0,0,1,0,1,0,7,0.9777777777777776,0.9777777777777776,accuracy,133,45,42,2
1,0,0,1,1,1,1,0,0,1,0,0,1,7,1.0,1.0,accuracy,133,45,42,1
1,0,0,1,1,1,1,0,0,0,1,1,0,7,0.9777777777777776,0.9777777777777776,accuracy,133,45,42,2
1,0,0,1,1,1,1,0,0,0,1,0,1,7,0.9777777777777776,0.9777777777777776,accuracy,133,45,42,2
1,0,0,1,1,1,1,0,0,0,0,1,1,7,1.0,1.0,accuracy,133,45,42,1
1,0,0,1,1,1,0,1,1,1,0,0,0,7,0.9111111111111112,0.9111111111111112,accuracy,133,45,42,5
1,0,0,1,1,1,0,1,1,0,1,0,0,7,0.9333333333333332,0.9333333333333332,accuracy,133,45,42,4
1,0,0,1,1,1,0,1,1,0,0,1,0,7,0.9555555555555556,0.9555555555555556,accuracy,133,45,42,3
1,0,0,1,1,1,0,1,1,0,0,0,1,7,0.9333333333333332,0.9333333333333332,accuracy,133,45,42,4
1,0,0,1,1,1,0,1,0,1,1,0,0,7,0.9333333333333332,0.9333333333333332,accuracy,133,45,42,4
1,0,0,1,1,1,0,1,0,1,0,1,0,7,0.9333333333333332,0.9333333333333332,accuracy,133,45,42,4
1,0,0,1,1,1,0,1,0,1,0,0,1,7,0.9777777777777776,0.9777777777777776,accuracy,133,45,42,2
1,0,0,1,1,1,0,1,0,0,1,1,0,7,0.9555555555555556,0.9555555555555556,accuracy,133,45,42,3
1,0,0,1,1,1,0,1,0,0,1,0,1,7,0.8888888888888888,0.8888888888888888,accuracy,133,45,42,6
1,0,0,1,1,1,0,1,0,0,0,1,1,7,0.9777777777777776,0.9777777777777776,accuracy,133,45,42,2
1,0,0,1,1,1,0,0,1,1,1,0,0,7,0.9333333333333332,0.9333333333333332,accuracy,133,45,42,4
1,0,0,1,1,1,0,0,1,1,0,1,0,7,0.9555555555555556,0.9555555555555556,accuracy,133,45,42,3
1,0,0,1,1,1,0,0,1,1,0,0,1,7,0.9777777777777776,0.9777777777777776,accuracy,133,45,42,2
1,0,0,1,1,1,0,0,1,0,1,1,0,7,0.9555555555555556,0.9555555555555556,accuracy,133,45,42,3
1,0,0,1,1,1,0,0,1,0,1,0,1,7,0.9333333333333332,0.9333333333333332,accuracy,133,45,42,4
1,0,0,1,1,1,0,0,1,0,0,1,1,7,0.9555555555555556,0.9555555555555556,accuracy,133,45,42,3
1,0,0,1,1,1,0,0,0,1,1,1,0,7,0.9777777777777776,0.9777777777777776,accuracy,133,45,42,2
1,0,0,1,1,1,0,0,0,1,1,0,1,7,0.9777777777777776,0.9777777777777776,accuracy,133,45,42,2
1,0,0,1,1,1,0,0,0,1,0,1,1,7,1.0,1.0,accuracy,133,45,42,1
1,0,0,1,1,1,0,0,0,0,1,1,1,7,0.9777777777777776,0.9777777777777776,accuracy,133,45,42,2
1,0,0,1,1,0,1,1,1,1,0,0,0,7,0.9777777777777776,0.9777777777777776,accuracy,133,45,42,2
1,0,0,1,1,0,1,1,1,0,1,0,0,7,0.9777777777777776,0.9777777777777776,accuracy,133,45,42,2
1,0,0,1,1,0,1,1,1,0,0,1,0,7,1.0,1.0,accuracy,133,45,42,1
1,0,0,1,1,0,1,1,1,0,0,0,1,7,0.9777777777777776,0.9777777777777776,accuracy,133,45,42,2
1,0,0,1,1,0,1,1,0,1,1,0,0,7,0.9777777777777776,0.9777777777777776,accuracy,133,45,42,2
1,0,0,1,1,0,1,1,0,1,0,1,0,7,0.9777777777777776,0.9777777777777776,accuracy,133,45,42,2
1,0,0,1,1,0,1,1,0,1,0,0,1,7,1.0,1.0,accuracy,133,45,42,1
1,0,0,1,1,0,1,1,0,0,1,1,0,7,0.9777777777777776,0.9777777777777776,accuracy,133,45,42,2
1,0,0,1,1,0,1,1,0,0,1,0,1,7,0.9777777777777776,0.9777777777777776,accuracy,133,45,42,2
1,0,0,1,1,0,1,1,0,0,0,1,1,7,1.0,1.0,accuracy,133,45,42,1
1,0,0,1,1,0,1,0,1,1,1,0,0,7,0.9777777777777776,0.9777777777777776,accuracy,133,45,42,2
1,0,0,1,1,0,1,0,1,1,0,1,0,7,0.9777777777777776,0.9777777777777776,accuracy,133,45,42,2
1,0,0,1,1,0,1,0,1,1,0,0,1,7,1.0,1.0,accuracy,133,45,42,1
1,0,0,1,1,0,1,0,1,0,1,1,0,7,0.9777777777777776,0.9777777777777776,accuracy,133,45,42,2
1,0,0,1,1,0,1,0,1,0,1,0,1,7,0.9777777777777776,0.9777777777777776,accuracy,133,45,42,2
1,0,0,1,1,0,1,0,1,0,0,1,1,7,1.0,1.0,accuracy,133,45,42,1
1,0,0,1,1,0,1,0,0,1,1,1,0,7,0.9777777777777776,0.9777777777777776,accuracy,133,45,42,2
1,0,0,1,1,0,1,0,0,1,1,0,1,7,1.0,1.0,accuracy,133,45,42,1
1,0,0,1,1,0,1,0,0,1,0,1,1,7,1.0,1.0,accuracy,133,45,42,1
1,0,0,1,1,0,1,0,0,0,1,1,1,7,0.9777777777777776,0.9777777777777776,accuracy,133,45,42,2
1,0,0,1,1,0,0,1,1,1,1,0,0,7,0.9111111111111112,0.9111111111111112,accuracy,133,45,42,5
1,0,0,1,1,0,0,1,1,1,0,1,0,7,0.9555555555555556,0.9555555555555556,accuracy,133,45,42,3
1,0,0,1,1,0,0,1,1,1,0,0,1,7,1.0,1.0,accuracy,133,45,42,1
1,0,0,1,1,0,0,1,1,0,1,1,0,7,0.9555555555555556,0.9555555555555556,accuracy,133,45,42,3
1,0,0,1,1,0,0,1,1,0,1,0,1,7,0.9555555555555556,0.9555555555555556,accuracy,133,45,42,3
1,0,0,1,1,0,0,1,1,0,0,1,1,7,0.9777777777777776,0.9777777777777776,accuracy,133,45,42,2
1,0,0,1,1,0,0,1,0,1,1,1,0,7,0.9777777777777776,0.9777777777777776,accuracy,133,45,42,2
1,0,0,1,1,0,0,1,0,1,1,0,1,7,0.9777777777777776,0.9777777777777776,accuracy,133,45,42,2
1,0,0,1,1,0,0,1,0,1,0,1,1,7,1.0,1.0,accuracy,133,45,42,1
1,0,0,1,1,0,0,1,0,0,1,1,1,7,0.9555555555555556,0.9555555555555556,accuracy,133,45,42,3
1,0,0,1,1,0,0,0,1,1,1,1,0,7,0.9777777777777776,0.9777777777777776,accuracy,133,45,42,2
1,0,0,1,1,0,0,0,1,1,1,0,1,7,1.0,1.0,accuracy,133,45,42,1
1,0,0,1,1,0,0,0,1,1,0,1,1,7,1.0,1.0,accuracy,133,45,42,1
1,0,0,1,1,0,0,0,1,0,1,1,1,7,0.9555555555555556,0.9555555555555556,accuracy,133,45,42,3
1,0,0,1,1,0,0,0,0,1,1,1,1,7,1.0,1.0,accuracy,133,45,42,1
1,0,0,1,0,1,1,1,1,1,0,0,0,7,0.9777777777777776,0.9777777777777776,accuracy,133,45,42,2
1,0,0,1,0,1,1,1,1,0,1,0,0,7,0.9555555555555556,0.9555555555555556,accuracy,133,45,42,3
1,0,0,1,0,1,1,1,1,0,0,1,0,7,0.9555555555555556,0.9555555555555556,accuracy,133,45,42,3
1,0,0,1,0,1,1,1,1,0,0,0,1,7,0.9777777777777776,0.9777777777777776,accuracy,133,45,42,2
1,0,0,1,0,1,1,1,0,1,1,0,0,7,0.9777777777777776,0.9777777777777776,accuracy,133,45,42,2
1,0,0,1,0,1,1,1,0,1,0,1,0,7,0.9777777777777776,0.9777777777777776,accuracy,133,45,42,2
1,0,0,1,0,1,1,1,0,1,0,0,1,7,0.9777777777777776,0.9777777777777776,accuracy,133,45,42,2
1,0,0,1,0,1,1,1,0,0,1,1,0,7,0.9333333333333332,0.9333333333333332,accuracy,133,45,42,4
1,0,0,1,0,1,1,1,0,0,1,0,1,7,0.9777777777777776,0.9777777777777776,accuracy,133,45,42,2
1,0,0,1,0,1,1,1,0,0,0,1,1,7,1.0,1.0,accuracy,133,45,42,1
1,0,0,1,0,1,1,0,1,1,1,0,0,7,0.9777777777777776,0.9777777777777776,accuracy,133,45,42,2
1,0,0,1,0,1,1,0,1,1,0,1,0,7,0.9777777777777776,0.9777777777777776,accuracy,133,45,42,2
1,0,0,1,0,1,1,0,1,1,0,0,1,7,0.9777777777777776,0.9777777777777776,accuracy,133,45,42,2
1,0,0,1,0,1,1,0,1,0,1,1,0,7,0.9555555555555556,0.9555555555555556,accuracy,133,45,42,3
1,0,0,1,0,1,1,0,1,0,1,0,1,7,0.9777777777777776,0.9777777777777776,accuracy,133,45,42,2
1,0,0,1,0,1,1,0,1,0,0,1,1,7,1.0,1.0,accuracy,133,45,42,1
1,0,0,1,0,1,1,0,0,1,1,1,0,7,0.9777777777777776,0.9777777777777776,accuracy,133,45,42,2
1,0,0,1,0,1,1,0,0,1,1,0,1,7,1.0,1.0,accuracy,133,45,42,1
1,0,0,1,0,1,1,0,0,1,0,1,1,7,0.9777777777777776,0.9777777777777776,accuracy,133,45,42,2
1,0,0,1,0,1,1,0,0,0,1,1,1,7,0.9777777777777776,0.9777777777777776,accuracy,133,45,42,2
1,0,0,1,0,1,0,1,1,1,1,0,0,7,0.9111111111111112,0.9111111111111112,accuracy,133,45,42,5
1,0,0,1,0,1,0,1,1,1,0,1,0,7,0.9777777777777776,0.9777777777777776,accuracy,133,45,42,2
1,0,0,1,0,1,0,1,1,1,0,0,1,7,1.0,1.0,accuracy,133,45,42,1
1,0,0,1,0,1,0,1,1,0,1,1,0,7,0.9333333333333332,0.9333333333333332,accuracy,133,45,42,4
1,0,0,1,0,1,0,1,1,0,1,0,1,7,0.9555555555555556,0.9555555555555556,accuracy,133,45,42,3
1,0,0,1,0,1,0,1,1,0,0,1,1,7,0.9777777777777776,0.9777777777777776,accuracy,133,45,42,2
1,0,0,1,0,1,0,1,0,1,1,1,0,7,0.9777777777777776,0.9777777777777776,accuracy,133,45,42,2
1,0,0,1,0,1,0,1,0,1,1,0,1,7,0.9777777777777776,0.9777777777777776,accuracy,133,45,42,2
1,0,0,1,0,1,0,1,0,1,0,1,1,7,0.9777777777777776,0.9777777777777776,accuracy,133,45,42,2
1,0,0,1,0,1,0,1,0,0,1,1,1,7,0.9555555555555556,0.9555555555555556,accuracy,133,45,42,3
1,0,0,1,0,1,0,0,1,1,1,1,0,7,0.9777777777777776,0.9777777777777776,accuracy,133,45,42,2
1,0,0,1,0,1,0,0,1,1,1,0,1,7,1.0,1.0,accuracy,133,45,42,1
1,0,0,1,0,1,0,0,1,1,0,1,1,7,1.0,1.0,accuracy,133,45,42,1
1,0,0,1,0,1,0,0,1,0,1,1,1,7,0.9777777777777776,0.9777777777777776,accuracy,133,45,42,2
1,0,0,1,0,1,0,0,0,1,1,1,1,7,1.0,1.0,accuracy,133,45,42,1
1,0,0,1,0,0,1,1,1,1,1,0,0,7,0.9555555555555556,0.9555555555555556,accuracy,133,45,42,3
1,0,0,1,0,0,1,1,1,1,0,1,0,7,0.9777777777777776,0.9777777777777776,accuracy,133,45,42,2
1,0,0,1,0,0,1,1,1,1,0,0,1,7,0.9777777777777776,0.9777777777777776,accuracy,133,45,42,2
1,0,0,1,0,0,1,1,1,0,1,1,0,7,0.9555555555555556,0.9555555555555556,accuracy,133,45,42,3
1,0,0,1,0,0,1,1,1,0,1,0,1,7,0.9777777777777776,0.9777777777777776,accuracy,133,45,42,2
1,0,0,1,0,0,1,1,1,0,0,1,1,7,1.0,1.0,accuracy,133,45,42,1
1,0,0,1,0,0,1,1,0,1,1,1,0,7,0.9777777777777776,0.9777777777777776,accuracy,133,45,42,2
1,0,0,1,0,0,1,1,0,1,1,0,1,7,0.9777777777777776,0.9777777777777776,accuracy,133,45,42,2
1,0,0,1,0,0,1,1,0,1,0,1,1,7,0.9777777777777776,0.9777777777777776,accuracy,133,45,42,2
1,0,0,1,0,0,1,1,0,0,1,1,1,7,0.9777777777777776,0.9777777777777776,accuracy,133,45,42,2
1,0,0,1,0,0,1,0,1,1,1,1,0,7,0.9777777777777776,0.9777777777777776,accuracy,133,45,42,2
1,0,0,1,0,0,1,0,1,1,1,0,1,7,1.0,1.0,accuracy,133,45,42,1
1,0,0,1,0,0,1,0,1,1,0,1,1,7,0.9777777777777776,0.9777777777777776,accuracy,133,45,42,2
1,0,0,1,0,0,1,0,1,0,1,1,1,7,0.9777777777777776,0.9777777777777776,accuracy,133,45,42,2
1,0,0,1,0,0,1,0,0,1,1,1,1,7,1.0,1.0,accuracy,133,45,42,1
1,0,0,1,0,0,0,1,1,1,1,1,0,7,0.9555555555555556,0.9555555555555556,accuracy,133,45,42,3
1,0,0,1,0,0,0,1,1,1,1,0,1,7,1.0,1.0,accuracy,133,45,42,1
1,0,0,1,0,0,0,1,1,1,0,1,1,7,0.9777777777777776,0.9777777777777776,accuracy,133,45,42,2
1,0,0,1,0,0,0,1,1,0,1,1,1,7,0.9777777777777776,0.9777777777777776,accuracy,133,45,42,2
1,0,0,1,0,0,0,1,0,1,1,1,1,7,1.0,1.0,accuracy,133,45,42,1
1,0,0,1,0,0,0,0,1,1,1,1,1,7,1.0,1.0,accuracy,133,45,42,1
1,0,0,0,1,1,1,1,1,1,0,0,0,7,0.9777777777777776,0.9777777777777776,accuracy,133,45,42,2
1,0,0,0,1,1,1,1,1,0,1,0,0,7,0.9555555555555556,0.9555555555555556,accuracy,133,45,42,3
1,0,0,0,1,1,1,1,1,0,0,1,0,7,0.9777777777777776,0.9777777777777776,accuracy,133,45,42,2
1,0,0,0,1,1,1,1,1,0,0,0,1,7,0.9777777777777776,0.9777777777777776,accuracy,133,45,42,2
1,0,0,0,1,1,1,1,0,1,1,0,0,7,0.9777777777777776,0.9777777777777776,accuracy,133,45,42,2
1,0,0,0,1,1,1,1,0,1,0,1,0,7,0.9777777777777776,0.9777777777777776,accuracy,133,45,42,2
1,0,0,0,1,1,1,1,0,1,0,0,1,7,1.0,1.0,accuracy,133,45,42,1
1,0,0,0,1,1,1,1,0,0,1,1,0,7,0.9555555555555556,0.9555555555555556,accuracy,133,45,42,3
1,0,0,0,1,1,1,1,0,0,1,0,1,7,0.9777777777777776,0.9777777777777776,accuracy,133,45,42,2
1,0,0,0,1,1,1,1,0,0,0,1,1,7,0.9777777777777776,0.9777777777777776,accuracy,133,45,42,2
1,0,0,0,1,1,1,0,1,1,1,0,0,7,0.9777777777777776,0.9777777777777776,accuracy,133,45,42,2
1,0,0,0,1,1,1,0,1,1,0,1,0,7,0.9777777777777776,0.9777777777777776,accuracy,133,45,42,2
1,0,0,0,1,1,1,0,1,1,0,0,1,7,1.0,1.0,accuracy,133,45,42,1
1,0,0,0,1,1,1,0,1,0,1,1,0,7,0.9777777777777776,0.9777777777777776,accuracy,133,45,42,2
1,0,0,0,1,1,1,0,1,0,1,0,1,7,0.9777777777777776,0.9777777777777776,accuracy,133,45,42,2
1,0,0,0,1,1,1,0,1,0,0,1,1,7,1.0,1.0,accuracy,133,45,42,1
1,0,0,0,1,1,1,0,0,1,1,1,0,7,0.9777777777777776,0.9777777777777776,accuracy,133,45,42,2
1,0,0,0,1,1,1,0,0,1,1,0,1,7,1.0,1.0,accuracy,133,45,42,1
1,0,0,0,1,1,1,0,0,1,0,1,1,7,1.0,1.0,accuracy,133,45,42,1
1,0,0,0,1,1,1,0,0,0,1,1,1,7,0.9777777777777776,0.9777777777777776,accuracy,133,45,42,2
1,0,0,0,1,1,0,1,1,1,1,0,0,7,0.9333333333333332,0.9333333333333332,accuracy,133,45,42,4
1,0,0,0,1,1,0,1,1,1,0,1,0,7,0.9555555555555556,0.9555555555555556,accuracy,133,45,42,3
1,0,0,0,1,1,0,1,1,1,0,0,1,7,1.0,1.0,accuracy,133,45,42,1
1,0,0,0,1,1,0,1,1,0,1,1,0,7,0.9555555555555556,0.9555555555555556,accuracy,133,45,42,3
1,0,0,0,1,1,0,1,1,0,1,0,1,7,0.9555555555555556,0.9555555555555556,accuracy,133,45,42,3
1,0,0,0,1,1,0,1,1,0,0,1,1,7,0.9555555555555556,0.9555555555555556,accuracy,133,45,42,3
1,0,0,0,1,1,0,1,0,1,1,1,0,7,0.9777777777777776,0.9777777777777776,accuracy,133,45,42,2
1,0,0,0,1,1,0,1,0,1,1,0,1,7,0.9777777777777776,0.9777777777777776,accuracy,133,45,42,2
1,0,0,0,1,1,0,1,0,1,0,1,1,7,1.0,1.0,accuracy,133,45,42,1
1,0,0,0,1,1,0,1,0,0,1,1,1,7,0.9555555555555556,0.9555555555555556,accuracy,133,45,42,3
1,0,0,0,1,1,0,0,1,1,1,1,0,7,0.9777777777777776,0.9777777777777776,accuracy,133,45,42,2
1,0,0,0,1,1,0,0,1,1,1,0,1,7,1.0,1.0,accuracy,133,45,42,1
1,0,0,0,1,1,0,0,1,1,0,1,1,7,1.0,1.0,accuracy,133,45,42,1
1,0,0,0,1,1,0,0,1,0,1,1,1,7,0.9555555555555556,0.9555555555555556,accuracy,133,45,42,3
1,0,0,0,1,1,0,0,0,1,1,1,1,7,1.0,1.0,accuracy,133,45,42,1
1,0,0,0,1,0,1,1,1,1,1,0,0,7,0.9777777777777776,0.9777777777777776,accuracy,133,45,42,2
1,0,0,0,1,0,1,1,1,1,0,1,0,7,0.9777777777777776,0.9777777777777776,accuracy,133,45,42,2
1,0,0,0,1,0,1,1,1,1,0,0,1,7,1.0,1.0,accuracy,133,45,42,1
1,0,0,0,1,0,1,1,1,0,1,1,0,7,0.9777777777777776,0.9777777777777776,accuracy,133,45,42,2
1,0,0,0,1,0,1,1,1,0,1,0,1,7,0.9777777777777776,0.9777777777777776,accuracy,133,45,42,2
1,0,0,0,1,0,1,1,1,0,0,1,1,7,1.0,1.0,accuracy,133,45,42,1
1,0,0,0,1,0,1,1,0,1,1,1,0,7,0.9777777777777776,0.9777777777777776,accuracy,133,45,42,2
1,0,0,0,1,0,1,1,0,1,1,0,1,7,1.0,1.0,accuracy,133,45,42,1
1,0,0,0,1,0,1,1,0,1,0,1,1,7,1.0,1.0,accuracy,133,45,42,1
1,0,0,0,1,0,1,1,0,0,1,1,1,7,0.9777777777777776,0.9777777777777776,accuracy,133,45,42,2
1,0,0,0,1,0,1,0,1,1,1,1,0,7,0.9777777777777776,0.9777777777777776,accuracy,133,45,42,2
1,0,0,0,1,0,1,0,1,1,1,0,1,7,1.0,1.0,accuracy,133,45,42,1
1,0,0,0,1,0,1,0,1,1,0,1,1,7,1.0,1.0,accuracy,133,45,42,1
1,0,0,0,1,0,1,0,1,0,1,1,1,7,0.9777777777777776,0.9777777777777776,accuracy,133,45,42,2
1,0,0,0,1,0,1,0,0,1,1,1,1,7,1.0,1.0,accuracy,133,45,42,1
1,0,0,0,1,0,0,1,1,1,1,1,0,7,0.9777777777777776,0.9777777777777776,accuracy,133,45,42,2
1,0,0,0,1,0,0,1,1,1,1,0,1,7,1.0,1.0,accuracy,133,45,42,1
1,0,0,0,1,0,0,1,1,1,0,1,1,7,0.9777777777777776,0.9777777777777776,accuracy,133,45,42,2
1,0,0,0,1,0,0,1,1,0,1,1,1,7,0.9555555555555556,0.9555555555555556,accuracy,133,45,42,3
1,0,0,0,1,0,0,1,0,1,1,1,1,7,1.0,1.0,accuracy,133,45,42,1
1,0,0,0,1,0,0,0,1,1,1,1,1,7,1.0,1.0,accuracy,133,45,42,1
1,0,0,0,0,1,1,1,1,1,1,0,0,7,0.9777777777777776,0.9777777777777776,accuracy,133,45,42,2
1,0,0,0,0,1,1,1,1,1,0,1,0,7,0.9777777777777776,0.9777777777777776,accuracy,133,45,42,2
1,0,0,0,0,1,1,1,1,1,0,0,1,7,0.9777777777777776,0.9777777777777776,accuracy,133,45,42,2
1,0,0,0,0,1,1,1,1,0,1,1,0,7,0.9555555555555556,0.9555555555555556,accuracy,133,45,42,3
1,0,0,0,0,1,1,1,1,0,1,0,1,7,0.9777777777777776,0.9777777777777776,accuracy,133,45,42,2
1,0,0,0,0,1,1,1,1,0,0,1,1,7,0.9777777777777776,0.9777777777777776,accuracy,133,45,42,2
1,0,0,0,0,1,1,1,0,1,1,1,0,7,0.9777777777777776,0.9777777777777776,accuracy,133,45,42,2
1,0,0,0,0,1,1,1,0,1,1,0,1,7,0.9777777777777776,0.9777777777777776,accuracy,133,45,42,2
1,0,0,0,0,1,1,1,0,1,0,1,1,7,0.9777777777777776,0.9777777777777776,accuracy,133,45,42,2
1,0,0,0,0,1,1,1,0,0,1,1,1,7,0.9777777777777776,0.9777777777777776,accuracy,133,45,42,2
1,0,0,0,0,1,1,0,1,1,1,1,0,7,0.9777777777777776,0.9777777777777776,accuracy,133,45,42,2
1,0,0,0,0,1,1,0,1,1,1,0,1,7,1.0,1.0,accuracy,133,45,42,1
1,0,0,0,0,1,1,0,1,1,0,1,1,7,1.0,1.0,accuracy,133,45,42,1
1,0,0,0,0,1,1,0,1,0,1,1,1,7,0.9777777777777776,0.9777777777777776,accuracy,133,45,42,2
1,0,0,0,0,1,1,0,0,1,1,1,1,7,1.0,1.0,accuracy,133,45,42,1
1,0,0,0,0,1,0,1,1,1,1,1,0,7,0.9777777777777776,0.9777777777777776,accuracy,133,45,42,2
1,0,0,0,0,1,0,1,1,1,1,0,1,7,1.0,1.0,accuracy,133,45,42,1
1,0,0,0,0,1,0,1,1,1,0,1,1,7,1.0,1.0,accuracy,133,45,42,1
1,0,0,0,0,1,0,1,1,0,1,1,1,7,0.9555555555555556,0.9555555555555556,accuracy,133,45,42,3
1,0,0,0,0,1,0,1,0,1,1,1,1,7,1.0,1.0,accuracy,133,45,42,1
1,0,0,0,0,1,0,0,1,1,1,1,1,7,1.0,1.0,accuracy,133,45,42,1
1,0,0,0,0,0,1,1,1,1,1,1,0,7,0.9777777777777776,0.9777777777777776,accuracy,133,45,42,2
1,0,0,0,0,0,1,1,1,1,1,0,1,7,1.0,1.0,accuracy,133,45,42,1
1,0,0,0,0,0,1,1,1,1,0,1,1,7,0.9777777777777776,0.9777777777777776,accuracy,133,45,42,2
1,0,0,0,0,0,1,1,1,0,1,1,1,7,0.9777777777777776,0.9777777777777776,accuracy,133,45,42,2
1,0,0,0,0,0,1,1,0,1,1,1,1,7,0.9777777777777776,0.9777777777777776,accuracy,133,45,42,2
1,0,0,0,0,0,1,0,1,1,1,1,1,7,1.0,1.0,accuracy,133,45,42,1
1,0,0,0,0,0,0,1,1,1,1,1,1,7,1.0,1.0,accuracy,133,45,42,1
0,1,1,1,1,1,1,1,0,0,0,0,0,7,0.9111111111111112,0.9111111111111112,accuracy,133,45,42,5
0,1,1,1,1,1,1,0,1,0,0,0,0,7,0.9111111111111112,0.9111111111111112,accuracy,133,45,42,5
0,1,1,1,1,1,1,0,0,1,0,0,0,7,0.9111111111111112,0.9111111111111112,accuracy,133,45,42,5
0,1,1,1,1,1,1,0,0,0,1,0,0,7,0.9555555555555556,0.9555555555555556,accuracy,133,45,42,3
0,1,1,1,1,1,1,0,0,0,0,1,0,7,0.9333333333333332,0.9333333333333332,accuracy,133,45,42,4
0,1,1,1,1,1,1,0,0,0,0,0,1,7,0.9555555555555556,0.9555555555555556,accuracy,133,45,42,3
0,1,1,1,1,1,0,1,1,0,0,0,0,7,0.8666666666666667,0.8666666666666667,accuracy,133,45,42,7
0,1,1,1,1,1,0,1,0,1,0,0,0,7,0.8666666666666667,0.8666666666666667,accuracy,133,45,42,7
0,1,1,1,1,1,0,1,0,0,1,0,0,7,0.8,0.8,accuracy,133,45,42,10
0,1,1,1,1,1,0,1,0,0,0,1,0,7,0.8666666666666667,0.8666666666666667,accuracy,133,45,42,7
0,1,1,1,1,1,0,1,0,0,0,0,1,7,0.9333333333333332,0.9333333333333332,accuracy,133,45,42,4
0,1,1,1,1,1,0,0,1,1,0,0,0,7,0.8666666666666667,0.8666666666666667,accuracy,133,45,42,7
0,1,1,1,1,1,0,0,1,0,1,0,0,7,0.8666666666666667,0.8666666666666667,accuracy,133,45,42,7
0,1,1,1,1,1,0,0,1,0,0,1,0,7,0.8888888888888888,0.8888888888888888,accuracy,133,45,42,6
0,1,1,1,1,1,0,0,1,0,0,0,1,7,0.8666666666666667,0.8666666666666667,accuracy,133,45,42,7
0,1,1,1,1,1,0,0,0,1,1,0,0,7,0.9111111111111112,0.9111111111111112,accuracy,133,45,42,5
0,1,1,1,1,1,0,0,0,1,0,1,0,7,0.9111111111111112,0.9111111111111112,accuracy,133,45,42,5
0,1,1,1,1,1,0,0,0,1,0,0,1,7,0.9111111111111112,0.9111111111111112,accuracy,133,45,42,5
0,1,1,1,1,1,0,0,0,0,1,1,0,7,0.9111111111111112,0.9111111111111112,accuracy,133,45,42,5
0,1,1,1,1,1,0,0,0,0,1,0,1,7,0.8888888888888888,0.8888888888888888,accuracy,133,45,42,6
0,1,1,1,1,1,0,0,0,0,0,1,1,7,0.9555555555555556,0.9555555555555556,accuracy,133,45,42,3
0,1,1,1,1,0,1,1,1,0,0,0,0,7,0.9111111111111112,0.9111111111111112,accuracy,133,45,42,5
0,1,1,1,1,0,1,1,0,1,0,0,0,7,0.9333333333333332,0.9333333333333332,accuracy,133,45,42,4
0,1,1,1,1,0,1,1,0,0,1,0,0,7,0.9555555555555556,0.9555555555555556,accuracy,133,45,42,3
0,1,1,1,1,0,1,1,0,0,0,1,0,7,0.9333333333333332,0.9333333333333332,accuracy,133,45,42,4
0,1,1,1,1,0,1,1,0,0,0,0,1,7,0.9555555555555556,0.9555555555555556,accuracy,133,45,42,3
0,1,1,1,1,0,1,0,1,1,0,0,0,7,0.9333333333333332,0.9333333333333332,accuracy,133,45,42,4
0,1,1,1,1,0,1,0,1,0,1,0,0,7,0.9555555555555556,0.9555555555555556,accuracy,133,45,42,3
0,1,1,1,1,0,1,0,1,0,0,1,0,7,0.9111111111111112,0.9111111111111112,accuracy,133,45,42,5
0,1,1,1,1,0,1,0,1,0,0,0,1,7,0.9555555555555556,0.9555555555555556,accuracy,133,45,42,3
0,1,1,1,1,0,1,0,0,1,1,0,0,7,0.9555555555555556,0.9555555555555556,accuracy,133,45,42,3
0,1,1,1,1,0,1,0,0,1,0,1,0,7,0.9333333333333332,0.9333333333333332,accuracy,133,45,42,4
0,1,1,1,1,0,1,0,0,1,0,0,1,7,0.9555555555555556,0.9555555555555556,accuracy,133,45,42,3
0,1,1,1,1,0,1,0,0,0,1,1,0,7,0.9333333333333332,0.9333333333333332,accuracy,133,45,42,4
0,1,1,1,1,0,1,0,0,0,1,0,1,7,0.9555555555555556,0.9555555555555556,accuracy,133,45,42,3
0,1,1,1,1,0,1,0,0,0,0,1,1,7,0.9777777777777776,0.9777777777777776,accuracy,133,45,42,2
0,1,1,1,1,0,0,1,1,1,0,0,0,7,0.8888888888888888,0.8888888888888888,accuracy,133,45,42,6
0,1,1,1,1,0,0,1,1,0,1,0,0,7,0.8444444444444444,0.8444444444444444,accuracy,133,45,42,8
0,1,1,1,1,0,0,1,1,0,0,1,0,7,0.8888888888888888,0.8888888888888888,accuracy,133,45,42,6
0,1,1,1,1,0,0,1,1,0,0,0,1,7,0.8666666666666667,0.8666666666666667,accuracy,133,45,42,7
0,1,1,1,1,0,0,1,0,1,1,0,0,7,0.9111111111111112,0.9111111111111112,accuracy,133,45,42,5
0,1,1,1,1,0,0,1,0,1,0,1,0,7,0.8888888888888888,0.8888888888888888,accuracy,133,45,42,6
0,1,1,1,1,0,0,1,0,1,0,0,1,7,0.9111111111111112,0.9111111111111112,accuracy,133,45,42,5
0,1,1,1,1,0,0,1,0,0,1,1,0,7,0.8888888888888888,0.8888888888888888,accuracy,133,45,42,6
0,1,1,1,1,0,0,1,0,0,1,0,1,7,0.9111111111111112,0.9111111111111112,accuracy,133,45,42,5
0,1,1,1,1,0,0,1,0,0,0,1,1,7,0.9333333333333332,0.9333333333333332,accuracy,133,45,42,4
0,1,1,1,1,0,0,0,1,1,1,0,0,7,0.9333333333333332,0.9333333333333332,accuracy,133,45,42,4
0,1,1,1,1,0,0,0,1,1,0,1,0,7,0.8888888888888888,0.8888888888888888,accuracy,133,45,42,6
0,1,1,1,1,0,0,0,1,1,0,0,1,7,0.9111111111111112,0.9111111111111112,accuracy,133,45,42,5
0,1,1,1,1,0,0,0,1,0,1,1,0,7,0.8666666666666667,0.8666666666666667,accuracy,133,45,42,7
0,1,1,1,1,0,0,0,1,0,1,0,1,7,0.8888888888888888,0.8888888888888888,accuracy,133,45,42,6
0,1,1,1,1,0,0,0,1,0,0,1,1,7,0.9333333333333332,0.9333333333333332,accuracy,133,45,42,4
0,1,1,1,1,0,0,0,0,1,1,1,0,7,0.9555555555555556,0.9555555555555556,accuracy,133,45,42,3
0,1,1,1,1,0,0,0,0,1,1,0,1,7,0.9777777777777776,0.9777777777777776,accuracy,133,45,42,2
0,1,1,1,1,0,0,0,0,1,0,1,1,7,0.9333333333333332,0.9333333333333332,accuracy,133,45,42,4
0,1,1,1,1,0,0,0,0,0,1,1,1,7,0.9555555555555556,0.9555555555555556,accuracy,133,45,42,3
0,1,1,1,0,1,1,1,1,0,0,0,0,7,0.8222222222222222,0.8222222222222222,accuracy,133,45,42,9
0,1,1,1,0,1,1,1,0,1,0,0,0,7,0.9111111111111112,0.9111111111111112,accuracy,133,45,42,5
0,1,1,1,0,1,1,1,0,0,1,0,0,7,0.9111111111111112,0.9111111111111112,accuracy,133,45,42,5
0,1,1,1,0,1,1,1,0,0,0,1,0,7,0.8888888888888888,0.8888888888888888,accuracy,133,45,42,6
0,1,1,1,0,1,1,1,0,0,0,0,1,7,0.9555555555555556,0.9555555555555556,accuracy,133,45,42,3
0,1,1,1,0,1,1,0,1,1,0,0,0,7,0.9111111111111112,0.9111111111111112,accuracy,133,45,42,5
0,1,1,1,0,1,1,0,1,0,1,0,0,7,0.9111111111111112,0.9111111111111112,accuracy,133,45,42,5
0,1,1,1,0,1,1,0,1,0,0,1,0,7,0.8888888888888888,0.8888888888888888,accuracy,133,45,42,6
0,1,1,1,0,1,1,0,1,0,0,0,1,7,0.9555555555555556,0.9555555555555556,accuracy,133,45,42,3
0,1,1,1,0,1,1,0,0,1,1,0,0,7,0.9333333333333332,0.9333333333333332,accuracy,133,45,42,4
0,1,1,1,0,1,1,0,0,1,0,1,0,7,0.9111111111111112,0.9111111111111112,accuracy,133,45,42,5
0,1,1,1,0,1,1,0,0,1,0,0,1,7,0.9777777777777776,0.9777777777777776,accuracy,133,45,42,2
0,1,1,1,0,1,1,0,0,0,1,1,0,7,0.9111111111111112,0.9111111111111112,accuracy,133,45,42,5
0,1,1,1,0,1,1,0,0,0,1,0,1,7,0.9555555555555556,0.9555555555555556,accuracy,133,45,42,3
0,1,1,1,0,1,1,0,0,0,0,1,1,7,0.9777777777777776,0.9777777777777776,accuracy,133,45,42,2
0,1,1,1,0,1,0,1,1,1,0,0,0,7,0.8666666666666667,0.8666666666666667,accuracy,133,45,42,7
0,1,1,1,0,1,0,1,1,0,1,0,0,7,0.8444444444444444,0.8444444444444444,accuracy,133,45,42,8
0,1,1,1,0,1,0,1,1,0,0,1,0,7,0.8666666666666667,0.8666666666666667,accuracy,133,45,42,7
0,1,1,1,0,1,0,1,1,0,0,0,1,7,0.8666666666666667,0.8666666666666667,accuracy,133,45,42,7
0,1,1,1,0,1,0,1,0,1,1,0,0,7,0.9111111111111112,0.9111111111111112,accuracy,133,45,42,5
0,1,1,1,0,1,0,1,0,1,0,1,0,7,0.8888888888888888,0.8888888888888888,accuracy,133,45,42,6
0,1,1,1,0,1,0,1,0,1,0,0,1,7,0.9111111111111112,0.9111111111111112,accuracy,133,45,42,5
0,1,1,1,0,1,0,1,0,0,1,1,0,7,0.8666666666666667,0.8666666666666667,accuracy,133,45,42,7
0,1,1,1,0,1,0,1,0,0,1,0,1,7,0.9111111111111112,0.9111111111111112,accuracy,133,45,42,5
0,1,1,1,0,1,0,1,0,0,0,1,1,7,0.9111111111111112,0.9111111111111112,accuracy,133,45,42,5
0,1,1,1,0,1,0,0,1,1,1,0,0,7,0.9333333333333332,0.9333333333333332,accuracy,133,45,42,4
0,1,1,1,0,1,0,0,1,1,0,1,0,7,0.8888888888888888,0.8888888888888888,accuracy,133,45,42,6
0,1,1,1,0,1,0,0,1,1,0,0,1,7,0.9333333333333332,0.9333333333333332,accuracy,133,45,42,4
0,1,1,1,0,1,0,0,1,0,1,1,0,7,0.8444444444444444,0.8444444444444444,accuracy,133,45,42,8
0,1,1,1,0,1,0,0,1,0,1,0,1,7,0.9111111111111112,0.9111111111111112,accuracy,133,45,42,5
0,1,1,1,0,1,0,0,1,0,0,1,1,7,0.9555555555555556,0.9555555555555556,accuracy,133,45,42,3
0,1,1,1,0,1,0,0,0,1,1,1,0,7,0.9111111111111112,0.9111111111111112,accuracy,133,45,42,5
0,1,1,1,0,1,0,0,0,1,1,0,1,7,0.9777777777777776,0.9777777777777776,accuracy,133,45,42,2
0,1,1,1,0,1,0,0,0,1,0,1,1,7,0.9777777777777776,0.9777777777777776,accuracy,133,45,42,2
0,1,1,1,0,1,0,0,0,0,1,1,1,7,0.9555555555555556,0.9555555555555556,accuracy,133,45,42,3
0,1,1,1,0,0,1,1,1,1,0,0,0,7,0.9111111111111112,0.9111111111111112,accuracy,133,45,42,5
0,1,1,1,0,0,1,1,1,0,1,0,0,7,0.9111111111111112,0.9111111111111112,accuracy,133,45,42,5
0,1,1,1,0,0,1,1,1,0,0,1,0,7,0.8888888888888888,0.8888888888888888,accuracy,133,45,42,6
0,1,1,1,0,0,1,1,1,0,0,0,1,7,0.9555555555555556,0.9555555555555556,accuracy,133,45,42,3
0,1,1,1,0,0,1,1,0,1,1,0,0,7,0.9333333333333332,0.9333333333333332,accuracy,133,45,42,4
0,1,1,1,0,0,1,1,0,1,0,1,0,7,0.9111111111111112,0.9111111111111112,accuracy,133,45,42,5
0,1,1,1,0,0,1,1,0,1,0,0,1,7,0.9555555555555556,0.9555555555555556,accuracy,133,45,42,3
0,1,1,1,0,0,1,1,0,0,1,1,0,7,0.9111111111111112,0.9111111111111112,accuracy,133,45,42,5
0,1,1,1,0,0,1,1,0,0,1,0,1,7,0.9555555555555556,0.9555555555555556,accuracy,133,45,42,3
0,1,1,1,0,0,1,1,0,0,0,1,1,7,0.9777777777777776,0.9777777777777776,accuracy,133,45,42,2
0,1,1,1,0,0,1,0,1,1,1,0,0,7,0.9333333333333332,0.9333333333333332,accuracy,133,45,42,4
0,1,1,1,0,0,1,0,1,1,0,1,0,7,0.9111111111111112,0.9111111111111112,accuracy,133,45,42,5
0,1,1,1,0,0,1,0,1,1,0,0,1,7,0.9777777777777776,0.9777777777777776,accuracy,133,45,42,2
0,1,1,1,0,0,1,0,1,0,1,1,0,7,0.9111111111111112,0.9111111111111112,accuracy,133,45,42,5
0,1,1,1,0,0,1,0,1,0,1,0,1,7,0.9555555555555556,0.9555555555555556,accuracy,133,45,42,3
0,1,1,1,0,0,1,0,1,0,0,1,1,7,0.9777777777777776,0.9777777777777776,accuracy,133,45,42,2
0,1,1,1,0,0,1,0,0,1,1,1,0,7,0.9333333333333332,0.9333333333333332,accuracy,133,45,42,4
0,1,1,1,0,0,1,0,0,1,1,0,1,7,1.0,1.0,accuracy,133,45,42,1
0,1,1,1,0,0,1,0,0,1,0,1,1,7,1.0,1.0,accuracy,133,45,42,1
0,1,1,1,0,0,1,0,0,0,1,1,1,7,0.9555555555555556,0.9555555555555556,accuracy,133,45,42,3
0,1,1,1,0,0,0,1,1,1,1,0,0,7,0.9111111111111112,0.9111111111111112,accuracy,133,45,42,5
0,1,1,1,0,0,0,1,1,1,0,1,0,7,0.8666666666666667,0.8666666666666667,accuracy,133,45,42,7
0,1,1,1,0,0,0,1,1,1,0,0,1,7,0.9333333333333332,0.9333333333333332,accuracy,133,45,42,4
0,1,1,1,0,0,0,1,1,0,1,1,0,7,0.8222222222222222,0.8222222222222222,accuracy,133,45,42,9
0,1,1,1,0,0,0,1,1,0,1,0,1,7,0.9111111111111112,0.9111111111111112,accuracy,133,45,42,5
0,1,1,1,0,0,0,1,1,0,0,1,1,7,0.9555555555555556,0.9555555555555556,accuracy,133,45,42,3
0,1,1,1,0,0,0,1,0,1,1,1,0,7,0.9333333333333332,0.9333333333333332,accuracy,133,45,42,4
0,1,1,1,0,0,0,1,0,1,1,0,1,7,0.9777777777777776,0.9777777777777776,accuracy,133,45,42,2
0,1,1,1,0,0,0,1,0,1,0,1,1,7,0.9555555555555556,0.9555555555555556,accuracy,133,45,42,3
0,1,1,1,0,0,0,1,0,0,1,1,1,7,0.9333333333333332,0.9333333333333332,accuracy,133,45,42,4
0,1,1,1,0,0,0,0,1,1,1,1,0,7,0.9333333333333332,0.9333333333333332,accuracy,133,45,42,4
0,1,1,1,0,0,0,0,1,1,1,0,1,7,1.0,1.0,accuracy,133,45,42,1
0,1,1,1,0,0,0,0,1,1,0,1,1,7,0.9777777777777776,0.9777777777777776,accuracy,133,45,42,2
0,1,1,1,0,0,0,0,1,0,1,1,1,7,0.9555555555555556,0.9555555555555556,accuracy,133,45,42,3
0,1,1,1,0,0,0,0,0,1,1,1,1,7,1.0,1.0,accuracy,133,45,42,1
0,1,1,0,1,1,1,1,1,0,0,0,0,7,0.9333333333333332,0.9333333333333332,accuracy,133,45,42,4
0,1,1,0,1,1,1,1,0,1,0,0,0,7,0.9555555555555556,0.9555555555555556,accuracy,133,45,42,3
0,1,1,0,1,1,1,1,0,0,1,0,0,7,0.9333333333333332,0.9333333333333332,accuracy,133,45,42,4
0,1,1,0,1,1,1,1,0,0,0,1,0,7,0.9555555555555556,0.9555555555555556,accuracy,133,45,42,3
0,1,1,0,1,1,1,1,0,0,0,0,1,7,0.9333333333333332,0.9333333333333332,accuracy,133,45,42,4
0,1,1,0,1,1,1,0,1,1,0,0,0,7,0.9555555555555556,0.9555555555555556,accuracy,133,45,42,3
0,1,1,0,1,1,1,0,1,0,1,0,0,7,0.9333333333333332,0.9333333333333332,accuracy,133,45,42,4
0,1,1,0,1,1,1,0,1,0,0,1,0,7,0.9555555555555556,0.9555555555555556,accuracy,133,45,42,3
0,1,1,0,1,1,1,0,1,0,0,0,1,7,0.9333333333333332,0.9333333333333332,accuracy,133,45,42,4
0,1,1,0,1,1,1,0,0,1,1,0,0,7,0.9333333333333332,0.9333333333333332,accuracy,133,45,42,4
0,1,1,0,1,1,1,0,0,1,0,1,0,7,0.9555555555555556,0.9555555555555556,accuracy,133,45,42,3
0,1,1,0,1,1,1,0,0,1,0,0,1,7,0.9777777777777776,0.9777777777777776,accuracy,133,45,42,2
0,1,1,0,1,1,1,0,0,0,1,1,0,7,0.9555555555555556,0.9555555555555556,accuracy,133,45,42,3
0,1,1,0,1,1,1,0,0,0,1,0,1,7,0.9555555555555556,0.9555555555555556,accuracy,133,45,42,3
0,1,1,0,1,1,1,0,0,0,0,1,1,7,0.9777777777777776,0.9777777777777776,accuracy,133,45,42,2
0,1,1,0,1,1,0,1,1,1,0,0,0,7,0.8666666666666667,0.8666666666666667,accuracy,133,45,42,7
0,1,1,0,1,1,0,1,1,0,1,0,0,7,0.8,0.8,accuracy,133,45,42,10
0,1,1,0,1,1,0,1,1,0,0,1,0,7,0.8666666666666667,0.8666666666666667,accuracy,133,45,42,7
0,1,1,0,1,1,0,1,1,0,0,0,1,7,0.8888888888888888,0.8888888888888888,accuracy,133,45,42,6
0,1,1,0,1,1,0,1,0,1,1,0,0,7,0.9111111111111112,0.9111111111111112,accuracy,133,45,42,5
0,1,1,0,1,1,0,1,0,1,0,1,0,7,0.9111111111111112,0.9111111111111112,accuracy,133,45,42,5
0,1,1,0,1,1,0,1,0,1,0,0,1,7,0.9111111111111112,0.9111111111111112,accuracy,133,45,42,5
0,1,1,0,1,1,0,1,0,0,1,1,0,7,0.9111111111111112,0.9111111111111112,accuracy,133,45,42,5
0,1,1,0,1,1,0,1,0,0,1,0,1,7,0.8888888888888888,0.8888888888888888,accuracy,133,45,42,6
0,1,1,0,1,1,0,1,0,0,0,1,1,7,0.9111111111111112,0.9111111111111112,accuracy,133,45,42,5
0,1,1,0,1,1,0,0,1,1,1,0,0,7,0.9333333333333332,0.9333333333333332,accuracy,133,45,42,4
0,1,1,0,1,1,0,0,1,1,0,1,0,7,0.9111111111111112,0.9111111111111112,accuracy,133,45,42,5
0,1,1,0,1,1,0,0,1,1,0,0,1,7,0.9333333333333332,0.9333333333333332,accuracy,133,45,42,4
0,1,1,0,1,1,0,0,1,0,1,1,0,7,0.8888888888888888,0.8888888888888888,accuracy,133,45,42,6
0,1,1,0,1,1,0,0,1,0,1,0,1,7,0.9111111111111112,0.9111111111111112,accuracy,133,45,42,5
0,1,1,0,1,1,0,0,1,0,0,1,1,7,0.9333333333333332,0.9333333333333332,accuracy,133,45,42,4
0,1,1,0,1,1,0,0,0,1,1,1,0,7,0.9555555555555556,0.9555555555555556,accuracy,133,45,42,3
0,1,1,0,1,1,0,0,0,1,1,0,1,7,0.9555555555555556,0.9555555555555556,accuracy,133,45,42,3
0,1,1,0,1,1,0,0,0,1,0,1,1,7,0.9333333333333332,0.9333333333333332,accuracy,133,45,42,4
0,1,1,0,1,1,0,0,0,0,1,1,1,7,0.9333333333333332,0.9333333333333332,accuracy,133,45,42,4
0,1,1,0,1,0,1,1,1,1,0,0,0,7,0.9555555555555556,0.9555555555555556,accuracy,133,45,42,3
0,1,1,0,1,0,1,1,1,0,1,0,0,7,0.9333333333333332,0.9333333333333332,accuracy,133,45,42,4
0,1,1,0,1,0,1,1,1,0,0,1,0,7,0.9333333333333332,0.9333333333333332,accuracy,133,45,42,4
0,1,1,0,1,0,1,1,1,0,0,0,1,7,0.9555555555555556,0.9555555555555556,accuracy,133,45,42,3
0,1,1,0,1,0,1,1,0,1,1,0,0,7,0.9555555555555556,0.9555555555555556,accuracy,133,45,42,3
0,1,1,0,1,0,1,1,0,1,0,1,0,7,0.9333333333333332,0.9333333333333332,accuracy,133,45,42,4
0,1,1,0,1,0,1,1,0,1,0,0,1,7,0.9777777777777776,0.9777777777777776,accuracy,133,45,42,2
0,1,1,0,1,0,1,1,0,0,1,1,0,7,0.9555555555555556,0.9555555555555556,accuracy,133,45,42,3
0,1,1,0,1,0,1,1,0,0,1,0,1,7,0.9777777777777776,0.9777777777777776,accuracy,133,45,42,2
0,1,1,0,1,0,1,1,0,0,0,1,1,7,0.9777777777777776,0.9777777777777776,accuracy,133,45,42,2
0,1,1,0,1,0,1,0,1,1,1,0,0,7,0.9555555555555556,0.9555555555555556,accuracy,133,45,42,3
0,1,1,0,1,0,1,0,1,1,0,1,0,7,0.9555555555555556,0.9555555555555556,accuracy,133,45,42,3
0,1,1,0,1,0,1,0,1,1,0,0,1,7,0.9777777777777776,0.9777777777777776,accuracy,133,45,42,2
0,1,1,0,1,0,1,0,1,0,1,1,0,7,0.9333333333333332,0.9333333333333332,accuracy,133,45,42,4
0,1,1,0,1,0,1,0,1,0,1,0,1,7,0.9777777777777776,0.9777777777777776,accuracy,133,45,42,2
0,1,1,0,1,0,1,0,1,0,0,1,1,7,0.9555555555555556,0.9555555555555556,accuracy,133,45,42,3
0,1,1,0,1,0,1,0,0,1,1,1,0,7,0.9555555555555556,0.9555555555555556,accuracy,133,45,42,3
0,1,1,0,1,0,1,0,0,1,1,0,1,7,0.9777777777777776,0.9777777777777776,accuracy,133,45,42,2
0,1,1,0,1,0,1,0,0,1,0,1,1,7,0.9777777777777776,0.9777777777777776,accuracy,133,45,42,2
0,1,1,0,1,0,1,0,0,0,1,1,1,7,0.9777777777777776,0.9777777777777776,accuracy,133,45,42,2
0,1,1,0,1,0,0,1,1,1,1,0,0,7,0.9555555555555556,0.9555555555555556,accuracy,133,45,42,3
0,1,1,0,1,0,0,1,1,1,0,1,0,7,0.8888888888888888,0.8888888888888888,accuracy,133,45,42,6
0,1,1,0,1,0,0,1,1,1,0,0,1,7,0.9111111111111112,0.9111111111111112,accuracy,133,45,42,5
0,1,1,0,1,0,0,1,1,0,1,1,0,7,0.8666666666666667,0.8666666666666667,accuracy,133,45,42,7
0,1,1,0,1,0,0,1,1,0,1,0,1,7,0.8888888888888888,0.8888888888888888,accuracy,133,45,42,6
0,1,1,0,1,0,0,1,1,0,0,1,1,7,0.9111111111111112,0.9111111111111112,accuracy,133,45,42,5
0,1,1,0,1,0,0,1,0,1,1,1,0,7,0.9555555555555556,0.9555555555555556,accuracy,133,45,42,3
0,1,1,0,1,0,0,1,0,1,1,0,1,7,0.9777777777777776,0.9777777777777776,accuracy,133,45,42,2
0,1,1,0,1,0,0,1,0,1,0,1,1,7,0.9333333333333332,0.9333333333333332,accuracy,133,45,42,4
0,1,1,0,1,0,0,1,0,0,1,1,1,7,0.9333333333333332,0.9333333333333332,accuracy,133,45,42,4
0,1,1,0,1,0,0,0,1,1,1,1,0,7,0.9555555555555556,0.9555555555555556,accuracy,133,45,42,3
0,1,1,0,1,0,0,0,1,1,1,0,1,7,1.0,1.0,accuracy,133,45,42,1
0,1,1,0,1,0,0,0,1,1,0,1,1,7,0.9555555555555556,0.9555555555555556,accuracy,133,45,42,3
0,1,1,0,1,0,0,0,1,0,1,1,1,7,0.9333333333333332,0.9333333333333332,accuracy,133,45,42,4
0,1,1,0,1,0,0,0,0,1,1,1,1,7,0.9777777777777776,0.9777777777777776,accuracy,133,45,42,2
0,1,1,0,0,1,1,1,1,1,0,0,0,7,0.9111111111111112,0.9111111111111112,accuracy,133,45,42,5
0,1,1,0,0,1,1,1,1,0,1,0,0,7,0.8888888888888888,0.8888888888888888,accuracy,133,45,42,6
0,1,1,0,0,1,1,1,1,0,0,1,0,7,0.8444444444444444,0.8444444444444444,accuracy,133,45,42,8
0,1,1,0,0,1,1,1,1,0,0,0,1,7,0.9555555555555556,0.9555555555555556,accuracy,133,45,42,3
0,1,1,0,0,1,1,1,0,1,1,0,0,7,0.9111111111111112,0.9111111111111112,accuracy,133,45,42,5
0,1,1,0,0,1,1,1,0,1,0,1,0,7,0.8888888888888888,0.8888888888888888,accuracy,133,45,42,6
0,1,1,0,0,1,1,1,0,1,0,0,1,7,0.9777777777777776,0.9777777777777776,accuracy,133,45,42,2
0,1,1,0,0,1,1,1,0,0,1,1,0,7,0.8666666666666667,0.8666666666666667,accuracy,133,45,42,7
0,1,1,0,0,1,1,1,0,0,1,0,1,7,0.9777777777777776,0.9777777777777776,accuracy,133,45,42,2
0,1,1,0,0,1,1,1,0,0,0,1,1,7,0.9555555555555556,0.9555555555555556,accuracy,133,45,42,3
0,1,1,0,0,1,1,0,1,1,1,0,0,7,0.9333333333333332,0.9333333333333332,accuracy,133,45,42,4
0,1,1,0,0,1,1,0,1,1,0,1,0,7,0.9111111111111112,0.9111111111111112,accuracy,133,45,42,5
0,1,1,0,0,1,1,0,1,1,0,0,1,7,0.9777777777777776,0.9777777777777776,accuracy,133,45,42,2
0,1,1,0,0,1,1,0,1,0,1,1,0,7,0.8888888888888888,0.8888888888888888,accuracy,133,45,42,6
0,1,1,0,0,1,1,0,1,0,1,0,1,7,0.9555555555555556,0.9555555555555556,accuracy,133,45,42,3
0,1,1,0,0,1,1,0,1,0,0,1,1,7,0.9777777777777776,0.9777777777777776,accuracy,133,45,42,2
0,1,1,0,0,1,1,0,0,1,1,1,0,7,0.9333333333333332,0.9333333333333332,accuracy,133,45,42,4
0,1,1,0,0,1,1,0,0,1,1,0,1,7,1.0,1.0,accuracy,133,45,42,1
0,1,1,0,0,1,1,0,0,1,0,1,1,7,1.0,1.0,accuracy,133,45,42,1
0,1,1,0,0,1,1,0,0,0,1,1,1,7,0.9333333333333332,0.9333333333333332,accuracy,133,45,42,4
0,1,1,0,0,1,0,1,1,1,1,0,0,7,0.9333333333333332,0.9333333333333332,accuracy,133,45,42,4
0,1,1,0,0,1,0,1,1,1,0,1,0,7,0.8888888888888888,0.8888888888888888,accuracy,133,45,42,6
0,1,1,0,0,1,0,1,1,1,0,0,1,7,0.9333333333333332,0.9333333333333332,accuracy,133,45,42,4
0,1,1,0,0,1,0,1,1,0,1,1,0,7,0.8444444444444444,0.8444444444444444,accuracy,133,45,42,8
0,1,1,0,0,1,0,1,1,0,1,0,1,7,0.8888888888888888,0.8888888888888888,accuracy,133,45,42,6
0,1,1,0,0,1,0,1,1,0,0,1,1,7,0.9555555555555556,0.9555555555555556,accuracy,133,45,42,3
0,1,1,0,0,1,0,1,0,1,1,1,0,7,0.9111111111111112,0.9111111111111112,accuracy,133,45,42,5
0,1,1,0,0,1,0,1,0,1,1,0,1,7,0.9777777777777776,0.9777777777777776,accuracy,133,45,42,2
0,1,1,0,0,1,0,1,0,1,0,1,1,7,0.9777777777777776,0.9777777777777776,accuracy,133,45,42,2
0,1,1,0,0,1,0,1,0,0,1,1,1,7,0.9333333333333332,0.9333333333333332,accuracy,133,45,42,4
0,1,1,0,0,1,0,0,1,1,1,1,0,7,0.9333333333333332,0.9333333333333332,accuracy,133,45,42,4
0,1,1,0,0,1,0,0,1,1,1,0,1,7,1.0,1.0,accuracy,133,45,42,1
0,1,1,0,0,1,0,0,1,1,0,1,1,7,1.0,1.0,accuracy,133,45,42,1
0,1,1,0,0,1,0,0,1,0,1,1,1,7,0.9333333333333332,0.9333333333333332,accuracy,133,45,42,4
0,1,1,0,0,1,0,0,0,1,1,1,1,7,0.9777777777777776,0.9777777777777776,accuracy,133,45,42,2
0,1,1,0,0,0,1,1,1,1,1,0,0,7,0.9111111111111112,0.9111111111111112,accuracy,133,45,42,5
0,1,1,0,0,0,1,1,1,1,0,1,0,7,0.8888888888888888,0.8888888888888888,accuracy,133,45,42,6
0,1,1,0,0,0,1,1,1,1,0,0,1,7,0.9777777777777776,0.9777777777777776,accuracy,133,45,42,2
0,1,1,0,0,0,1,1,1,0,1,1,0,7,0.8888888888888888,0.8888888888888888,accuracy,133,45,42,6
0,1,1,0,0,0,1,1,1,0,1,0,1,7,0.9777777777777776,0.9777777777777776,accuracy,133,45,42,2
0,1,1,0,0,0,1,1,1,0,0,1,1,7,0.9555555555555556,0.9555555555555556,accuracy,133,45,42,3
0,1,1,0,0,0,1,1,0,1,1,1,0,7,0.9111111111111112,0.9111111111111112,accuracy,133,45,42,5
0,1,1,0,0,0,1,1,0,1,1,0,1,7,1.0,1.0,accuracy,133,45,42,1
0,1,1,0,0,0,1,1,0,1,0,1,1,7,1.0,1.0,accuracy,133,45,42,1
0,1,1,0,0,0,1,1,0,0,1,1,1,7,0.9777777777777776,0.9777777777777776,accuracy,133,45,42,2
0,1,1,0,0,0,1,0,1,1,1,1,0,7,0.9111111111111112,0.9111111111111112,accuracy,133,45,42,5
0,1,1,0,0,0,1,0,1,1,1,0,1,7,1.0,1.0,accuracy,133,45,42,1
0,1,1,0,0,0,1,0,1,1,0,1,1,7,1.0,1.0,accuracy,133,45,42,1
0,1,1,0,0,0,1,0,1,0,1,1,1,7,0.9333333333333332,0.9333333333333332,accuracy,133,45,42,4
0,1,1,0,0,0,1,0,0,1,1,1,1,7,1.0,1.0,accuracy,133,45,42,1
0,1,1,0,0,0,0,1,1,1,1,1,0,7,0.9333333333333332,0.9333333333333332,accuracy,133,45,42,4
0,1,1,0,0,0,0,1,1,1,1,0,1,7,1.0,1.0,accuracy,133,45,42,1
0,1,1,0,0,0,0,1,1,1,0,1,1,7,0.9777777777777776,0.9777777777777776,accuracy,133,45,42,2
0,1,1,0,0,0,0,1,1,0,1,1,1,7,0.9111111111111112,0.9111111111111112,accuracy,133,45,42,5
0,1,1,0,0,0,0,1,0,1,1,1,1,7,1.0,1.0,accuracy,133,45,42,1
0,1,1,0,0,0,0,0,1,1,1,1,1,7,1.0,1.0,accuracy,133,45,42,1
0,1,0,1,1,1,1,1,1,0,0,0,0,7,0.8888888888888888,0.8888888888888888,accuracy,133,45,42,6
0,1,0,1,1,1,1,1,0,1,0,0,0,7,0.9111111111111112,0.9111111111111112,accuracy,133,45,42,5
0,1,0,1,1,1,1,1,0,0,1,0,0,7,0.9555555555555556,0.9555555555555556,accuracy,133,45,42,3
0,1,0,1,1,1,1,1,0,0,0,1,0,7,0.8888888888888888,0.8888888888888888,accuracy,133,45,42,6
0,1,0,1,1,1,1,1,0,0,0,0,1,7,0.9555555555555556,0.9555555555555556,accuracy,133,45,42,3
0,1,0,1,1,1,1,0,1,1,0,0,0,7,0.9111111111111112,0.9111111111111112,accuracy,133,45,42,5
0,1,0,1,1,1,1,0,1,0,1,0,0,7,0.9333333333333332,0.9333333333333332,accuracy,133,45,42,4
0,1,0,1,1,1,1,0,1,0,0,1,0,7,0.9111111111111112,0.9111111111111112,accuracy,133,45,42,5
0,1,0,1,1,1,1,0,1,0,0,0,1,7,0.9555555555555556,0.9555555555555556,accuracy,133,45,42,3
0,1,0,1,1,1,1,0,0,1,1,0,0,7,0.9333333333333332,0.9333333333333332,accuracy,133,45,42,4
0,1,0,1,1,1,1,0,0,1,0,1,0,7,0.9333333333333332,0.9333333333333332,accuracy,133,45,42,4
0,1,0,1,1,1,1,0,0,1,0,0,1,7,0.9777777777777776,0.9777777777777776,accuracy,133,45,42,2
0,1,0,1,1,1,1,0,0,0,1,1,0,7,0.9333333333333332,0.9333333333333332,accuracy,133,45,42,4
0,1,0,1,1,1,1,0,0,0,1,0,1,7,0.9555555555555556,0.9555555555555556,accuracy,133,45,42,3
0,1,0,1,1,1,1,0,0,0,0,1,1,7,0.9555555555555556,0.9555555555555556,accuracy,133,45,42,3
0,1,0,1,1,1,0,1,1,1,0,0,0,7,0.8888888888888888,0.8888888888888888,accuracy,133,45,42,6
0,1,0,1,1,1,0,1,1,0,1,0,0,7,0.8444444444444444,0.8444444444444444,accuracy,133,45,42,8
0,1,0,1,1,1,0,1,1,0,0,1,0,7,0.8666666666666667,0.8666666666666667,accuracy,133,45,42,7
0,1,0,1,1,1,0,1,1,0,0,0,1,7,0.8666666666666667,0.8666666666666667,accuracy,133,45,42,7
0,1,0,1,1,1,0,1,0,1,1,0,0,7,0.9111111111111112,0.9111111111111112,accuracy,133,45,42,5
0,1,0,1,1,1,0,1,0,1,0,1,0,7,0.8888888888888888,0.8888888888888888,accuracy,133,45,42,6
0,1,0,1,1,1,0,1,0,1,0,0,1,7,0.9111111111111112,0.9111111111111112,accuracy,133,45,42,5
0,1,0,1,1,1,0,1,0,0,1,1,0,7,0.9333333333333332,0.9333333333333332,accuracy,133,45,42,4
0,1,0,1,1,1,0,1,0,0,1,0,1,7,0.9111111111111112,0.9111111111111112,accuracy,133,45,42,5
0,1,0,1,1,1,0,1,0,0,0,1,1,7,0.9333333333333332,0.9333333333333332,accuracy,133,45,42,4
0,1,0,1,1,1,0,0,1,1,1,0,0,7,0.9333333333333332,0.9333333333333332,accuracy,133,45,42,4
0,1,0,1,1,1,0,0,1,1,0,1,0,7,0.8888888888888888,0.8888888888888888,accuracy,133,45,42,6
0,1,0,1,1,1,0,0,1,1,0,0,1,7,0.9333333333333332,0.9333333333333332,accuracy,133,45,42,4
0,1,0,1,1,1,0,0,1,0,1,1,0,7,0.9333333333333332,0.9333333333333332,accuracy,133,45,42,4
0,1,0,1,1,1,0,0,1,0,1,0,1,7,0.9111111111111112,0.9111111111111112,accuracy,133,45,42,5
0,1,0,1,1,1,0,0,1,0,0,1,1,7,0.9333333333333332,0.9333333333333332,accuracy,133,45,42,4
0,1,0,1,1,1,0,0,0,1,1,1,0,7,0.9333333333333332,0.9333333333333332,accuracy,133,45,42,4
0,1,0,1,1,1,0,0,0,1,1,0,1,7,0.9777777777777776,0.9777777777777776,accuracy,133,45,42,2
0,1,0,1,1,1,0,0,0,1,0,1,1,7,0.9555555555555556,0.9555555555555556,accuracy,133,45,42,3
0,1,0,1,1,1,0,0,0,0,1,1,1,7,0.9555555555555556,0.9555555555555556,accuracy,133,45,42,3
0,1,0,1,1,0,1,1,1,1,0,0,0,7,0.9555555555555556,0.9555555555555556,accuracy,133,45,42,3
0,1,0,1,1,0,1,1,1,0,1,0,0,7,0.9333333333333332,0.9333333333333332,accuracy,133,45,42,4
0,1,0,1,1,0,1,1,1,0,0,1,0,7,0.9111111111111112,0.9111111111111112,accuracy,133,45,42,5
0,1,0,1,1,0,1,1,1,0,0,0,1,7,0.9555555555555556,0.9555555555555556,accuracy,133,45,42,3
0,1,0,1,1,0,1,1,0,1,1,0,0,7,0.9333333333333332,0.9333333333333332,accuracy,133,45,42,4
0,1,0,1,1,0,1,1,0,1,0,1,0,7,0.9555555555555556,0.9555555555555556,accuracy,133,45,42,3
0,1,0,1,1,0,1,1,0,1,0,0,1,7,0.9777777777777776,0.9777777777777776,accuracy,133,45,42,2
0,1,0,1,1,0,1,1,0,0,1,1,0,7,0.9333333333333332,0.9333333333333332,accuracy,133,45,42,4
0,1,0,1,1,0,1,1,0,0,1,0,1,7,0.9777777777777776,0.9777777777777776,accuracy,133,45,42,2
0,1,0,1,1,0,1,1,0,0,0,1,1,7,0.9777777777777776,0.9777777777777776,accuracy,133,45,42,2
0,1,0,1,1,0,1,0,1,1,1,0,0,7,0.9333333333333332,0.9333333333333332,accuracy,133,45,42,4
0,1,0,1,1,0,1,0,1,1,0,1,0,7,0.9555555555555556,0.9555555555555556,accuracy,133,45,42,3
0,1,0,1,1,0,1,0,1,1,0,0,1,7,0.9777777777777776,0.9777777777777776,accuracy,133,45,42,2
0,1,0,1,1,0,1,0,1,0,1,1,0,7,0.9333333333333332,0.9333333333333332,accuracy,133,45,42,4
0,1,0,1,1,0,1,0,1,0,1,0,1,7,0.9555555555555556,0.9555555555555556,accuracy,133,45,42,3
0,1,0,1,1,0,1,0,1,0,0,1,1,7,0.9777777777777776,0.9777777777777776,accuracy,133,45,42,2
0,1,0,1,1,0,1,0,0,1,1,1,0,7,0.9555555555555556,0.9555555555555556,accuracy,133,45,42,3
0,1,0,1,1,0,1,0,0,1,1,0,1,7,0.9777777777777776,0.9777777777777776,accuracy,133,45,42,2
0,1,0,1,1,0,1,0,0,1,0,1,1,7,0.9777777777777776,0.9777777777777776,accuracy,133,45,42,2
0,1,0,1,1,0,1,0,0,0,1,1,1,7,0.9777777777777776,0.9777777777777776,accuracy,133,45,42,2
0,1,0,1,1,0,0,1,1,1,1,0,0,7,0.9333333333333332,0.9333333333333332,accuracy,133,45,42,4
0,1,0,1,1,0,0,1,1,1,0,1,0,7,0.9111111111111112,0.9111111111111112,accuracy,133,45,42,5
0,1,0,1,1,0,0,1,1,1,0,0,1,7,0.9333333333333332,0.9333333333333332,accuracy,133,45,42,4
0,1,0,1,1,0,0,1,1,0,1,1,0,7,0.9111111111111112,0.9111111111111112,accuracy,133,45,42,5
0,1,0,1,1,0,0,1,1,0,1,0,1,7,0.9111111111111112,0.9111111111111112,accuracy,133,45,42,5
0,1,0,1,1,0,0,1,1,0,0,1,1,7,0.9111111111111112,0.9111111111111112,accuracy,133,45,42,5
0,1,0,1,1,0,0,1,0,1,1,1,0,7,0.9555555555555556,0.9555555555555556,accuracy,133,45,42,3
0,1,0,1,1,0,0,1,0,1,1,0,1,7,0.9777777777777776,0.9777777777777776,accuracy,133,45,42,2
0,1,0,1,1,0,0,1,0,1,0,1,1,7,0.9777777777777776,0.9777777777777776,accuracy,133,45,42,2
0,1,0,1,1,0,0,1,0,0,1,1,1,7,0.9333333333333332,0.9333333333333332,accuracy,133,45,42,4
0,1,0,1,1,0,0,0,1,1,1,1,0,7,0.9555555555555556,0.9555555555555556,accuracy,133,45,42,3
0,1,0,1,1,0,0,0,1,1,1,0,1,7,1.0,1.0,accuracy,133,45,42,1
0,1,0,1,1,0,0,0,1,1,0,1,1,7,0.9777777777777776,0.9777777777777776,accuracy,133,45,42,2
0,1,0,1,1,0,0,0,1,0,1,1,1,7,0.9333333333333332,0.9333333333333332,accuracy,133,45,42,4
0,1,0,1,1,0,0,0,0,1,1,1,1,7,1.0,1.0,accuracy,133,45,42,1
0,1,0,1,0,1,1,1,1,1,0,0,0,7,0.8888888888888888,0.8888888888888888,accuracy,133,45,42,6
0,1,0,1,0,1,1,1,1,0,1,0,0,7,0.8666666666666667,0.8666666666666667,accuracy,133,45,42,7
0,1,0,1,0,1,1,1,1,0,0,1,0,7,0.8,0.8,accuracy,133,45,42,10
0,1,0,1,0,1,1,1,1,0,0,0,1,7,0.9333333333333332,0.9333333333333332,accuracy,133,45,42,4
0,1,0,1,0,1,1,1,0,1,1,0,0,7,0.9111111111111112,0.9111111111111112,accuracy,133,45,42,5
0,1,0,1,0,1,1,1,0,1,0,1,0,7,0.9111111111111112,0.9111111111111112,accuracy,133,45,42,5
0,1,0,1,0,1,1,1,0,1,0,0,1,7,1.0,1.0,accuracy,133,45,42,1
0,1,0,1,0,1,1,1,0,0,1,1,0,7,0.9111111111111112,0.9111111111111112,accuracy,133,45,42,5
0,1,0,1,0,1,1,1,0,0,1,0,1,7,0.9777777777777776,0.9777777777777776,accuracy,133,45,42,2
0,1,0,1,0,1,1,1,0,0,0,1,1,7,0.9777777777777776,0.9777777777777776,accuracy,133,45,42,2
0,1,0,1,0,1,1,0,1,1,1,0,0,7,0.9111111111111112,0.9111111111111112,accuracy,133,45,42,5
0,1,0,1,0,1,1,0,1,1,0,1,0,7,0.9111111111111112,0.9111111111111112,accuracy,133,45,42,5
0,1,0,1,0,1,1,0,1,1,0,0,1,7,1.0,1.0,accuracy,133,45,42,1
0,1,0,1,0,1,1,0,1,0,1,1,0,7,0.8888888888888888,0.8888888888888888,accuracy,133,45,42,6
0,1,0,1,0,1,1,0,1,0,1,0,1,7,0.9555555555555556,0.9555555555555556,accuracy,133,45,42,3
0,1,0,1,0,1,1,0,1,0,0,1,1,7,0.9777777777777776,0.9777777777777776,accuracy,133,45,42,2
0,1,0,1,0,1,1,0,0,1,1,1,0,7,0.9333333333333332,0.9333333333333332,accuracy,133,45,42,4
0,1,0,1,0,1,1,0,0,1,1,0,1,7,1.0,1.0,accuracy,133,45,42,1
0,1,0,1,0,1,1,0,0,1,0,1,1,7,1.0,1.0,accuracy,133,45,42,1
0,1,0,1,0,1,1,0,0,0,1,1,1,7,0.9555555555555556,0.9555555555555556,accuracy,133,45,42,3
0,1,0,1,0,1,0,1,1,1,1,0,0,7,0.9333333333333332,0.9333333333333332,accuracy,133,45,42,4
0,1,0,1,0,1,0,1,1,1,0,1,0,7,0.8888888888888888,0.8888888888888888,accuracy,133,45,42,6
0,1,0,1,0,1,0,1,1,1,0,0,1,7,0.9555555555555556,0.9555555555555556,accuracy,133,45,42,3
0,1,0,1,0,1,0,1,1,0,1,1,0,7,0.8222222222222222,0.8222222222222222,accuracy,133,45,42,9
0,1,0,1,0,1,0,1,1,0,1,0,1,7,0.9111111111111112,0.9111111111111112,accuracy,133,45,42,5
0,1,0,1,0,1,0,1,1,0,0,1,1,7,0.9333333333333332,0.9333333333333332,accuracy,133,45,42,4
0,1,0,1,0,1,0,1,0,1,1,1,0,7,0.9111111111111112,0.9111111111111112,accuracy,133,45,42,5
0,1,0,1,0,1,0,1,0,1,1,0,1,7,0.9777777777777776,0.9777777777777776,accuracy,133,45,42,2
0,1,0,1,0,1,0,1,0,1,0,1,1,7,0.9777777777777776,0.9777777777777776,accuracy,133,45,42,2
0,1,0,1,0,1,0,1,0,0,1,1,1,7,0.9333333333333332,0.9333333333333332,accuracy,133,45,42,4
0,1,0,1,0,1,0,0,1,1,1,1,0,7,0.9111111111111112,0.9111111111111112,accuracy,133,45,42,5
0,1,0,1,0,1,0,0,1,1,1,0,1,7,1.0,1.0,accuracy,133,45,42,1
0,1,0,1,0,1,0,0,1,1,0,1,1,7,1.0,1.0,accuracy,133,45,42,1
0,1,0,1,0,1,0,0,1,0,1,1,1,7,0.9333333333333332,0.9333333333333332,accuracy,133,45,42,4
0,1,0,1,0,1,0,0,0,1,1,1,1,7,1.0,1.0,accuracy,133,45,42,1
0,1,0,1,0,0,1,1,1,1,1,0,0,7,0.9111111111111112,0.9111111111111112,accuracy,133,45,42,5
0,1,0,1,0,0,1,1,1,1,0,1,0,7,0.8888888888888888,0.8888888888888888,accuracy,133,45,42,6
0,1,0,1,0,0,1,1,1,1,0,0,1,7,1.0,1.0,accuracy,133,45,42,1
0,1,0,1,0,0,1,1,1,0,1,1,0,7,0.9111111111111112,0.9111111111111112,accuracy,133,45,42,5
0,1,0,1,0,0,1,1,1,0,1,0,1,7,0.9777777777777776,0.9777777777777776,accuracy,133,45,42,2
0,1,0,1,0,0,1,1,1,0,0,1,1,7,0.9777777777777776,0.9777777777777776,accuracy,133,45,42,2
0,1,0,1,0,0,1,1,0,1,1,1,0,7,0.9111111111111112,0.9111111111111112,accuracy,133,45,42,5
0,1,0,1,0,0,1,1,0,1,1,0,1,7,1.0,1.0,accuracy,133,45,42,1
0,1,0,1,0,0,1,1,0,1,0,1,1,7,1.0,1.0,accuracy,133,45,42,1
0,1,0,1,0,0,1,1,0,0,1,1,1,7,0.9555555555555556,0.9555555555555556,accuracy,133,45,42,3
0,1,0,1,0,0,1,0,1,1,1,1,0,7,0.9111111111111112,0.9111111111111112,accuracy,133,45,42,5
0,1,0,1,0,0,1,0,1,1,1,0,1,7,1.0,1.0,accuracy,133,45,42,1
0,1,0,1,0,0,1,0,1,1,0,1,1,7,1.0,1.0,accuracy,133,45,42,1
0,1,0,1,0,0,1,0,1,0,1,1,1,7,0.9555555555555556,0.9555555555555556,accuracy,133,45,42,3
0,1,0,1,0,0,1,0,0,1,1,1,1,7,1.0,1.0,accuracy,133,45,42,1
0,1,0,1,0,0,0,1,1,1,1,1,0,7,0.9333333333333332,0.9333333333333332,accuracy,133,45,42,4
0,1,0,1,0,0,0,1,1,1,1,0,1,7,1.0,1.0,accuracy,133,45,42,1
0,1,0,1,0,0,0,1,1,1,0,1,1,7,0.9777777777777776,0.9777777777777776,accuracy,133,45,42,2
0,1,0,1,0,0,0,1,1,0,1,1,1,7,0.9333333333333332,0.9333333333333332,accuracy,133,45,42,4
0,1,0,1,0,0,0,1,0,1,1,1,1,7,1.0,1.0,accuracy,133,45,42,1
0,1,0,1,0,0,0,0,1,1,1,1,1,7,1.0,1.0,accuracy,133,45,42,1
0,1,0,0,1,1,1,1,1,1,0,0,0,7,0.9333333333333332,0.9333333333333332,accuracy,133,45,42,4
0,1,0,0,1,1,1,1,1,0,1,0,0,7,0.9333333333333332,0.9333333333333332,accuracy,133,45,42,4
0,1,0,0,1,1,1,1,1,0,0,1,0,7,0.9333333333333332,0.9333333333333332,accuracy,133,45,42,4
0,1,0,0,1,1,1,1,1,0,0,0,1,7,0.9555555555555556,0.9555555555555556,accuracy,133,45,42,3
0,1,0,0,1,1,1,1,0,1,1,0,0,7,0.9333333333333332,0.9333333333333332,accuracy,133,45,42,4
0,1,0,0,1,1,1,1,0,1,0,1,0,7,0.9555555555555556,0.9555555555555556,accuracy,133,45,42,3
0,1,0,0,1,1,1,1,0,1,0,0,1,7,0.9777777777777776,0.9777777777777776,accuracy,133,45,42,2
0,1,0,0,1,1,1,1,0,0,1,1,0,7,0.9333333333333332,0.9333333333333332,accuracy,133,45,42,4
0,1,0,0,1,1,1,1,0,0,1,0,1,7,0.9555555555555556,0.9555555555555556,accuracy,133,45,42,3
0,1,0,0,1,1,1,1,0,0,0,1,1,7,0.9555555555555556,0.9555555555555556,accuracy,133,45,42,3
0,1,0,0,1,1,1,0,1,1,1,0,0,7,0.9333333333333332,0.9333333333333332,accuracy,133,45,42,4
0,1,0,0,1,1,1,0,1,1,0,1,0,7,0.9555555555555556,0.9555555555555556,accuracy,133,45,42,3
0,1,0,0,1,1,1,0,1,1,0,0,1,7,0.9777777777777776,0.9777777777777776,accuracy,133,45,42,2
0,1,0,0,1,1,1,0,1,0,1,1,0,7,0.9333333333333332,0.9333333333333332,accuracy,133,45,42,4
0,1,0,0,1,1,1,0,1,0,1,0,1,7,0.9555555555555556,0.9555555555555556,accuracy,133,45,42,3
0,1,0,0,1,1,1,0,1,0,0,1,1,7,0.9777777777777776,0.9777777777777776,accuracy,133,45,42,2
0,1,0,0,1,1,1,0,0,1,1,1,0,7,0.9555555555555556,0.9555555555555556,accuracy,133,45,42,3
0,1,0,0,1,1,1,0,0,1,1,0,1,7,0.9777777777777776,0.9777777777777776,accuracy,133,45,42,2
0,1,0,0,1,1,1,0,0,1,0,1,1,7,0.9777777777777776,0.9777777777777776,accuracy,133,45,42,2
0,1,0,0,1,1,1,0,0,0,1,1,1,7,0.9555555555555556,0.9555555555555556,accuracy,133,45,42,3
0,1,0,0,1,1,0,1,1,1,1,0,0,7,0.9333333333333332,0.9333333333333332,accuracy,133,45,42,4
0,1,0,0,1,1,0,1,1,1,0,1,0,7,0.8888888888888888,0.8888888888888888,accuracy,133,45,42,6
0,1,0,0,1,1,0,1,1,1,0,0,1,7,0.9333333333333332,0.9333333333333332,accuracy,133,45,42,4
0,1,0,0,1,1,0,1,1,0,1,1,0,7,0.9111111111111112,0.9111111111111112,accuracy,133,45,42,5
0,1,0,0,1,1,0,1,1,0,1,0,1,7,0.8888888888888888,0.8888888888888888,accuracy,133,45,42,6
0,1,0,0,1,1,0,1,1,0,0,1,1,7,0.9333333333333332,0.9333333333333332,accuracy,133,45,42,4
0,1,0,0,1,1,0,1,0,1,1,1,0,7,0.9333333333333332,0.9333333333333332,accuracy,133,45,42,4
0,1,0,0,1,1,0,1,0,1,1,0,1,7,0.9777777777777776,0.9777777777777776,accuracy,133,45,42,2
0,1,0,0,1,1,0,1,0,1,0,1,1,7,0.9777777777777776,0.9777777777777776,accuracy,133,45,42,2
0,1,0,0,1,1,0,1,0,0,1,1,1,7,0.9333333333333332,0.9333333333333332,accuracy,133,45,42,4
0,1,0,0,1,1,0,0,1,1,1,1,0,7,0.9333333333333332,0.9333333333333332,accuracy,133,45,42,4
0,1,0,0,1,1,0,0,1,1,1,0,1,7,1.0,1.0,accuracy,133,45,42,1
0,1,0,0,1,1,0,0,1,1,0,1,1,7,1.0,1.0,accuracy,133,45,42,1
0,1,0,0,1,1,0,0,1,0,1,1,1,7,0.9333333333333332,0.9333333333333332,accuracy,133,45,42,4
0,1,0,0,1,1,0,0,0,1,1,1,1,7,1.0,1.0,accuracy,133,45,42,1
0,1,0,0,1,0,1,1,1,1,1,0,0,7,0.9333333333333332,0.9333333333333332,accuracy,133,45,42,4
0,1,0,0,1,0,1,1,1,1,0,1,0,7,0.9555555555555556,0.9555555555555556,accuracy,133,45,42,3
0,1,0,0,1,0,1,1,1,1,0,0,1,7,0.9777777777777776,0.9777777777777776,accuracy,133,45,42,2
0,1,0,0,1,0,1,1,1,0,1,1,0,7,0.9333333333333332,0.9333333333333332,accuracy,133,45,42,4
0,1,0,0,1,0,1,1,1,0,1,0,1,7,0.9777777777777776,0.9777777777777776,accuracy,133,45,42,2
0,1,0,0,1,0,1,1,1,0,0,1,1,7,0.9555555555555556,0.9555555555555556,accuracy,133,45,42,3
0,1,0,0,1,0,1,1,0,1,1,1,0,7,0.9555555555555556,0.9555555555555556,accuracy,133,45,42,3
0,1,0,0,1,0,1,1,0,1,1,0,1,7,0.9777777777777776,0.9777777777777776,accuracy,133,45,42,2
0,1,0,0,1,0,1,1,0,1,0,1,1,7,0.9777777777777776,0.9777777777777776,accuracy,133,45,42,2
0,1,0,0,1,0,1,1,0,0,1,1,1,7,0.9777777777777776,0.9777777777777776,accuracy,133,45,42,2
0,1,0,0,1,0,1,0,1,1,1,1,0,7,0.9555555555555556,0.9555555555555556,accuracy,133,45,42,3
0,1,0,0,1,0,1,0,1,1,1,0,1,7,0.9777777777777776,0.9777777777777776,accuracy,133,45,42,2
0,1,0,0,1,0,1,0,1,1,0,1,1,7,0.9777777777777776,0.9777777777777776,accuracy,133,45,42,2
0,1,0,0,1,0,1,0,1,0,1,1,1,7,0.9777777777777776,0.9777777777777776,accuracy,133,45,42,2
0,1,0,0,1,0,1,0,0,1,1,1,1,7,0.9777777777777776,0.9777777777777776,accuracy,133,45,42,2
0,1,0,0,1,0,0,1,1,1,1,1,0,7,0.9555555555555556,0.9555555555555556,accuracy,133,45,42,3
0,1,0,0,1,0,0,1,1,1,1,0,1,7,1.0,1.0,accuracy,133,45,42,1
0,1,0,0,1,0,0,1,1,1,0,1,1,7,0.9777777777777776,0.9777777777777776,accuracy,133,45,42,2
0,1,0,0,1,0,0,1,1,0,1,1,1,7,0.9333333333333332,0.9333333333333332,accuracy,133,45,42,4
0,1,0,0,1,0,0,1,0,1,1,1,1,7,1.0,1.0,accuracy,133,45,42,1
0,1,0,0,1,0,0,0,1,1,1,1,1,7,1.0,1.0,accuracy,133,45,42,1
0,1,0,0,0,1,1,1,1,1,1,0,0,7,0.9111111111111112,0.9111111111111112,accuracy,133,45,42,5
0,1,0,0,0,1,1,1,1,1,0,1,0,7,0.8888888888888888,0.8888888888888888,accuracy,133,45,42,6
0,1,0,0,0,1,1,1,1,1,0,0,1,7,1.0,1.0,accuracy,133,45,42,1
0,1,0,0,0,1,1,1,1,0,1,1,0,7,0.8888888888888888,0.8888888888888888,accuracy,133,45,42,6
0,1,0,0,0,1,1,1,1,0,1,0,1,7,0.9777777777777776,0.9777777777777776,accuracy,133,45,42,2
0,1,0,0,0,1,1,1,1,0,0,1,1,7,0.9333333333333332,0.9333333333333332,accuracy,133,45,42,4
0,1,0,0,0,1,1,1,0,1,1,1,0,7,0.9111111111111112,0.9111111111111112,accuracy,133,45,42,5
0,1,0,0,0,1,1,1,0,1,1,0,1,7,1.0,1.0,accuracy,133,45,42,1
0,1,0,0,0,1,1,1,0,1,0,1,1,7,1.0,1.0,accuracy,133,45,42,1
0,1,0,0,0,1,1,1,0,0,1,1,1,7,0.9333333333333332,0.9333333333333332,accuracy,133,45,42,4
0,1,0,0,0,1,1,0,1,1,1,1,0,7,0.9111111111111112,0.9111111111111112,accuracy,133,45,42,5
0,1,0,0,0,1,1,0,1,1,1,0,1,7,1.0,1.0,accuracy,133,45,42,1
0,1,0,0,0,1,1,0,1,1,0,1,1,7,1.0,1.0,accuracy,133,45,42,1
0,1,0,0,0,1,1,0,1,0,1,1,1,7,0.9333333333333332,0.9333333333333332,accuracy,133,45,42,4
0,1,0,0,0,1,1,0,0,1,1,1,1,7,1.0,1.0,accuracy,133,45,42,1
0,1,0,0,0,1,0,1,1,1,1,1,0,7,0.9111111111111112,0.9111111111111112,accuracy,133,45,42,5
0,1,0,0,0,1,0,1,1,1,1,0,1,7,1.0,1.0,accuracy,133,45,42,1
0,1,0,0,0,1,0,1,1,1,0,1,1,7,1.0,1.0,accuracy,133,45,42,1
0,1,0,0,0,1,0,1,1,0,1,1,1,7,0.9111111111111112,0.9111111111111112,accuracy,133,45,42,5
0,1,0,0,0,1,0,1,0,1,1,1,1,7,1.0,1.0,accuracy,133,45,42,1
0,1,0,0,0,1,0,0,1,1,1,1,1,7,1.0,1.0,accuracy,133,45,42,1
0,1,0,0,0,0,1,1,1,1,1,1,0,7,0.9111111111111112,0.9111111111111112,accuracy,133,45,42,5
0,1,0,0,0,0,1,1,1,1,1,0,1,7,1.0,1.0,accuracy,133,45,42,1
0,1,0,0,0,0,1,1,1,1,0,1,1,7,1.0,1.0,accuracy,133,45,42,1
0,1,0,0,0,0,1,1,1,0,1,1,1,7,0.9333333333333332,0.9333333333333332,accuracy,133,45,42,4
0,1,0,0,0,0,1,1,0,1,1,1,1,7,1.0,1.0,accuracy,133,45,42,1
0,1,0,0,0,0,1,0,1,1,1,1,1,7,1.0,1.0,accuracy,133,45,42,1
0,1,0,0,0,0,0,1,1,1,1,1,1,7,1.0,1.0,accuracy,133,45,42,1
0,0,1,1,1,1,1,1,1,0,0,0,0,7,0.9555555555555556,0.9555555555555556,accuracy,133,45,42,3
0,0,1,1,1,1,1,1,0,1,0,0,0,7,0.9555555555555556,0.9555555555555556,accuracy,133,45,42,3
0,0,1,1,1,1,1,1,0,0,1,0,0,7,0.9333333333333332,0.9333333333333332,accuracy,133,45,42,4
0,0,1,1,1,1,1,1,0,0,0,1,0,7,0.9111111111111112,0.9111111111111112,accuracy,133,45,42,5
0,0,1,1,1,1,1,1,0,0,0,0,1,7,0.9777777777777776,0.9777777777777776,accuracy,133,45,42,2
0,0,1,1,1,1,1,0,1,1,0,0,0,7,0.9555555555555556,0.9555555555555556,accuracy,133,45,42,3
0,0,1,1,1,1,1,0,1,0,1,0,0,7,0.9555555555555556,0.9555555555555556,accuracy,133,45,42,3
0,0,1,1,1,1,1,0,1,0,0,1,0,7,0.9333333333333332,0.9333333333333332,accuracy,133,45,42,4
0,0,1,1,1,1,1,0,1,0,0,0,1,7,0.9777777777777776,0.9777777777777776,accuracy,133,45,42,2
0,0,1,1,1,1,1,0,0,1,1,0,0,7,0.9111111111111112,0.9111111111111112,accuracy,133,45,42,5
0,0,1,1,1,1,1,0,0,1,0,1,0,7,0.9555555555555556,0.9555555555555556,accuracy,133,45,42,3
0,0,1,1,1,1,1,0,0,1,0,0,1,7,1.0,1.0,accuracy,133,45,42,1
0,0,1,1,1,1,1,0,0,0,1,1,0,7,0.9333333333333332,0.9333333333333332,accuracy,133,45,42,4
0,0,1,1,1,1,1,0,0,0,1,0,1,7,0.9555555555555556,0.9555555555555556,accuracy,133,45,42,3
0,0,1,1,1,1,1,0,0,0,0,1,1,7,0.9777777777777776,0.9777777777777776,accuracy,133,45,42,2
0,0,1,1,1,1,0,1,1,1,0,0,0,7,0.9111111111111112,0.9111111111111112,accuracy,133,45,42,5
0,0,1,1,1,1,0,1,1,0,1,0,0,7,0.8,0.8,accuracy,133,45,42,10
0,0,1,1,1,1,0,1,1,0,0,1,0,7,0.8666666666666667,0.8666666666666667,accuracy,133,45,42,7
0,0,1,1,1,1,0,1,1,0,0,0,1,7,0.8888888888888888,0.8888888888888888,accuracy,133,45,42,6
0,0,1,1,1,1,0,1,0,1,1,0,0,7,0.9111111111111112,0.9111111111111112,accuracy,133,45,42,5
0,0,1,1,1,1,0,1,0,1,0,1,0,7,0.9333333333333332,0.9333333333333332,accuracy,133,45,42,4
0,0,1,1,1,1,0,1,0,1,0,0,1,7,0.9555555555555556,0.9555555555555556,accuracy,133,45,42,3
0,0,1,1,1,1,0,1,0,0,1,1,0,7,0.8888888888888888,0.8888888888888888,accuracy,133,45,42,6
0,0,1,1,1,1,0,1,0,0,1,0,1,7,0.8666666666666667,0.8666666666666667,accuracy,133,45,42,7
0,0,1,1,1,1,0,1,0,0,0,1,1,7,0.9111111111111112,0.9111111111111112,accuracy,133,45,42,5
0,0,1,1,1,1,0,0,1,1,1,0,0,7,0.9111111111111112,0.9111111111111112,accuracy,133,45,42,5
0,0,1,1,1,1,0,0,1,1,0,1,0,7,0.9555555555555556,0.9555555555555556,accuracy,133,45,42,3
0,0,1,1,1,1,0,0,1,1,0,0,1,7,0.9333333333333332,0.9333333333333332,accuracy,133,45,42,4
0,0,1,1,1,1,0,0,1,0,1,1,0,7,0.8888888888888888,0.8888888888888888,accuracy,133,45,42,6
0,0,1,1,1,1,0,0,1,0,1,0,1,7,0.8666666666666667,0.8666666666666667,accuracy,133,45,42,7
0,0,1,1,1,1,0,0,1,0,0,1,1,7,0.9555555555555556,0.9555555555555556,accuracy,133,45,42,3
0,0,1,1,1,1,0,0,0,1,1,1,0,7,0.9111111111111112,0.9111111111111112,accuracy,133,45,42,5
0,0,1,1,1,1,0,0,0,1,1,0,1,7,0.9777777777777776,0.9777777777777776,accuracy,133,45,42,2
0,0,1,1,1,1,0,0,0,1,0,1,1,7,0.9555555555555556,0.9555555555555556,accuracy,133,45,42,3
0,0,1,1,1,1,0,0,0,0,1,1,1,7,0.9555555555555556,0.9555555555555556,accuracy,133,45,42,3
0,0,1,1,1,0,1,1,1,1,0,0,0,7,0.9555555555555556,0.9555555555555556,accuracy,133,45,42,3
0,0,1,1,1,0,1,1,1,0,1,0,0,7,0.9555555555555556,0.9555555555555556,accuracy,133,45,42,3
0,0,1,1,1,0,1,1,1,0,0,1,0,7,0.9111111111111112,0.9111111111111112,accuracy,133,45,42,5
0,0,1,1,1,0,1,1,1,0,0,0,1,7,0.9777777777777776,0.9777777777777776,accuracy,133,45,42,2
0,0,1,1,1,0,1,1,0,1,1,0,0,7,0.9111111111111112,0.9111111111111112,accuracy,133,45,42,5
0,0,1,1,1,0,1,1,0,1,0,1,0,7,0.9555555555555556,0.9555555555555556,accuracy,133,45,42,3
0,0,1,1,1,0,1,1,0,1,0,0,1,7,0.9777777777777776,0.9777777777777776,accuracy,133,45,42,2
0,0,1,1,1,0,1,1,0,0,1,1,0,7,0.9333333333333332,0.9333333333333332,accuracy,133,45,42,4
0,0,1,1,1,0,1,1,0,0,1,0,1,7,0.9555555555555556,0.9555555555555556,accuracy,133,45,42,3
0,0,1,1,1,0,1,1,0,0,0,1,1,7,0.9777777777777776,0.9777777777777776,accuracy,133,45,42,2
0,0,1,1,1,0,1,0,1,1,1,0,0,7,0.9333333333333332,0.9333333333333332,accuracy,133,45,42,4
0,0,1,1,1,0,1,0,1,1,0,1,0,7,0.9777777777777776,0.9777777777777776,accuracy,133,45,42,2
0,0,1,1,1,0,1,0,1,1,0,0,1,7,0.9777777777777776,0.9777777777777776,accuracy,133,45,42,2
0,0,1,1,1,0,1,0,1,0,1,1,0,7,0.9555555555555556,0.9555555555555556,accuracy,133,45,42,3
0,0,1,1,1,0,1,0,1,0,1,0,1,7,0.9555555555555556,0.9555555555555556,accuracy,133,45,42,3
0,0,1,1,1,0,1,0,1,0,0,1,1,7,0.9777777777777776,0.9777777777777776,accuracy,133,45,42,2
0,0,1,1,1,0,1,0,0,1,1,1,0,7,0.9333333333333332,0.9333333333333332,accuracy,133,45,42,4
0,0,1,1,1,0,1,0,0,1,1,0,1,7,1.0,1.0,accuracy,133,45,42,1
0,0,1,1,1,0,1,0,0,1,0,1,1,7,0.9777777777777776,0.9777777777777776,accuracy,133,45,42,2
0,0,1,1,1,0,1,0,0,0,1,1,1,7,0.9555555555555556,0.9555555555555556,accuracy,133,45,42,3
0,0,1,1,1,0,0,1,1,1,1,0,0,7,0.9333333333333332,0.9333333333333332,accuracy,133,45,42,4
0,0,1,1,1,0,0,1,1,1,0,1,0,7,0.9333333333333332,0.9333333333333332,accuracy,133,45,42,4
0,0,1,1,1,0,0,1,1,1,0,0,1,7,0.9777777777777776,0.9777777777777776,accuracy,133,45,42,2
0,0,1,1,1,0,0,1,1,0,1,1,0,7,0.8888888888888888,0.8888888888888888,accuracy,133,45,42,6
0,0,1,1,1,0,0,1,1,0,1,0,1,7,0.8888888888888888,0.8888888888888888,accuracy,133,45,42,6
0,0,1,1,1,0,0,1,1,0,0,1,1,7,0.9333333333333332,0.9333333333333332,accuracy,133,45,42,4
0,0,1,1,1,0,0,1,0,1,1,1,0,7,0.9555555555555556,0.9555555555555556,accuracy,133,45,42,3
0,0,1,1,1,0,0,1,0,1,1,0,1,7,0.9777777777777776,0.9777777777777776,accuracy,133,45,42,2
0,0,1,1,1,0,0,1,0,1,0,1,1,7,0.9777777777777776,0.9777777777777776,accuracy,133,45,42,2
0,0,1,1,1,0,0,1,0,0,1,1,1,7,0.9555555555555556,0.9555555555555556,accuracy,133,45,42,3
0,0,1,1,1,0,0,0,1,1,1,1,0,7,0.9555555555555556,0.9555555555555556,accuracy,133,45,42,3
0,0,1,1,1,0,0,0,1,1,1,0,1,7,1.0,1.0,accuracy,133,45,42,1
0,0,1,1,1,0,0,0,1,1,0,1,1,7,1.0,1.0,accuracy,133,45,42,1
0,0,1,1,1,0,0,0,1,0,1,1,1,7,0.9555555555555556,0.9555555555555556,accuracy,133,45,42,3
0,0,1,1,1,0,0,0,0,1,1,1,1,7,1.0,1.0,accuracy,133,45,42,1
0,0,1,1,0,1,1,1,1,1,0,0,0,7,0.9555555555555556,0.9555555555555556,accuracy,133,45,42,3
0,0,1,1,0,1,1,1,1,0,1,0,0,7,0.9111111111111112,0.9111111111111112,accuracy,133,45,42,5
0,0,1,1,0,1,1,1,1,0,0,1,0,7,0.8666666666666667,0.8666666666666667,accuracy,133,45,42,7
0,0,1,1,0,1,1,1,1,0,0,0,1,7,0.9777777777777776,0.9777777777777776,accuracy,133,45,42,2
0,0,1,1,0,1,1,1,0,1,1,0,0,7,0.9111111111111112,0.9111111111111112,accuracy,133,45,42,5
0,0,1,1,0,1,1,1,0,1,0,1,0,7,0.9333333333333332,0.9333333333333332,accuracy,133,45,42,4
0,0,1,1,0,1,1,1,0,1,0,0,1,7,1.0,1.0,accuracy,133,45,42,1
0,0,1,1,0,1,1,1,0,0,1,1,0,7,0.8666666666666667,0.8666666666666667,accuracy,133,45,42,7
0,0,1,1,0,1,1,1,0,0,1,0,1,7,0.9555555555555556,0.9555555555555556,accuracy,133,45,42,3
0,0,1,1,0,1,1,1,0,0,0,1,1,7,1.0,1.0,accuracy,133,45,42,1
0,0,1,1,0,1,1,0,1,1,1,0,0,7,0.9111111111111112,0.9111111111111112,accuracy,133,45,42,5
0,0,1,1,0,1,1,0,1,1,0,1,0,7,0.9333333333333332,0.9333333333333332,accuracy,133,45,42,4
0,0,1,1,0,1,1,0,1,1,0,0,1,7,1.0,1.0,accuracy,133,45,42,1
0,0,1,1,0,1,1,0,1,0,1,1,0,7,0.8888888888888888,0.8888888888888888,accuracy,133,45,42,6
0,0,1,1,0,1,1,0,1,0,1,0,1,7,0.9555555555555556,0.9555555555555556,accuracy,133,45,42,3
0,0,1,1,0,1,1,0,1,0,0,1,1,7,1.0,1.0,accuracy,133,45,42,1
0,0,1,1,0,1,1,0,0,1,1,1,0,7,0.9111111111111112,0.9111111111111112,accuracy,133,45,42,5
0,0,1,1,0,1,1,0,0,1,1,0,1,7,1.0,1.0,accuracy,133,45,42,1
0,0,1,1,0,1,1,0,0,1,0,1,1,7,1.0,1.0,accuracy,133,45,42,1
0,0,1,1,0,1,1,0,0,0,1,1,1,7,0.9555555555555556,0.9555555555555556,accuracy,133,45,42,3
0,0,1,1,0,1,0,1,1,1,1,0,0,7,0.9111111111111112,0.9111111111111112,accuracy,133,45,42,5
0,0,1,1,0,1,0,1,1,1,0,1,0,7,0.9333333333333332,0.9333333333333332,accuracy,133,45,42,4
0,0,1,1,0,1,0,1,1,1,0,0,1,7,0.9555555555555556,0.9555555555555556,accuracy,133,45,42,3
0,0,1,1,0,1,0,1,1,0,1,1,0,7,0.8222222222222222,0.8222222222222222,accuracy,133,45,42,9
0,0,1,1,0,1,0,1,1,0,1,0,1,7,0.8666666666666667,0.8666666666666667,accuracy,133,45,42,7
0,0,1,1,0,1,0,1,1,0,0,1,1,7,0.9333333333333332,0.9333333333333332,accuracy,133,45,42,4
0,0,1,1,0,1,0,1,0,1,1,1,0,7,0.8888888888888888,0.8888888888888888,accuracy,133,45,42,6
0,0,1,1,0,1,0,1,0,1,1,0,1,7,0.9777777777777776,0.9777777777777776,accuracy,133,45,42,2
0,0,1,1,0,1,0,1,0,1,0,1,1,7,0.9777777777777776,0.9777777777777776,accuracy,133,45,42,2
0,0,1,1,0,1,0,1,0,0,1,1,1,7,0.9333333333333332,0.9333333333333332,accuracy,133,45,42,4
0,0,1,1,0,1,0,0,1,1,1,1,0,7,0.9111111111111112,0.9111111111111112,accuracy,133,45,42,5
0,0,1,1,0,1,0,0,1,1,1,0,1,7,0.9777777777777776,0.9777777777777776,accuracy,133,45,42,2
0,0,1,1,0,1,0,0,1,1,0,1,1,7,1.0,1.0,accuracy,133,45,42,1
0,0,1,1,0,1,0,0,1,0,1,1,1,7,0.9333333333333332,0.9333333333333332,accuracy,133,45,42,4
0,0,1,1,0,1,0,0,0,1,1,1,1,7,0.9777777777777776,0.9777777777777776,accuracy,133,45,42,2
0,0,1,1,0,0,1,1,1,1,1,0,0,7,0.9111111111111112,0.9111111111111112,accuracy,133,45,42,5
0,0,1,1,0,0,1,1,1,1,0,1,0,7,0.9333333333333332,0.9333333333333332,accuracy,133,45,42,4
0,0,1,1,0,0,1,1,1,1,0,0,1,7,1.0,1.0,accuracy,133,45,42,1
0,0,1,1,0,0,1,1,1,0,1,1,0,7,0.8444444444444444,0.8444444444444444,accuracy,133,45,42,8
0,0,1,1,0,0,1,1,1,0,1,0,1,7,0.9555555555555556,0.9555555555555556,accuracy,133,45,42,3
0,0,1,1,0,0,1,1,1,0,0,1,1,7,0.9777777777777776,0.9777777777777776,accuracy,133,45,42,2
0,0,1,1,0,0,1,1,0,1,1,1,0,7,0.9111111111111112,0.9111111111111112,accuracy,133,45,42,5
0,0,1,1,0,0,1,1,0,1,1,0,1,7,1.0,1.0,accuracy,133,45,42,1
0,0,1,1,0,0,1,1,0,1,0,1,1,7,1.0,1.0,accuracy,133,45,42,1
0,0,1,1,0,0,1,1,0,0,1,1,1,7,0.9555555555555556,0.9555555555555556,accuracy,133,45,42,3
0,0,1,1,0,0,1,0,1,1,1,1,0,7,0.9111111111111112,0.9111111111111112,accuracy,133,45,42,5
0,0,1,1,0,0,1,0,1,1,1,0,1,7,1.0,1.0,accuracy,133,45,42,1
0,0,1,1,0,0,1,0,1,1,0,1,1,7,1.0,1.0,accuracy,133,45,42,1
0,0,1,1,0,0,1,0,1,0,1,1,1,7,0.9555555555555556,0.9555555555555556,accuracy,133,45,42,3
0,0,1,1,0,0,1,0,0,1,1,1,1,7,1.0,1.0,accuracy,133,45,42,1
0,0,1,1,0,0,0,1,1,1,1,1,0,7,0.9111111111111112,0.9111111111111112,accuracy,133,45,42,5
0,0,1,1,0,0,0,1,1,1,1,0,1,7,1.0,1.0,accuracy,133,45,42,1
0,0,1,1,0,0,0,1,1,1,0,1,1,7,1.0,1.0,accuracy,133,45,42,1
0,0,1,1,0,0,0,1,1,0,1,1,1,7,0.9333333333333332,0.9333333333333332,accuracy,133,45,42,4
0,0,1,1,0,0,0,1,0,1,1,1,1,7,1.0,1.0,accuracy,133,45,42,1
0,0,1,1,0,0,0,0,1,1,1,1,1,7,1.0,1.0,accuracy,133,45,42,1
0,0,1,0,1,1,1,1,1,1,0,0,0,7,0.9555555555555556,0.9555555555555556,accuracy,133,45,42,3
0,0,1,0,1,1,1,1,1,0,1,0,0,7,0.9333333333333332,0.9333333333333332,accuracy,133,45,42,4
0,0,1,0,1,1,1,1,1,0,0,1,0,7,0.9333333333333332,0.9333333333333332,accuracy,133,45,42,4
0,0,1,0,1,1,1,1,1,0,0,0,1,7,1.0,1.0,accuracy,133,45,42,1
0,0,1,0,1,1,1,1,0,1,1,0,0,7,0.9111111111111112,0.9111111111111112,accuracy,133,45,42,5
0,0,1,0,1,1,1,1,0,1,0,1,0,7,0.9555555555555556,0.9555555555555556,accuracy,133,45,42,3
0,0,1,0,1,1,1,1,0,1,0,0,1,7,0.9777777777777776,0.9777777777777776,accuracy,133,45,42,2
0,0,1,0,1,1,1,1,0,0,1,1,0,7,0.9777777777777776,0.9777777777777776,accuracy,133,45,42,2
0,0,1,0,1,1,1,1,0,0,1,0,1,7,0.9555555555555556,0.9555555555555556,accuracy,133,45,42,3
0,0,1,0,1,1,1,1,0,0,0,1,1,7,0.9777777777777776,0.9777777777777776,accuracy,133,45,42,2
0,0,1,0,1,1,1,0,1,1,1,0,0,7,0.9111111111111112,0.9111111111111112,accuracy,133,45,42,5
0,0,1,0,1,1,1,0,1,1,0,1,0,7,0.9555555555555556,0.9555555555555556,accuracy,133,45,42,3
0,0,1,0,1,1,1,0,1,1,0,0,1,7,0.9777777777777776,0.9777777777777776,accuracy,133,45,42,2
0,0,1,0,1,1,1,0,1,0,1,1,0,7,0.9333333333333332,0.9333333333333332,accuracy,133,45,42,4
0,0,1,0,1,1,1,0,1,0,1,0,1,7,0.9555555555555556,0.9555555555555556,accuracy,133,45,42,3
0,0,1,0,1,1,1,0,1,0,0,1,1,7,0.9777777777777776,0.9777777777777776,accuracy,133,45,42,2
0,0,1,0,1,1,1,0,0,1,1,1,0,7,0.9555555555555556,0.9555555555555556,accuracy,133,45,42,3
0,0,1,0,1,1,1,0,0,1,1,0,1,7,1.0,1.0,accuracy,133,45,42,1
0,0,1,0,1,1,1,0,0,1,0,1,1,7,0.9777777777777776,0.9777777777777776,accuracy,133,45,42,2
0,0,1,0,1,1,1,0,0,0,1,1,1,7,0.9555555555555556,0.9555555555555556,accuracy,133,45,42,3
0,0,1,0,1,1,0,1,1,1,1,0,0,7,0.8888888888888888,0.8888888888888888,accuracy,133,45,42,6
0,0,1,0,1,1,0,1,1,1,0,1,0,7,0.9555555555555556,0.9555555555555556,accuracy,133,45,42,3
0,0,1,0,1,1,0,1,1,1,0,0,1,7,0.9555555555555556,0.9555555555555556,accuracy,133,45,42,3
0,0,1,0,1,1,0,1,1,0,1,1,0,7,0.8888888888888888,0.8888888888888888,accuracy,133,45,42,6
0,0,1,0,1,1,0,1,1,0,1,0,1,7,0.8888888888888888,0.8888888888888888,accuracy,133,45,42,6
0,0,1,0,1,1,0,1,1,0,0,1,1,7,0.9111111111111112,0.9111111111111112,accuracy,133,45,42,5
0,0,1,0,1,1,0,1,0,1,1,1,0,7,0.9111111111111112,0.9111111111111112,accuracy,133,45,42,5
0,0,1,0,1,1,0,1,0,1,1,0,1,7,0.9777777777777776,0.9777777777777776,accuracy,133,45,42,2
0,0,1,0,1,1,0,1,0,1,0,1,1,7,0.9555555555555556,0.9555555555555556,accuracy,133,45,42,3
0,0,1,0,1,1,0,1,0,0,1,1,1,7,0.9555555555555556,0.9555555555555556,accuracy,133,45,42,3
0,0,1,0,1,1,0,0,1,1,1,1,0,7,0.9333333333333332,0.9333333333333332,accuracy,133,45,42,4
0,0,1,0,1,1,0,0,1,1,1,0,1,7,0.9777777777777776,0.9777777777777776,accuracy,133,45,42,2
0,0,1,0,1,1,0,0,1,1,0,1,1,7,0.9777777777777776,0.9777777777777776,accuracy,133,45,42,2
0,0,1,0,1,1,0,0,1,0,1,1,1,7,0.9555555555555556,0.9555555555555556,accuracy,133,45,42,3
0,0,1,0,1,1,0,0,0,1,1,1,1,7,0.9555555555555556,0.9555555555555556,accuracy,133,45,42,3
0,0,1,0,1,0,1,1,1,1,1,0,0,7,0.9111111111111112,0.9111111111111112,accuracy,133,45,42,5
0,0,1,0,1,0,1,1,1,1,0,1,0,7,0.9555555555555556,0.9555555555555556,accuracy,133,45,42,3
0,0,1,0,1,0,1,1,1,1,0,0,1,7,1.0,1.0,accuracy,133,45,42,1
0,0,1,0,1,0,1,1,1,0,1,1,0,7,0.9333333333333332,0.9333333333333332,accuracy,133,45,42,4
0,0,1,0,1,0,1,1,1,0,1,0,1,7,0.9555555555555556,0.9555555555555556,accuracy,133,45,42,3
0,0,1,0,1,0,1,1,1,0,0,1,1,7,0.9777777777777776,0.9777777777777776,accuracy,133,45,42,2
0,0,1,0,1,0,1,1,0,1,1,1,0,7,0.9333333333333332,0.9333333333333332,accuracy,133,45,42,4
0,0,1,0,1,0,1,1,0,1,1,0,1,7,1.0,1.0,accuracy,133,45,42,1
0,0,1,0,1,0,1,1,0,1,0,1,1,7,1.0,1.0,accuracy,133,45,42,1
0,0,1,0,1,0,1,1,0,0,1,1,1,7,0.9555555555555556,0.9555555555555556,accuracy,133,45,42,3
0,0,1,0,1,0,1,0,1,1,1,1,0,7,0.9555555555555556,0.9555555555555556,accuracy,133,45,42,3
0,0,1,0,1,0,1,0,1,1,1,0,1,7,1.0,1.0,accuracy,133,45,42,1
0,0,1,0,1,0,1,0,1,1,0,1,1,7,0.9777777777777776,0.9777777777777776,accuracy,133,45,42,2
0,0,1,0,1,0,1,0,1,0,1,1,1,7,0.9555555555555556,0.9555555555555556,accuracy,133,45,42,3
0,0,1,0,1,0,1,0,0,1,1,1,1,7,1.0,1.0,accuracy,133,45,42,1
0,0,1,0,1,0,0,1,1,1,1,1,0,7,0.9555555555555556,0.9555555555555556,accuracy,133,45,42,3
0,0,1,0,1,0,0,1,1,1,1,0,1,7,1.0,1.0,accuracy,133,45,42,1
0,0,1,0,1,0,0,1,1,1,0,1,1,7,0.9777777777777776,0.9777777777777776,accuracy,133,45,42,2
0,0,1,0,1,0,0,1,1,0,1,1,1,7,0.9555555555555556,0.9555555555555556,accuracy,133,45,42,3
0,0,1,0,1,0,0,1,0,1,1,1,1,7,0.9777777777777776,0.9777777777777776,accuracy,133,45,42,2
0,0,1,0,1,0,0,0,1,1,1,1,1,7,1.0,1.0,accuracy,133,45,42,1
0,0,1,0,0,1,1,1,1,1,1,0,0,7,0.9111111111111112,0.9111111111111112,accuracy,133,45,42,5
0,0,1,0,0,1,1,1,1,1,0,1,0,7,0.9333333333333332,0.9333333333333332,accuracy,133,45,42,4
0,0,1,0,0,1,1,1,1,1,0,0,1,7,1.0,1.0,accuracy,133,45,42,1
0,0,1,0,0,1,1,1,1,0,1,1,0,7,0.9111111111111112,0.9111111111111112,accuracy,133,45,42,5
0,0,1,0,0,1,1,1,1,0,1,0,1,7,0.9555555555555556,0.9555555555555556,accuracy,133,45,42,3
0,0,1,0,0,1,1,1,1,0,0,1,1,7,0.9555555555555556,0.9555555555555556,accuracy,133,45,42,3
0,0,1,0,0,1,1,1,0,1,1,1,0,7,0.9111111111111112,0.9111111111111112,accuracy,133,45,42,5
0,0,1,0,0,1,1,1,0,1,1,0,1,7,1.0,1.0,accuracy,133,45,42,1
0,0,1,0,0,1,1,1,0,1,0,1,1,7,1.0,1.0,accuracy,133,45,42,1
0,0,1,0,0,1,1,1,0,0,1,1,1,7,0.9555555555555556,0.9555555555555556,accuracy,133,45,42,3
0,0,1,0,0,1,1,0,1,1,1,1,0,7,0.9111111111111112,0.9111111111111112,accuracy,133,45,42,5
0,0,1,0,0,1,1,0,1,1,1,0,1,7,1.0,1.0,accuracy,133,45,42,1
0,0,1,0,0,1,1,0,1,1,0,1,1,7,1.0,1.0,accuracy,133,45,42,1
0,0,1,0,0,1,1,0,1,0,1,1,1,7,0.9555555555555556,0.9555555555555556,accuracy,133,45,42,3
0,0,1,0,0,1,1,0,0,1,1,1,1,7,1.0,1.0,accuracy,133,45,42,1
0,0,1,0,0,1,0,1,1,1,1,1,0,7,0.9111111111111112,0.9111111111111112,accuracy,133,45,42,5
0,0,1,0,0,1,0,1,1,1,1,0,1,7,0.9777777777777776,0.9777777777777776,accuracy,133,45,42,2
0,0,1,0,0,1,0,1,1,1,0,1,1,7,1.0,1.0,accuracy,133,45,42,1
0,0,1,0,0,1,0,1,1,0,1,1,1,7,0.9555555555555556,0.9555555555555556,accuracy,133,45,42,3
0,0,1,0,0,1,0,1,0,1,1,1,1,7,0.9777777777777776,0.9777777777777776,accuracy,133,45,42,2
0,0,1,0,0,1,0,0,1,1,1,1,1,7,1.0,1.0,accuracy,133,45,42,1
0,0,1,0,0,0,1,1,1,1,1,1,0,7,0.9111111111111112,0.9111111111111112,accuracy,133,45,42,5
0,0,1,0,0,0,1,1,1,1,1,0,1,7,1.0,1.0,accuracy,133,45,42,1
0,0,1,0,0,0,1,1,1,1,0,1,1,7,1.0,1.0,accuracy,133,45,42,1
0,0,1,0,0,0,1,1,1,0,1,1,1,7,0.9555555555555556,0.9555555555555556,accuracy,133,45,42,3
0,0,1,0,0,0,1,1,0,1,1,1,1,7,1.0,1.0,accuracy,133,45,42,1
0,0,1,0,0,0,1,0,1,1,1,1,1,7,1.0,1.0,accuracy,133,45,42,1
0,0,1,0,0,0,0,1,1,1,1,1,1,7,1.0,1.0,accuracy,133,45,42,1
0,0,0,1,1,1,1,1,1,1,0,0,0,7,0.9333333333333332,0.9333333333333332,accuracy,133,45,42,4
0,0,0,1,1,1,1,1,1,0,1,0,0,7,0.9333333333333332,0.9333333333333332,accuracy,133,45,42,4
0,0,0,1,1,1,1,1,1,0,0,1,0,7,0.9555555555555556,0.9555555555555556,accuracy,133,45,42,3
0,0,0,1,1,1,1,1,1,0,0,0,1,7,0.9777777777777776,0.9777777777777776,accuracy,133,45,42,2
0,0,0,1,1,1,1,1,0,1,1,0,0,7,0.9333333333333332,0.9333333333333332,accuracy,133,45,42,4
0,0,0,1,1,1,1,1,0,1,0,1,0,7,0.9333333333333332,0.9333333333333332,accuracy,133,45,42,4
0,0,0,1,1,1,1,1,0,1,0,0,1,7,1.0,1.0,accuracy,133,45,42,1
0,0,0,1,1,1,1,1,0,0,1,1,0,7,0.9111111111111112,0.9111111111111112,accuracy,133,45,42,5
0,0,0,1,1,1,1,1,0,0,1,0,1,7,0.9555555555555556,0.9555555555555556,accuracy,133,45,42,3
0,0,0,1,1,1,1,1,0,0,0,1,1,7,1.0,1.0,accuracy,133,45,42,1
0,0,0,1,1,1,1,0,1,1,1,0,0,7,0.9333333333333332,0.9333333333333332,accuracy,133,45,42,4
0,0,0,1,1,1,1,0,1,1,0,1,0,7,0.9555555555555556,0.9555555555555556,accuracy,133,45,42,3
0,0,0,1,1,1,1,0,1,1,0,0,1,7,1.0,1.0,accuracy,133,45,42,1
0,0,0,1,1,1,1,0,1,0,1,1,0,7,0.9111111111111112,0.9111111111111112,accuracy,133,45,42,5
0,0,0,1,1,1,1,0,1,0,1,0,1,7,0.9555555555555556,0.9555555555555556,accuracy,133,45,42,3
0,0,0,1,1,1,1,0,1,0,0,1,1,7,1.0,1.0,accuracy,133,45,42,1
0,0,0,1,1,1,1,0,0,1,1,1,0,7,0.9333333333333332,0.9333333333333332,accuracy,133,45,42,4
0,0,0,1,1,1,1,0,0,1,1,0,1,7,1.0,1.0,accuracy,133,45,42,1
0,0,0,1,1,1,1,0,0,1,0,1,1,7,1.0,1.0,accuracy,133,45,42,1
0,0,0,1,1,1,1,0,0,0,1,1,1,7,0.9555555555555556,0.9555555555555556,accuracy,133,45,42,3
0,0,0,1,1,1,0,1,1,1,1,0,0,7,0.9111111111111112,0.9111111111111112,accuracy,133,45,42,5
0,0,0,1,1,1,0,1,1,1,0,1,0,7,0.9333333333333332,0.9333333333333332,accuracy,133,45,42,4
0,0,0,1,1,1,0,1,1,1,0,0,1,7,0.9777777777777776,0.9777777777777776,accuracy,133,45,42,2
0,0,0,1,1,1,0,1,1,0,1,1,0,7,0.8888888888888888,0.8888888888888888,accuracy,133,45,42,6
0,0,0,1,1,1,0,1,1,0,1,0,1,7,0.9333333333333332,0.9333333333333332,accuracy,133,45,42,4
0,0,0,1,1,1,0,1,1,0,0,1,1,7,0.9777777777777776,0.9777777777777776,accuracy,133,45,42,2
0,0,0,1,1,1,0,1,0,1,1,1,0,7,0.9111111111111112,0.9111111111111112,accuracy,133,45,42,5
0,0,0,1,1,1,0,1,0,1,1,0,1,7,0.9777777777777776,0.9777777777777776,accuracy,133,45,42,2
0,0,0,1,1,1,0,1,0,1,0,1,1,7,1.0,1.0,accuracy,133,45,42,1
0,0,0,1,1,1,0,1,0,0,1,1,1,7,0.9555555555555556,0.9555555555555556,accuracy,133,45,42,3
0,0,0,1,1,1,0,0,1,1,1,1,0,7,0.9333333333333332,0.9333333333333332,accuracy,133,45,42,4
0,0,0,1,1,1,0,0,1,1,1,0,1,7,0.9777777777777776,0.9777777777777776,accuracy,133,45,42,2
0,0,0,1,1,1,0,0,1,1,0,1,1,7,1.0,1.0,accuracy,133,45,42,1
0,0,0,1,1,1,0,0,1,0,1,1,1,7,0.9555555555555556,0.9555555555555556,accuracy,133,45,42,3
0,0,0,1,1,1,0,0,0,1,1,1,1,7,0.9777777777777776,0.9777777777777776,accuracy,133,45,42,2
0,0,0,1,1,0,1,1,1,1,1,0,0,7,0.9333333333333332,0.9333333333333332,accuracy,133,45,42,4
0,0,0,1,1,0,1,1,1,1,0,1,0,7,0.9555555555555556,0.9555555555555556,accuracy,133,45,42,3
0,0,0,1,1,0,1,1,1,1,0,0,1,7,1.0,1.0,accuracy,133,45,42,1
0,0,0,1,1,0,1,1,1,0,1,1,0,7,0.9111111111111112,0.9111111111111112,accuracy,133,45,42,5
0,0,0,1,1,0,1,1,1,0,1,0,1,7,0.9555555555555556,0.9555555555555556,accuracy,133,45,42,3
0,0,0,1,1,0,1,1,1,0,0,1,1,7,1.0,1.0,accuracy,133,45,42,1
0,0,0,1,1,0,1,1,0,1,1,1,0,7,0.9333333333333332,0.9333333333333332,accuracy,133,45,42,4
0,0,0,1,1,0,1,1,0,1,1,0,1,7,1.0,1.0,accuracy,133,45,42,1
0,0,0,1,1,0,1,1,0,1,0,1,1,7,1.0,1.0,accuracy,133,45,42,1
0,0,0,1,1,0,1,1,0,0,1,1,1,7,0.9555555555555556,0.9555555555555556,accuracy,133,45,42,3
0,0,0,1,1,0,1,0,1,1,1,1,0,7,0.9333333333333332,0.9333333333333332,accuracy,133,45,42,4
0,0,0,1,1,0,1,0,1,1,1,0,1,7,1.0,1.0,accuracy,133,45,42,1
0,0,0,1,1,0,1,0,1,1,0,1,1,7,1.0,1.0,accuracy,133,45,42,1
0,0,0,1,1,0,1,0,1,0,1,1,1,7,0.9555555555555556,0.9555555555555556,accuracy,133,45,42,3
0,0,0,1,1,0,1,0,0,1,1,1,1,7,1.0,1.0,accuracy,133,45,42,1
0,0,0,1,1,0,0,1,1,1,1,1,0,7,0.9333333333333332,0.9333333333333332,accuracy,133,45,42,4
0,0,0,1,1,0,0,1,1,1,1,0,1,7,1.0,1.0,accuracy,133,45,42,1
0,0,0,1,1,0,0,1,1,1,0,1,1,7,1.0,1.0,accuracy,133,45,42,1
0,0,0,1,1,0,0,1,1,0,1,1,1,7,0.9555555555555556,0.9555555555555556,accuracy,133,45,42,3
0,0,0,1,1,0,0,1,0,1,1,1,1,7,0.9777777777777776,0.9777777777777776,accuracy,133,45,42,2
0,0,0,1,1,0,0,0,1,1,1,1,1,7,1.0,1.0,accuracy,133,45,42,1
0,0,0,1,0,1,1,1,1,1,1,0,0,7,0.9111111111111112,0.9111111111111112,accuracy,133,45,42,5
0,0,0,1,0,1,1,1,1,1,0,1,0,7,0.9555555555555556,0.9555555555555556,accuracy,133,45,42,3
0,0,0,1,0,1,1,1,1,1,0,0,1,7,1.0,1.0,accuracy,133,45,42,1
0,0,0,1,0,1,1,1,1,0,1,1,0,7,0.9111111111111112,0.9111111111111112,accuracy,133,45,42,5
0,0,0,1,0,1,1,1,1,0,1,0,1,7,0.9555555555555556,0.9555555555555556,accuracy,133,45,42,3
0,0,0,1,0,1,1,1,1,0,0,1,1,7,1.0,1.0,accuracy,133,45,42,1
0,0,0,1,0,1,1,1,0,1,1,1,0,7,0.8888888888888888,0.8888888888888888,accuracy,133,45,42,6
0,0,0,1,0,1,1,1,0,1,1,0,1,7,1.0,1.0,accuracy,133,45,42,1
0,0,0,1,0,1,1,1,0,1,0,1,1,7,1.0,1.0,accuracy,133,45,42,1
0,0,0,1,0,1,1,1,0,0,1,1,1,7,0.9555555555555556,0.9555555555555556,accuracy,133,45,42,3
0,0,0,1,0,1,1,0,1,1,1,1,0,7,0.9111111111111112,0.9111111111111112,accuracy,133,45,42,5
0,0,0,1,0,1,1,0,1,1,1,0,1,7,1.0,1.0,accuracy,133,45,42,1
0,0,0,1,0,1,1,0,1,1,0,1,1,7,1.0,1.0,accuracy,133,45,42,1
0,0,0,1,0,1,1,0,1,0,1,1,1,7,0.9555555555555556,0.9555555555555556,accuracy,133,45,42,3
0,0,0,1,0,1,1,0,0,1,1,1,1,7,1.0,1.0,accuracy,133,45,42,1
0,0,0,1,0,1,0,1,1,1,1,1,0,7,0.9111111111111112,0.9111111111111112,accuracy,133,45,42,5
0,0,0,1,0,1,0,1,1,1,1,0,1,7,0.9777777777777776,0.9777777777777776,accuracy,133,45,42,2
0,0,0,1,0,1,0,1,1,1,0,1,1,7,1.0,1.0,accuracy,133,45,42,1
0,0,0,1,0,1,0,1,1,0,1,1,1,7,0.9555555555555556,0.9555555555555556,accuracy,133,45,42,3
0,0,0,1,0,1,0,1,0,1,1,1,1,7,0.9777777777777776,0.9777777777777776,accuracy,133,45,42,2
0,0,0,1,0,1,0,0,1,1,1,1,1,7,1.0,1.0,accuracy,133,45,42,1
0,0,0,1,0,0,1,1,1,1,1,1,0,7,0.8888888888888888,0.8888888888888888,accuracy,133,45,42,6
0,0,0,1,0,0,1,1,1,1,1,0,1,7,1.0,1.0,accuracy,133,45,42,1
0,0,0,1,0,0,1,1,1,1,0,1,1,7,1.0,1.0,accuracy,133,45,42,1
0,0,0,1,0,0,1,1,1,0,1,1,1,7,0.9555555555555556,0.9555555555555556,accuracy,133,45,42,3
0,0,0,1,0,0,1,1,0,1,1,1,1,7,1.0,1.0,accuracy,133,45,42,1
0,0,0,1,0,0,1,0,1,1,1,1,1,7,1.0,1.0,accuracy,133,45,42,1
0,0,0,1,0,0,0,1,1,1,1,1,1,7,1.0,1.0,accuracy,133,45,42,1
0,0,0,0,1,1,1,1,1,1,1,0,0,7,0.9333333333333332,0.9333333333333332,accuracy,133,45,42,4
0,0,0,0,1,1,1,1,1,1,0,1,0,7,0.9555555555555556,0.9555555555555556,accuracy,133,45,42,3
0,0,0,0,1,1,1,1,1,1,0,0,1,7,1.0,1.0,accuracy,133,45,42,1
0,0,0,0,1,1,1,1,1,0,1,1,0,7,0.9333333333333332,0.9333333333333332,accuracy,133,45,42,4
0,0,0,0,1,1,1,1,1,0,1,0,1,7,0.9555555555555556,0.9555555555555556,accuracy,133,45,42,3
0,0,0,0,1,1,1,1,1,0,0,1,1,7,0.9777777777777776,0.9777777777777776,accuracy,133,45,42,2
0,0,0,0,1,1,1,1,0,1,1,1,0,7,0.9333333333333332,0.9333333333333332,accuracy,133,45,42,4
0,0,0,0,1,1,1,1,0,1,1,0,1,7,1.0,1.0,accuracy,133,45,42,1
0,0,0,0,1,1,1,1,0,1,0,1,1,7,1.0,1.0,accuracy,133,45,42,1
0,0,0,0,1,1,1,1,0,0,1,1,1,7,0.9555555555555556,0.9555555555555556,accuracy,133,45,42,3
0,0,0,0,1,1,1,0,1,1,1,1,0,7,0.9333333333333332,0.9333333333333332,accuracy,133,45,42,4
0,0,0,0,1,1,1,0,1,1,1,0,1,7,1.0,1.0,accuracy,133,45,42,1
0,0,0,0,1,1,1,0,1,1,0,1,1,7,1.0,1.0,accuracy,133,45,42,1
0,0,0,0,1,1,1,0,1,0,1,1,1,7,0.9555555555555556,0.9555555555555556,accuracy,133,45,42,3
0,0,0,0,1,1,1,0,0,1,1,1,1,7,1.0,1.0,accuracy,133,45,42,1
0,0,0,0,1,1,0,1,1,1,1,1,0,7,0.9333333333333332,0.9333333333333332,accuracy,133,45,42,4
0,0,0,0,1,1,0,1,1,1,1,0,1,7,0.9777777777777776,0.9777777777777776,accuracy,133,45,42,2
0,0,0,0,1,1,0,1,1,1,0,1,1,7,1.0,1.0,accuracy,133,45,42,1
0,0,0,0,1,1,0,1,1,0,1,1,1,7,0.9555555555555556,0.9555555555555556,accuracy,133,45,42,3
0,0,0,0,1,1,0,1,0,1,1,1,1,7,0.9777777777777776,0.9777777777777776,accuracy,133,45,42,2
0,0,0,0,1,1,0,0,1,1,1,1,1,7,1.0,1.0,accuracy,133,45,42,1
0,0,0,0,1,0,1,1,1,1,1,1,0,7,0.9333333333333332,0.9333333333333332,accuracy,133,45,42,4
0,0,0,0,1,0,1,1,1,1,1,0,1,7,1.0,1.0,accuracy,133,45,42,1
0,0,0,0,1,0,1,1,1,1,0,1,1,7,1.0,1.0,accuracy,133,45,42,1
0,0,0,0,1,0,1,1,1,0,1,1,1,7,0.9555555555555556,0.9555555555555556,accuracy,133,45,42,3
0,0,0,0,1,0,1,1,0,1,1,1,1,7,1.0,1.0,accuracy,133,45,42,1
0,0,0,0,1,0,1,0,1,1,1,1,1,7,1.0,1.0,accuracy,133,45,42,1
0,0,0,0,1,0,0,1,1,1,1,1,1,7,1.0,1.0,accuracy,133,45,42,1
0,0,0,0,0,1,1,1,1,1,1,1,0,7,0.8888888888888888,0.8888888888888888,accuracy,133,45,42,6
0,0,0,0,0,1,1,1,1,1,1,0,1,7,1.0,1.0,accuracy,133,45,42,1
0,0,0,0,0,1,1,1,1,1,0,1,1,7,1.0,1.0,accuracy,133,45,42,1
0,0,0,0,0,1,1,1,1,0,1,1,1,7,0.9555555555555556,0.9555555555555556,accuracy,133,45,42,3
0,0,0,0,0,1,1,1,0,1,1,1,1,7,1.0,1.0,accuracy,133,45,42,1
0,0,0,0,0,1,1,0,1,1,1,1,1,7,1.0,1.0,accuracy,133,45,42,1
0,0,0,0,0,1,0,1,1,1,1,1,1,7,1.0,1.0,accuracy,133,45,42,1
0,0,0,0,0,0,1,1,1,1,1,1,1,7,1.0,1.0,accuracy,133,45,42,1
1,1,1,1,1,1,1,1,0,0,0,0,0,8,0.9333333333333332,0.9333333333333332,accuracy,133,45,42,4
1,1,1,1,1,1,1,0,1,0,0,0,0,8,0.9111111111111112,0.9111111111111112,accuracy,133,45,42,5
1,1,1,1,1,1,1,0,0,1,0,0,0,8,0.9555555555555556,0.9555555555555556,accuracy,133,45,42,3
1,1,1,1,1,1,1,0,0,0,1,0,0,8,0.9555555555555556,0.9555555555555556,accuracy,133,45,42,3
1,1,1,1,1,1,1,0,0,0,0,1,0,8,0.9777777777777776,0.9777777777777776,accuracy,133,45,42,2
1,1,1,1,1,1,1,0,0,0,0,0,1,8,0.9333333333333332,0.9333333333333332,accuracy,133,45,42,4
1,1,1,1,1,1,0,1,1,0,0,0,0,8,0.8666666666666667,0.8666666666666667,accuracy,133,45,42,7
1,1,1,1,1,1,0,1,0,1,0,0,0,8,0.8666666666666667,0.8666666666666667,accuracy,133,45,42,7
1,1,1,1,1,1,0,1,0,0,1,0,0,8,0.8888888888888888,0.8888888888888888,accuracy,133,45,42,6
1,1,1,1,1,1,0,1,0,0,0,1,0,8,0.9777777777777776,0.9777777777777776,accuracy,133,45,42,2
1,1,1,1,1,1,0,1,0,0,0,0,1,8,0.9333333333333332,0.9333333333333332,accuracy,133,45,42,4
1,1,1,1,1,1,0,0,1,1,0,0,0,8,0.8666666666666667,0.8666666666666667,accuracy,133,45,42,7
1,1,1,1,1,1,0,0,1,0,1,0,0,8,0.8888888888888888,0.8888888888888888,accuracy,133,45,42,6
1,1,1,1,1,1,0,0,1,0,0,1,0,8,0.9555555555555556,0.9555555555555556,accuracy,133,45,42,3
1,1,1,1,1,1,0,0,1,0,0,0,1,8,0.9333333333333332,0.9333333333333332,accuracy,133,45,42,4
1,1,1,1,1,1,0,0,0,1,1,0,0,8,0.9111111111111112,0.9111111111111112,accuracy,133,45,42,5
1,1,1,1,1,1,0,0,0,1,0,1,0,8,0.9333333333333332,0.9333333333333332,accuracy,133,45,42,4
1,1,1,1,1,1,0,0,0,1,0,0,1,8,0.9333333333333332,0.9333333333333332,accuracy,133,45,42,4
1,1,1,1,1,1,0,0,0,0,1,1,0,8,0.9777777777777776,0.9777777777777776,accuracy,133,45,42,2
1,1,1,1,1,1,0,0,0,0,1,0,1,8,0.9111111111111112,0.9111111111111112,accuracy,133,45,42,5
1,1,1,1,1,1,0,0,0,0,0,1,1,8,0.9777777777777776,0.9777777777777776,accuracy,133,45,42,2
1,1,1,1,1,0,1,1,1,0,0,0,0,8,0.9333333333333332,0.9333333333333332,accuracy,133,45,42,4
1,1,1,1,1,0,1,1,0,1,0,0,0,8,0.9555555555555556,0.9555555555555556,accuracy,133,45,42,3
1,1,1,1,1,0,1,1,0,0,1,0,0,8,0.9777777777777776,0.9777777777777776,accuracy,133,45,42,2
1,1,1,1,1,0,1,1,0,0,0,1,0,8,0.9777777777777776,0.9777777777777776,accuracy,133,45,42,2
1,1,1,1,1,0,1,1,0,0,0,0,1,8,0.9333333333333332,0.9333333333333332,accuracy,133,45,42,4
1,1,1,1,1,0,1,0,1,1,0,0,0,8,0.9555555555555556,0.9555555555555556,accuracy,133,45,42,3
1,1,1,1,1,0,1,0,1,0,1,0,0,8,0.9777777777777776,0.9777777777777776,accuracy,133,45,42,2
1,1,1,1,1,0,1,0,1,0,0,1,0,8,0.9777777777777776,0.9777777777777776,accuracy,133,45,42,2
1,1,1,1,1,0,1,0,1,0,0,0,1,8,0.9333333333333332,0.9333333333333332,accuracy,133,45,42,4
1,1,1,1,1,0,1,0,0,1,1,0,0,8,0.9555555555555556,0.9555555555555556,accuracy,133,45,42,3
1,1,1,1,1,0,1,0,0,1,0,1,0,8,0.9555555555555556,0.9555555555555556,accuracy,133,45,42,3
1,1,1,1,1,0,1,0,0,1,0,0,1,8,1.0,1.0,accuracy,133,45,42,1
1,1,1,1,1,0,1,0,0,0,1,1,0,8,0.9777777777777776,0.9777777777777776,accuracy,133,45,42,2
1,1,1,1,1,0,1,0,0,0,1,0,1,8,0.9777777777777776,0.9777777777777776,accuracy,133,45,42,2
1,1,1,1,1,0,1,0,0,0,0,1,1,8,0.9777777777777776,0.9777777777777776,accuracy,133,45,42,2
1,1,1,1,1,0,0,1,1,1,0,0,0,8,0.8444444444444444,0.8444444444444444,accuracy,133,45,42,8
1,1,1,1,1,0,0,1,1,0,1,0,0,8,0.8666666666666667,0.8666666666666667,accuracy,133,45,42,7
1,1,1,1,1,0,0,1,1,0,0,1,0,8,0.9555555555555556,0.9555555555555556,accuracy,133,45,42,3
1,1,1,1,1,0,0,1,1,0,0,0,1,8,0.8888888888888888,0.8888888888888888,accuracy,133,45,42,6
1,1,1,1,1,0,0,1,0,1,1,0,0,8,0.8888888888888888,0.8888888888888888,accuracy,133,45,42,6
1,1,1,1,1,0,0,1,0,1,0,1,0,8,0.9111111111111112,0.9111111111111112,accuracy,133,45,42,5
1,1,1,1,1,0,0,1,0,1,0,0,1,8,0.9111111111111112,0.9111111111111112,accuracy,133,45,42,5
1,1,1,1,1,0,0,1,0,0,1,1,0,8,0.9333333333333332,0.9333333333333332,accuracy,133,45,42,4
1,1,1,1,1,0,0,1,0,0,1,0,1,8,0.9555555555555556,0.9555555555555556,accuracy,133,45,42,3
1,1,1,1,1,0,0,1,0,0,0,1,1,8,0.9777777777777776,0.9777777777777776,accuracy,133,45,42,2
1,1,1,1,1,0,0,0,1,1,1,0,0,8,0.9555555555555556,0.9555555555555556,accuracy,133,45,42,3
1,1,1,1,1,0,0,0,1,1,0,1,0,8,0.8888888888888888,0.8888888888888888,accuracy,133,45,42,6
1,1,1,1,1,0,0,0,1,1,0,0,1,8,0.9333333333333332,0.9333333333333332,accuracy,133,45,42,4
1,1,1,1,1,0,0,0,1,0,1,1,0,8,0.9555555555555556,0.9555555555555556,accuracy,133,45,42,3
1,1,1,1,1,0,0,0,1,0,1,0,1,8,0.9555555555555556,0.9555555555555556,accuracy,133,45,42,3
1,1,1,1,1,0,0,0,1,0,0,1,1,8,0.9777777777777776,0.9777777777777776,accuracy,133,45,42,2
1,1,1,1,1,0,0,0,0,1,1,1,0,8,0.9333333333333332,0.9333333333333332,accuracy,133,45,42,4
1,1,1,1,1,0,0,0,0,1,1,0,1,8,0.9777777777777776,0.9777777777777776,accuracy,133,45,42,2
1,1,1,1,1,0,0,0,0,1,0,1,1,8,0.9777777777777776,0.9777777777777776,accuracy,133,45,42,2
1,1,1,1,1,0,0,0,0,0,1,1,1,8,0.9777777777777776,0.9777777777777776,accuracy,133,45,42,2
1,1,1,1,0,1,1,1,1,0,0,0,0,8,0.8888888888888888,0.8888888888888888,accuracy,133,45,42,6
1,1,1,1,0,1,1,1,0,1,0,0,0,8,0.9555555555555556,0.9555555555555556,accuracy,133,45,42,3
1,1,1,1,0,1,1,1,0,0,1,0,0,8,0.9555555555555556,0.9555555555555556,accuracy,133,45,42,3
1,1,1,1,0,1,1,1,0,0,0,1,0,8,0.9333333333333332,0.9333333333333332,accuracy,133,45,42,4
1,1,1,1,0,1,1,1,0,0,0,0,1,8,0.9333333333333332,0.9333333333333332,accuracy,133,45,42,4
1,1,1,1,0,1,1,0,1,1,0,0,0,8,0.9555555555555556,0.9555555555555556,accuracy,133,45,42,3
1,1,1,1,0,1,1,0,1,0,1,0,0,8,0.9555555555555556,0.9555555555555556,accuracy,133,45,42,3
1,1,1,1,0,1,1,0,1,0,0,1,0,8,0.9111111111111112,0.9111111111111112,accuracy,133,45,42,5
1,1,1,1,0,1,1,0,1,0,0,0,1,8,0.9333333333333332,0.9333333333333332,accuracy,133,45,42,4
1,1,1,1,0,1,1,0,0,1,1,0,0,8,0.9555555555555556,0.9555555555555556,accuracy,133,45,42,3
1,1,1,1,0,1,1,0,0,1,0,1,0,8,0.9555555555555556,0.9555555555555556,accuracy,133,45,42,3
1,1,1,1,0,1,1,0,0,1,0,0,1,8,1.0,1.0,accuracy,133,45,42,1
1,1,1,1,0,1,1,0,0,0,1,1,0,8,0.9555555555555556,0.9555555555555556,accuracy,133,45,42,3
1,1,1,1,0,1,1,0,0,0,1,0,1,8,0.9777777777777776,0.9777777777777776,accuracy,133,45,42,2
1,1,1,1,0,1,1,0,0,0,0,1,1,8,0.9555555555555556,0.9555555555555556,accuracy,133,45,42,3
1,1,1,1,0,1,0,1,1,1,0,0,0,8,0.8666666666666667,0.8666666666666667,accuracy,133,45,42,7
1,1,1,1,0,1,0,1,1,0,1,0,0,8,0.9111111111111112,0.9111111111111112,accuracy,133,45,42,5
1,1,1,1,0,1,0,1,1,0,0,1,0,8,0.9333333333333332,0.9333333333333332,accuracy,133,45,42,4
1,1,1,1,0,1,0,1,1,0,0,0,1,8,0.9111111111111112,0.9111111111111112,accuracy,133,45,42,5
1,1,1,1,0,1,0,1,0,1,1,0,0,8,0.9111111111111112,0.9111111111111112,accuracy,133,45,42,5
1,1,1,1,0,1,0,1,0,1,0,1,0,8,0.8888888888888888,0.8888888888888888,accuracy,133,45,42,6
1,1,1,1,0,1,0,1,0,1,0,0,1,8,0.9111111111111112,0.9111111111111112,accuracy,133,45,42,5
1,1,1,1,0,1,0,1,0,0,1,1,0,8,0.9555555555555556,0.9555555555555556,accuracy,133,45,42,3
1,1,1,1,0,1,0,1,0,0,1,0,1,8,0.9111111111111112,0.9111111111111112,accuracy,133,45,42,5
1,1,1,1,0,1,0,1,0,0,0,1,1,8,0.9777777777777776,0.9777777777777776,accuracy,133,45,42,2
1,1,1,1,0,1,0,0,1,1,1,0,0,8,0.9333333333333332,0.9333333333333332,accuracy,133,45,42,4
1,1,1,1,0,1,0,0,1,1,0,1,0,8,0.8888888888888888,0.8888888888888888,accuracy,133,45,42,6
1,1,1,1,0,1,0,0,1,1,0,0,1,8,0.9777777777777776,0.9777777777777776,accuracy,133,45,42,2
1,1,1,1,0,1,0,0,1,0,1,1,0,8,0.9555555555555556,0.9555555555555556,accuracy,133,45,42,3
1,1,1,1,0,1,0,0,1,0,1,0,1,8,0.9555555555555556,0.9555555555555556,accuracy,133,45,42,3
1,1,1,1,0,1,0,0,1,0,0,1,1,8,0.9777777777777776,0.9777777777777776,accuracy,133,45,42,2
1,1,1,1,0,1,0,0,0,1,1,1,0,8,0.9333333333333332,0.9333333333333332,accuracy,133,45,42,4
1,1,1,1,0,1,0,0,0,1,1,0,1,8,0.9777777777777776,0.9777777777777776,accuracy,133,45,42,2
1,1,1,1,0,1,0,0,0,1,0,1,1,8,1.0,1.0,accuracy,133,45,42,1
1,1,1,1,0,1,0,0,0,0,1,1,1,8,0.9777777777777776,0.9777777777777776,accuracy,133,45,42,2
1,1,1,1,0,0,1,1,1,1,0,0,0,8,0.9555555555555556,0.9555555555555556,accuracy,133,45,42,3
1,1,1,1,0,0,1,1,1,0,1,0,0,8,0.9555555555555556,0.9555555555555556,accuracy,133,45,42,3
1,1,1,1,0,0,1,1,1,0,0,1,0,8,0.9333333333333332,0.9333333333333332,accuracy,133,45,42,4
1,1,1,1,0,0,1,1,1,0,0,0,1,8,0.9333333333333332,0.9333333333333332,accuracy,133,45,42,4
1,1,1,1,0,0,1,1,0,1,1,0,0,8,0.9555555555555556,0.9555555555555556,accuracy,133,45,42,3
1,1,1,1,0,0,1,1,0,1,0,1,0,8,0.9555555555555556,0.9555555555555556,accuracy,133,45,42,3
1,1,1,1,0,0,1,1,0,1,0,0,1,8,1.0,1.0,accuracy,133,45,42,1
1,1,1,1,0,0,1,1,0,0,1,1,0,8,0.9555555555555556,0.9555555555555556,accuracy,133,45,42,3
1,1,1,1,0,0,1,1,0,0,1,0,1,8,0.9777777777777776,0.9777777777777776,accuracy,133,45,42,2
1,1,1,1,0,0,1,1,0,0,0,1,1,8,0.9555555555555556,0.9555555555555556,accuracy,133,45,42,3
1,1,1,1,0,0,1,0,1,1,1,0,0,8,0.9555555555555556,0.9555555555555556,accuracy,133,45,42,3
1,1,1,1,0,0,1,0,1,1,0,1,0,8,0.9555555555555556,0.9555555555555556,accuracy,133,45,42,3
1,1,1,1,0,0,1,0,1,1,0,0,1,8,1.0,1.0,accuracy,133,45,42,1
1,1,1,1,0,0,1,0,1,0,1,1,0,8,0.9555555555555556,0.9555555555555556,accuracy,133,45,42,3
1,1,1,1,0,0,1,0,1,0,1,0,1,8,0.9777777777777776,0.9777777777777776,accuracy,133,45,42,2
1,1,1,1,0,0,1,0,1,0,0,1,1,8,0.9555555555555556,0.9555555555555556,accuracy,133,45,42,3
1,1,1,1,0,0,1,0,0,1,1,1,0,8,0.9555555555555556,0.9555555555555556,accuracy,133,45,42,3
1,1,1,1,0,0,1,0,0,1,1,0,1,8,1.0,1.0,accuracy,133,45,42,1
1,1,1,1,0,0,1,0,0,1,0,1,1,8,1.0,1.0,accuracy,133,45,42,1
1,1,1,1,0,0,1,0,0,0,1,1,1,8,0.9777777777777776,0.9777777777777776,accuracy,133,45,42,2
1,1,1,1,0,0,0,1,1,1,1,0,0,8,0.9333333333333332,0.9333333333333332,accuracy,133,45,42,4
1,1,1,1,0,0,0,1,1,1,0,1,0,8,0.8666666666666667,0.8666666666666667,accuracy,133,45,42,7
1,1,1,1,0,0,0,1,1,1,0,0,1,8,0.9333333333333332,0.9333333333333332,accuracy,133,45,42,4
1,1,1,1,0,0,0,1,1,0,1,1,0,8,0.9555555555555556,0.9555555555555556,accuracy,133,45,42,3
1,1,1,1,0,0,0,1,1,0,1,0,1,8,0.9555555555555556,0.9555555555555556,accuracy,133,45,42,3
1,1,1,1,0,0,0,1,1,0,0,1,1,8,1.0,1.0,accuracy,133,45,42,1
1,1,1,1,0,0,0,1,0,1,1,1,0,8,0.9111111111111112,0.9111111111111112,accuracy,133,45,42,5
1,1,1,1,0,0,0,1,0,1,1,0,1,8,0.9777777777777776,0.9777777777777776,accuracy,133,45,42,2
1,1,1,1,0,0,0,1,0,1,0,1,1,8,0.9777777777777776,0.9777777777777776,accuracy,133,45,42,2
1,1,1,1,0,0,0,1,0,0,1,1,1,8,0.9777777777777776,0.9777777777777776,accuracy,133,45,42,2
1,1,1,1,0,0,0,0,1,1,1,1,0,8,0.9111111111111112,0.9111111111111112,accuracy,133,45,42,5
1,1,1,1,0,0,0,0,1,1,1,0,1,8,1.0,1.0,accuracy,133,45,42,1
1,1,1,1,0,0,0,0,1,1,0,1,1,8,1.0,1.0,accuracy,133,45,42,1
1,1,1,1,0,0,0,0,1,0,1,1,1,8,0.9777777777777776,0.9777777777777776,accuracy,133,45,42,2
1,1,1,1,0,0,0,0,0,1,1,1,1,8,1.0,1.0,accuracy,133,45,42,1
1,1,1,0,1,1,1,1,1,0,0,0,0,8,0.9111111111111112,0.9111111111111112,accuracy,133,45,42,5
1,1,1,0,1,1,1,1,0,1,0,0,0,8,0.9555555555555556,0.9555555555555556,accuracy,133,45,42,3
1,1,1,0,1,1,1,1,0,0,1,0,0,8,0.9555555555555556,0.9555555555555556,accuracy,133,45,42,3
1,1,1,0,1,1,1,1,0,0,0,1,0,8,0.9555555555555556,0.9555555555555556,accuracy,133,45,42,3
1,1,1,0,1,1,1,1,0,0,0,0,1,8,0.9555555555555556,0.9555555555555556,accuracy,133,45,42,3
1,1,1,0,1,1,1,0,1,1,0,0,0,8,0.9555555555555556,0.9555555555555556,accuracy,133,45,42,3
1,1,1,0,1,1,1,0,1,0,1,0,0,8,0.9555555555555556,0.9555555555555556,accuracy,133,45,42,3
1,1,1,0,1,1,1,0,1,0,0,1,0,8,0.9555555555555556,0.9555555555555556,accuracy,133,45,42,3
1,1,1,0,1,1,1,0,1,0,0,0,1,8,0.9333333333333332,0.9333333333333332,accuracy,133,45,42,4
1,1,1,0,1,1,1,0,0,1,1,0,0,8,0.9333333333333332,0.9333333333333332,accuracy,133,45,42,4
1,1,1,0,1,1,1,0,0,1,0,1,0,8,0.9555555555555556,0.9555555555555556,accuracy,133,45,42,3
1,1,1,0,1,1,1,0,0,1,0,0,1,8,1.0,1.0,accuracy,133,45,42,1
1,1,1,0,1,1,1,0,0,0,1,1,0,8,0.9555555555555556,0.9555555555555556,accuracy,133,45,42,3
1,1,1,0,1,1,1,0,0,0,1,0,1,8,0.9777777777777776,0.9777777777777776,accuracy,133,45,42,2
1,1,1,0,1,1,1,0,0,0,0,1,1,8,1.0,1.0,accuracy,133,45,42,1
1,1,1,0,1,1,0,1,1,1,0,0,0,8,0.8666666666666667,0.8666666666666667,accuracy,133,45,42,7
1,1,1,0,1,1,0,1,1,0,1,0,0,8,0.8888888888888888,0.8888888888888888,accuracy,133,45,42,6
1,1,1,0,1,1,0,1,1,0,0,1,0,8,0.9333333333333332,0.9333333333333332,accuracy,133,45,42,4
1,1,1,0,1,1,0,1,1,0,0,0,1,8,0.9111111111111112,0.9111111111111112,accuracy,133,45,42,5
1,1,1,0,1,1,0,1,0,1,1,0,0,8,0.9111111111111112,0.9111111111111112,accuracy,133,45,42,5
1,1,1,0,1,1,0,1,0,1,0,1,0,8,0.9111111111111112,0.9111111111111112,accuracy,133,45,42,5
1,1,1,0,1,1,0,1,0,1,0,0,1,8,0.9555555555555556,0.9555555555555556,accuracy,133,45,42,3
1,1,1,0,1,1,0,1,0,0,1,1,0,8,0.9555555555555556,0.9555555555555556,accuracy,133,45,42,3
1,1,1,0,1,1,0,1,0,0,1,0,1,8,0.9333333333333332,0.9333333333333332,accuracy,133,45,42,4
1,1,1,0,1,1,0,1,0,0,0,1,1,8,0.9777777777777776,0.9777777777777776,accuracy,133,45,42,2
1,1,1,0,1,1,0,0,1,1,1,0,0,8,0.8888888888888888,0.8888888888888888,accuracy,133,45,42,6
1,1,1,0,1,1,0,0,1,1,0,1,0,8,0.9111111111111112,0.9111111111111112,accuracy,133,45,42,5
1,1,1,0,1,1,0,0,1,1,0,0,1,8,0.9777777777777776,0.9777777777777776,accuracy,133,45,42,2
1,1,1,0,1,1,0,0,1,0,1,1,0,8,0.9555555555555556,0.9555555555555556,accuracy,133,45,42,3
1,1,1,0,1,1,0,0,1,0,1,0,1,8,0.9555555555555556,0.9555555555555556,accuracy,133,45,42,3
1,1,1,0,1,1,0,0,1,0,0,1,1,8,0.9777777777777776,0.9777777777777776,accuracy,133,45,42,2
1,1,1,0,1,1,0,0,0,1,1,1,0,8,0.9111111111111112,0.9111111111111112,accuracy,133,45,42,5
1,1,1,0,1,1,0,0,0,1,1,0,1,8,0.9777777777777776,0.9777777777777776,accuracy,133,45,42,2
1,1,1,0,1,1,0,0,0,1,0,1,1,8,1.0,1.0,accuracy,133,45,42,1
1,1,1,0,1,1,0,0,0,0,1,1,1,8,0.9777777777777776,0.9777777777777776,accuracy,133,45,42,2
1,1,1,0,1,0,1,1,1,1,0,0,0,8,0.9555555555555556,0.9555555555555556,accuracy,133,45,42,3
1,1,1,0,1,0,1,1,1,0,1,0,0,8,0.9555555555555556,0.9555555555555556,accuracy,133,45,42,3
1,1,1,0,1,0,1,1,1,0,0,1,0,8,0.9555555555555556,0.9555555555555556,accuracy,133,45,42,3
1,1,1,0,1,0,1,1,1,0,0,0,1,8,0.9555555555555556,0.9555555555555556,accuracy,133,45,42,3
1,1,1,0,1,0,1,1,0,1,1,0,0,8,0.9555555555555556,0.9555555555555556,accuracy,133,45,42,3
1,1,1,0,1,0,1,1,0,1,0,1,0,8,0.9555555555555556,0.9555555555555556,accuracy,133,45,42,3
1,1,1,0,1,0,1,1,0,1,0,0,1,8,1.0,1.0,accuracy,133,45,42,1
1,1,1,0,1,0,1,1,0,0,1,1,0,8,0.9555555555555556,0.9555555555555556,accuracy,133,45,42,3
1,1,1,0,1,0,1,1,0,0,1,0,1,8,0.9777777777777776,0.9777777777777776,accuracy,133,45,42,2
1,1,1,0,1,0,1,1,0,0,0,1,1,8,0.9777777777777776,0.9777777777777776,accuracy,133,45,42,2
1,1,1,0,1,0,1,0,1,1,1,0,0,8,0.9555555555555556,0.9555555555555556,accuracy,133,45,42,3
1,1,1,0,1,0,1,0,1,1,0,1,0,8,0.9555555555555556,0.9555555555555556,accuracy,133,45,42,3
1,1,1,0,1,0,1,0,1,1,0,0,1,8,1.0,1.0,accuracy,133,45,42,1
1,1,1,0,1,0,1,0,1,0,1,1,0,8,0.9555555555555556,0.9555555555555556,accuracy,133,45,42,3
1,1,1,0,1,0,1,0,1,0,1,0,1,8,0.9777777777777776,0.9777777777777776,accuracy,133,45,42,2
1,1,1,0,1,0,1,0,1,0,0,1,1,8,0.9555555555555556,0.9555555555555556,accuracy,133,45,42,3
1,1,1,0,1,0,1,0,0,1,1,1,0,8,0.9555555555555556,0.9555555555555556,accuracy,133,45,42,3
1,1,1,0,1,0,1,0,0,1,1,0,1,8,1.0,1.0,accuracy,133,45,42,1
1,1,1,0,1,0,1,0,0,1,0,1,1,8,1.0,1.0,accuracy,133,45,42,1
1,1,1,0,1,0,1,0,0,0,1,1,1,8,0.9777777777777776,0.9777777777777776,accuracy,133,45,42,2
1,1,1,0,1,0,0,1,1,1,1,0,0,8,0.9333333333333332,0.9333333333333332,accuracy,133,45,42,4
1,1,1,0,1,0,0,1,1,1,0,1,0,8,0.9111111111111112,0.9111111111111112,accuracy,133,45,42,5
1,1,1,0,1,0,0,1,1,1,0,0,1,8,0.9333333333333332,0.9333333333333332,accuracy,133,45,42,4
1,1,1,0,1,0,0,1,1,0,1,1,0,8,0.9555555555555556,0.9555555555555556,accuracy,133,45,42,3
1,1,1,0,1,0,0,1,1,0,1,0,1,8,0.9333333333333332,0.9333333333333332,accuracy,133,45,42,4
1,1,1,0,1,0,0,1,1,0,0,1,1,8,1.0,1.0,accuracy,133,45,42,1
1,1,1,0,1,0,0,1,0,1,1,1,0,8,0.9111111111111112,0.9111111111111112,accuracy,133,45,42,5
1,1,1,0,1,0,0,1,0,1,1,0,1,8,0.9777777777777776,0.9777777777777776,accuracy,133,45,42,2
1,1,1,0,1,0,0,1,0,1,0,1,1,8,0.9777777777777776,0.9777777777777776,accuracy,133,45,42,2
1,1,1,0,1,0,0,1,0,0,1,1,1,8,0.9777777777777776,0.9777777777777776,accuracy,133,45,42,2
1,1,1,0,1,0,0,0,1,1,1,1,0,8,0.9333333333333332,0.9333333333333332,accuracy,133,45,42,4
1,1,1,0,1,0,0,0,1,1,1,0,1,8,1.0,1.0,accuracy,133,45,42,1
1,1,1,0,1,0,0,0,1,1,0,1,1,8,1.0,1.0,accuracy,133,45,42,1
1,1,1,0,1,0,0,0,1,0,1,1,1,8,0.9777777777777776,0.9777777777777776,accuracy,133,45,42,2
1,1,1,0,1,0,0,0,0,1,1,1,1,8,1.0,1.0,accuracy,133,45,42,1
1,1,1,0,0,1,1,1,1,1,0,0,0,8,0.9111111111111112,0.9111111111111112,accuracy,133,45,42,5
1,1,1,0,0,1,1,1,1,0,1,0,0,8,0.9333333333333332,0.9333333333333332,accuracy,133,45,42,4
1,1,1,0,0,1,1,1,1,0,0,1,0,8,0.9111111111111112,0.9111111111111112,accuracy,133,45,42,5
1,1,1,0,0,1,1,1,1,0,0,0,1,8,0.9555555555555556,0.9555555555555556,accuracy,133,45,42,3
1,1,1,0,0,1,1,1,0,1,1,0,0,8,0.9111111111111112,0.9111111111111112,accuracy,133,45,42,5
1,1,1,0,0,1,1,1,0,1,0,1,0,8,0.9111111111111112,0.9111111111111112,accuracy,133,45,42,5
1,1,1,0,0,1,1,1,0,1,0,0,1,8,1.0,1.0,accuracy,133,45,42,1
1,1,1,0,0,1,1,1,0,0,1,1,0,8,0.9333333333333332,0.9333333333333332,accuracy,133,45,42,4
1,1,1,0,0,1,1,1,0,0,1,0,1,8,0.9777777777777776,0.9777777777777776,accuracy,133,45,42,2
1,1,1,0,0,1,1,1,0,0,0,1,1,8,0.9555555555555556,0.9555555555555556,accuracy,133,45,42,3
1,1,1,0,0,1,1,0,1,1,1,0,0,8,0.9111111111111112,0.9111111111111112,accuracy,133,45,42,5
1,1,1,0,0,1,1,0,1,1,0,1,0,8,0.9333333333333332,0.9333333333333332,accuracy,133,45,42,4
1,1,1,0,0,1,1,0,1,1,0,0,1,8,1.0,1.0,accuracy,133,45,42,1
1,1,1,0,0,1,1,0,1,0,1,1,0,8,0.9333333333333332,0.9333333333333332,accuracy,133,45,42,4
1,1,1,0,0,1,1,0,1,0,1,0,1,8,0.9777777777777776,0.9777777777777776,accuracy,133,45,42,2
1,1,1,0,0,1,1,0,1,0,0,1,1,8,0.9777777777777776,0.9777777777777776,accuracy,133,45,42,2
1,1,1,0,0,1,1,0,0,1,1,1,0,8,0.9111111111111112,0.9111111111111112,accuracy,133,45,42,5
1,1,1,0,0,1,1,0,0,1,1,0,1,8,1.0,1.0,accuracy,133,45,42,1
1,1,1,0,0,1,1,0,0,1,0,1,1,8,1.0,1.0,accuracy,133,45,42,1
1,1,1,0,0,1,1,0,0,0,1,1,1,8,0.9777777777777776,0.9777777777777776,accuracy,133,45,42,2
1,1,1,0,0,1,0,1,1,1,1,0,0,8,0.9111111111111112,0.9111111111111112,accuracy,133,45,42,5
1,1,1,0,0,1,0,1,1,1,0,1,0,8,0.8666666666666667,0.8666666666666667,accuracy,133,45,42,7
1,1,1,0,0,1,0,1,1,1,0,0,1,8,0.9555555555555556,0.9555555555555556,accuracy,133,45,42,3
1,1,1,0,0,1,0,1,1,0,1,1,0,8,0.9333333333333332,0.9333333333333332,accuracy,133,45,42,4
1,1,1,0,0,1,0,1,1,0,1,0,1,8,0.9555555555555556,0.9555555555555556,accuracy,133,45,42,3
1,1,1,0,0,1,0,1,1,0,0,1,1,8,0.9777777777777776,0.9777777777777776,accuracy,133,45,42,2
1,1,1,0,0,1,0,1,0,1,1,1,0,8,0.9111111111111112,0.9111111111111112,accuracy,133,45,42,5
1,1,1,0,0,1,0,1,0,1,1,0,1,8,0.9777777777777776,0.9777777777777776,accuracy,133,45,42,2
1,1,1,0,0,1,0,1,0,1,0,1,1,8,1.0,1.0,accuracy,133,45,42,1
1,1,1,0,0,1,0,1,0,0,1,1,1,8,0.9777777777777776,0.9777777777777776,accuracy,133,45,42,2
1,1,1,0,0,1,0,0,1,1,1,1,0,8,0.9111111111111112,0.9111111111111112,accuracy,133,45,42,5
1,1,1,0,0,1,0,0,1,1,1,0,1,8,1.0,1.0,accuracy,133,45,42,1
1,1,1,0,0,1,0,0,1,1,0,1,1,8,1.0,1.0,accuracy,133,45,42,1
1,1,1,0,0,1,0,0,1,0,1,1,1,8,0.9777777777777776,0.9777777777777776,accuracy,133,45,42,2
1,1,1,0,0,1,0,0,0,1,1,1,1,8,1.0,1.0,accuracy,133,45,42,1
1,1,1,0,0,0,1,1,1,1,1,0,0,8,0.9111111111111112,0.9111111111111112,accuracy,133,45,42,5
1,1,1,0,0,0,1,1,1,1,0,1,0,8,0.9111111111111112,0.9111111111111112,accuracy,133,45,42,5
1,1,1,0,0,0,1,1,1,1,0,0,1,8,1.0,1.0,accuracy,133,45,42,1
1,1,1,0,0,0,1,1,1,0,1,1,0,8,0.9333333333333332,0.9333333333333332,accuracy,133,45,42,4
1,1,1,0,0,0,1,1,1,0,1,0,1,8,0.9777777777777776,0.9777777777777776,accuracy,133,45,42,2
1,1,1,0,0,0,1,1,1,0,0,1,1,8,0.9333333333333332,0.9333333333333332,accuracy,133,45,42,4
1,1,1,0,0,0,1,1,0,1,1,1,0,8,0.9111111111111112,0.9111111111111112,accuracy,133,45,42,5
1,1,1,0,0,0,1,1,0,1,1,0,1,8,1.0,1.0,accuracy,133,45,42,1
1,1,1,0,0,0,1,1,0,1,0,1,1,8,1.0,1.0,accuracy,133,45,42,1
1,1,1,0,0,0,1,1,0,0,1,1,1,8,0.9777777777777776,0.9777777777777776,accuracy,133,45,42,2
1,1,1,0,0,0,1,0,1,1,1,1,0,8,0.9111111111111112,0.9111111111111112,accuracy,133,45,42,5
1,1,1,0,0,0,1,0,1,1,1,0,1,8,1.0,1.0,accuracy,133,45,42,1
1,1,1,0,0,0,1,0,1,1,0,1,1,8,1.0,1.0,accuracy,133,45,42,1
1,1,1,0,0,0,1,0,1,0,1,1,1,8,0.9777777777777776,0.9777777777777776,accuracy,133,45,42,2
1,1,1,0,0,0,1,0,0,1,1,1,1,8,1.0,1.0,accuracy,133,45,42,1
1,1,1,0,0,0,0,1,1,1,1,1,0,8,0.9111111111111112,0.9111111111111112,accuracy,133,45,42,5
1,1,1,0,0,0,0,1,1,1,1,0,1,8,1.0,1.0,accuracy,133,45,42,1
1,1,1,0,0,0,0,1,1,1,0,1,1,8,1.0,1.0,accuracy,133,45,42,1
1,1,1,0,0,0,0,1,1,0,1,1,1,8,0.9777777777777776,0.9777777777777776,accuracy,133,45,42,2
1,1,1,0,0,0,0,1,0,1,1,1,1,8,1.0,1.0,accuracy,133,45,42,1
1,1,1,0,0,0,0,0,1,1,1,1,1,8,1.0,1.0,accuracy,133,45,42,1
1,1,0,1,1,1,1,1,1,0,0,0,0,8,0.9111111111111112,0.9111111111111112,accuracy,133,45,42,5
1,1,0,1,1,1,1,1,0,1,0,0,0,8,0.9555555555555556,0.9555555555555556,accuracy,133,45,42,3
1,1,0,1,1,1,1,1,0,0,1,0,0,8,0.9555555555555556,0.9555555555555556,accuracy,133,45,42,3
1,1,0,1,1,1,1,1,0,0,0,1,0,8,0.9555555555555556,0.9555555555555556,accuracy,133,45,42,3
1,1,0,1,1,1,1,1,0,0,0,0,1,8,0.9333333333333332,0.9333333333333332,accuracy,133,45,42,4
1,1,0,1,1,1,1,0,1,1,0,0,0,8,0.9555555555555556,0.9555555555555556,accuracy,133,45,42,3
1,1,0,1,1,1,1,0,1,0,1,0,0,8,0.9555555555555556,0.9555555555555556,accuracy,133,45,42,3
1,1,0,1,1,1,1,0,1,0,0,1,0,8,0.9333333333333332,0.9333333333333332,accuracy,133,45,42,4
1,1,0,1,1,1,1,0,1,0,0,0,1,8,0.9333333333333332,0.9333333333333332,accuracy,133,45,42,4
1,1,0,1,1,1,1,0,0,1,1,0,0,8,0.9555555555555556,0.9555555555555556,accuracy,133,45,42,3
1,1,0,1,1,1,1,0,0,1,0,1,0,8,0.9555555555555556,0.9555555555555556,accuracy,133,45,42,3
1,1,0,1,1,1,1,0,0,1,0,0,1,8,1.0,1.0,accuracy,133,45,42,1
1,1,0,1,1,1,1,0,0,0,1,1,0,8,0.9555555555555556,0.9555555555555556,accuracy,133,45,42,3
1,1,0,1,1,1,1,0,0,0,1,0,1,8,0.9777777777777776,0.9777777777777776,accuracy,133,45,42,2
1,1,0,1,1,1,1,0,0,0,0,1,1,8,0.9777777777777776,0.9777777777777776,accuracy,133,45,42,2
1,1,0,1,1,1,0,1,1,1,0,0,0,8,0.8888888888888888,0.8888888888888888,accuracy,133,45,42,6
1,1,0,1,1,1,0,1,1,0,1,0,0,8,0.9111111111111112,0.9111111111111112,accuracy,133,45,42,5
1,1,0,1,1,1,0,1,1,0,0,1,0,8,0.9333333333333332,0.9333333333333332,accuracy,133,45,42,4
1,1,0,1,1,1,0,1,1,0,0,0,1,8,0.9111111111111112,0.9111111111111112,accuracy,133,45,42,5
1,1,0,1,1,1,0,1,0,1,1,0,0,8,0.8888888888888888,0.8888888888888888,accuracy,133,45,42,6
1,1,0,1,1,1,0,1,0,1,0,1,0,8,0.9333333333333332,0.9333333333333332,accuracy,133,45,42,4
1,1,0,1,1,1,0,1,0,1,0,0,1,8,0.9333333333333332,0.9333333333333332,accuracy,133,45,42,4
1,1,0,1,1,1,0,1,0,0,1,1,0,8,0.9333333333333332,0.9333333333333332,accuracy,133,45,42,4
1,1,0,1,1,1,0,1,0,0,1,0,1,8,0.9333333333333332,0.9333333333333332,accuracy,133,45,42,4
1,1,0,1,1,1,0,1,0,0,0,1,1,8,0.9777777777777776,0.9777777777777776,accuracy,133,45,42,2
1,1,0,1,1,1,0,0,1,1,1,0,0,8,0.9333333333333332,0.9333333333333332,accuracy,133,45,42,4
1,1,0,1,1,1,0,0,1,1,0,1,0,8,0.9333333333333332,0.9333333333333332,accuracy,133,45,42,4
1,1,0,1,1,1,0,0,1,1,0,0,1,8,0.9777777777777776,0.9777777777777776,accuracy,133,45,42,2
1,1,0,1,1,1,0,0,1,0,1,1,0,8,0.9555555555555556,0.9555555555555556,accuracy,133,45,42,3
1,1,0,1,1,1,0,0,1,0,1,0,1,8,0.9555555555555556,0.9555555555555556,accuracy,133,45,42,3
1,1,0,1,1,1,0,0,1,0,0,1,1,8,0.9777777777777776,0.9777777777777776,accuracy,133,45,42,2
1,1,0,1,1,1,0,0,0,1,1,1,0,8,0.9555555555555556,0.9555555555555556,accuracy,133,45,42,3
1,1,0,1,1,1,0,0,0,1,1,0,1,8,0.9777777777777776,0.9777777777777776,accuracy,133,45,42,2
1,1,0,1,1,1,0,0,0,1,0,1,1,8,1.0,1.0,accuracy,133,45,42,1
1,1,0,1,1,1,0,0,0,0,1,1,1,8,0.9777777777777776,0.9777777777777776,accuracy,133,45,42,2
1,1,0,1,1,0,1,1,1,1,0,0,0,8,0.9555555555555556,0.9555555555555556,accuracy,133,45,42,3
1,1,0,1,1,0,1,1,1,0,1,0,0,8,0.9555555555555556,0.9555555555555556,accuracy,133,45,42,3
1,1,0,1,1,0,1,1,1,0,0,1,0,8,0.9777777777777776,0.9777777777777776,accuracy,133,45,42,2
1,1,0,1,1,0,1,1,1,0,0,0,1,8,0.9333333333333332,0.9333333333333332,accuracy,133,45,42,4
1,1,0,1,1,0,1,1,0,1,1,0,0,8,0.9555555555555556,0.9555555555555556,accuracy,133,45,42,3
1,1,0,1,1,0,1,1,0,1,0,1,0,8,0.9555555555555556,0.9555555555555556,accuracy,133,45,42,3
1,1,0,1,1,0,1,1,0,1,0,0,1,8,1.0,1.0,accuracy,133,45,42,1
1,1,0,1,1,0,1,1,0,0,1,1,0,8,0.9555555555555556,0.9555555555555556,accuracy,133,45,42,3
1,1,0,1,1,0,1,1,0,0,1,0,1,8,0.9777777777777776,0.9777777777777776,accuracy,133,45,42,2
1,1,0,1,1,0,1,1,0,0,0,1,1,8,0.9777777777777776,0.9777777777777776,accuracy,133,45,42,2
1,1,0,1,1,0,1,0,1,1,1,0,0,8,0.9555555555555556,0.9555555555555556,accuracy,133,45,42,3
1,1,0,1,1,0,1,0,1,1,0,1,0,8,0.9555555555555556,0.9555555555555556,accuracy,133,45,42,3
1,1,0,1,1,0,1,0,1,1,0,0,1,8,1.0,1.0,accuracy,133,45,42,1
1,1,0,1,1,0,1,0,1,0,1,1,0,8,0.9777777777777776,0.9777777777777776,accuracy,133,45,42,2
1,1,0,1,1,0,1,0,1,0,1,0,1,8,0.9777777777777776,0.9777777777777776,accuracy,133,45,42,2
1,1,0,1,1,0,1,0,1,0,0,1,1,8,0.9777777777777776,0.9777777777777776,accuracy,133,45,42,2
1,1,0,1,1,0,1,0,0,1,1,1,0,8,0.9555555555555556,0.9555555555555556,accuracy,133,45,42,3
1,1,0,1,1,0,1,0,0,1,1,0,1,8,1.0,1.0,accuracy,133,45,42,1
1,1,0,1,1,0,1,0,0,1,0,1,1,8,1.0,1.0,accuracy,133,45,42,1
1,1,0,1,1,0,1,0,0,0,1,1,1,8,0.9777777777777776,0.9777777777777776,accuracy,133,45,42,2
1,1,0,1,1,0,0,1,1,1,1,0,0,8,0.9555555555555556,0.9555555555555556,accuracy,133,45,42,3
1,1,0,1,1,0,0,1,1,1,0,1,0,8,0.9111111111111112,0.9111111111111112,accuracy,133,45,42,5
1,1,0,1,1,0,0,1,1,1,0,0,1,8,0.9333333333333332,0.9333333333333332,accuracy,133,45,42,4
1,1,0,1,1,0,0,1,1,0,1,1,0,8,0.9333333333333332,0.9333333333333332,accuracy,133,45,42,4
1,1,0,1,1,0,0,1,1,0,1,0,1,8,0.9555555555555556,0.9555555555555556,accuracy,133,45,42,3
1,1,0,1,1,0,0,1,1,0,0,1,1,8,0.9777777777777776,0.9777777777777776,accuracy,133,45,42,2
1,1,0,1,1,0,0,1,0,1,1,1,0,8,0.9333333333333332,0.9333333333333332,accuracy,133,45,42,4
1,1,0,1,1,0,0,1,0,1,1,0,1,8,0.9777777777777776,0.9777777777777776,accuracy,133,45,42,2
1,1,0,1,1,0,0,1,0,1,0,1,1,8,0.9777777777777776,0.9777777777777776,accuracy,133,45,42,2
1,1,0,1,1,0,0,1,0,0,1,1,1,8,0.9777777777777776,0.9777777777777776,accuracy,133,45,42,2
1,1,0,1,1,0,0,0,1,1,1,1,0,8,0.9333333333333332,0.9333333333333332,accuracy,133,45,42,4
1,1,0,1,1,0,0,0,1,1,1,0,1,8,1.0,1.0,accuracy,133,45,42,1
1,1,0,1,1,0,0,0,1,1,0,1,1,8,1.0,1.0,accuracy,133,45,42,1
1,1,0,1,1,0,0,0,1,0,1,1,1,8,0.9777777777777776,0.9777777777777776,accuracy,133,45,42,2
1,1,0,1,1,0,0,0,0,1,1,1,1,8,1.0,1.0,accuracy,133,45,42,1
1,1,0,1,0,1,1,1,1,1,0,0,0,8,0.9555555555555556,0.9555555555555556,accuracy,133,45,42,3
1,1,0,1,0,1,1,1,1,0,1,0,0,8,0.9333333333333332,0.9333333333333332,accuracy,133,45,42,4
1,1,0,1,0,1,1,1,1,0,0,1,0,8,0.9333333333333332,0.9333333333333332,accuracy,133,45,42,4
1,1,0,1,0,1,1,1,1,0,0,0,1,8,0.9333333333333332,0.9333333333333332,accuracy,133,45,42,4
1,1,0,1,0,1,1,1,0,1,1,0,0,8,0.9555555555555556,0.9555555555555556,accuracy,133,45,42,3
1,1,0,1,0,1,1,1,0,1,0,1,0,8,0.9555555555555556,0.9555555555555556,accuracy,133,45,42,3
1,1,0,1,0,1,1,1,0,1,0,0,1,8,1.0,1.0,accuracy,133,45,42,1
1,1,0,1,0,1,1,1,0,0,1,1,0,8,0.9555555555555556,0.9555555555555556,accuracy,133,45,42,3
1,1,0,1,0,1,1,1,0,0,1,0,1,8,0.9777777777777776,0.9777777777777776,accuracy,133,45,42,2
1,1,0,1,0,1,1,1,0,0,0,1,1,8,0.9777777777777776,0.9777777777777776,accuracy,133,45,42,2
1,1,0,1,0,1,1,0,1,1,1,0,0,8,0.9777777777777776,0.9777777777777776,accuracy,133,45,42,2
1,1,0,1,0,1,1,0,1,1,0,1,0,8,0.9555555555555556,0.9555555555555556,accuracy,133,45,42,3
1,1,0,1,0,1,1,0,1,1,0,0,1,8,1.0,1.0,accuracy,133,45,42,1
1,1,0,1,0,1,1,0,1,0,1,1,0,8,0.9333333333333332,0.9333333333333332,accuracy,133,45,42,4
1,1,0,1,0,1,1,0,1,0,1,0,1,8,0.9777777777777776,0.9777777777777776,accuracy,133,45,42,2
1,1,0,1,0,1,1,0,1,0,0,1,1,8,0.9777777777777776,0.9777777777777776,accuracy,133,45,42,2
1,1,0,1,0,1,1,0,0,1,1,1,0,8,0.9555555555555556,0.9555555555555556,accuracy,133,45,42,3
1,1,0,1,0,1,1,0,0,1,1,0,1,8,1.0,1.0,accuracy,133,45,42,1
1,1,0,1,0,1,1,0,0,1,0,1,1,8,1.0,1.0,accuracy,133,45,42,1
1,1,0,1,0,1,1,0,0,0,1,1,1,8,0.9777777777777776,0.9777777777777776,accuracy,133,45,42,2
1,1,0,1,0,1,0,1,1,1,1,0,0,8,0.9111111111111112,0.9111111111111112,accuracy,133,45,42,5
1,1,0,1,0,1,0,1,1,1,0,1,0,8,0.9111111111111112,0.9111111111111112,accuracy,133,45,42,5
1,1,0,1,0,1,0,1,1,1,0,0,1,8,0.9777777777777776,0.9777777777777776,accuracy,133,45,42,2
1,1,0,1,0,1,0,1,1,0,1,1,0,8,0.9333333333333332,0.9333333333333332,accuracy,133,45,42,4
1,1,0,1,0,1,0,1,1,0,1,0,1,8,0.9555555555555556,0.9555555555555556,accuracy,133,45,42,3
1,1,0,1,0,1,0,1,1,0,0,1,1,8,0.9777777777777776,0.9777777777777776,accuracy,133,45,42,2
1,1,0,1,0,1,0,1,0,1,1,1,0,8,0.9333333333333332,0.9333333333333332,accuracy,133,45,42,4
1,1,0,1,0,1,0,1,0,1,1,0,1,8,0.9777777777777776,0.9777777777777776,accuracy,133,45,42,2
1,1,0,1,0,1,0,1,0,1,0,1,1,8,1.0,1.0,accuracy,133,45,42,1
1,1,0,1,0,1,0,1,0,0,1,1,1,8,0.9777777777777776,0.9777777777777776,accuracy,133,45,42,2
1,1,0,1,0,1,0,0,1,1,1,1,0,8,0.9333333333333332,0.9333333333333332,accuracy,133,45,42,4
1,1,0,1,0,1,0,0,1,1,1,0,1,8,1.0,1.0,accuracy,133,45,42,1
1,1,0,1,0,1,0,0,1,1,0,1,1,8,1.0,1.0,accuracy,133,45,42,1
1,1,0,1,0,1,0,0,1,0,1,1,1,8,0.9777777777777776,0.9777777777777776,accuracy,133,45,42,2
1,1,0,1,0,1,0,0,0,1,1,1,1,8,1.0,1.0,accuracy,133,45,42,1
1,1,0,1,0,0,1,1,1,1,1,0,0,8,0.9777777777777776,0.9777777777777776,accuracy,133,45,42,2
1,1,0,1,0,0,1,1,1,1,0,1,0,8,0.9555555555555556,0.9555555555555556,accuracy,133,45,42,3
1,1,0,1,0,0,1,1,1,1,0,0,1,8,1.0,1.0,accuracy,133,45,42,1
1,1,0,1,0,0,1,1,1,0,1,1,0,8,0.9333333333333332,0.9333333333333332,accuracy,133,45,42,4
1,1,0,1,0,0,1,1,1,0,1,0,1,8,0.9777777777777776,0.9777777777777776,accuracy,133,45,42,2
1,1,0,1,0,0,1,1,1,0,0,1,1,8,0.9555555555555556,0.9555555555555556,accuracy,133,45,42,3
1,1,0,1,0,0,1,1,0,1,1,1,0,8,0.9555555555555556,0.9555555555555556,accuracy,133,45,42,3
1,1,0,1,0,0,1,1,0,1,1,0,1,8,1.0,1.0,accuracy,133,45,42,1
1,1,0,1,0,0,1,1,0,1,0,1,1,8,1.0,1.0,accuracy,133,45,42,1
1,1,0,1,0,0,1,1,0,0,1,1,1,8,0.9777777777777776,0.9777777777777776,accuracy,133,45,42,2
1,1,0,1,0,0,1,0,1,1,1,1,0,8,0.9555555555555556,0.9555555555555556,accuracy,133,45,42,3
1,1,0,1,0,0,1,0,1,1,1,0,1,8,1.0,1.0,accuracy,133,45,42,1
1,1,0,1,0,0,1,0,1,1,0,1,1,8,1.0,1.0,accuracy,133,45,42,1
1,1,0,1,0,0,1,0,1,0,1,1,1,8,0.9777777777777776,0.9777777777777776,accuracy,133,45,42,2
1,1,0,1,0,0,1,0,0,1,1,1,1,8,1.0,1.0,accuracy,133,45,42,1
1,1,0,1,0,0,0,1,1,1,1,1,0,8,0.9333333333333332,0.9333333333333332,accuracy,133,45,42,4
1,1,0,1,0,0,0,1,1,1,1,0,1,8,1.0,1.0,accuracy,133,45,42,1
1,1,0,1,0,0,0,1,1,1,0,1,1,8,1.0,1.0,accuracy,133,45,42,1
1,1,0,1,0,0,0,1,1,0,1,1,1,8,0.9777777777777776,0.9777777777777776,accuracy,133,45,42,2
1,1,0,1,0,0,0,1,0,1,1,1,1,8,1.0,1.0,accuracy,133,45,42,1
1,1,0,1,0,0,0,0,1,1,1,1,1,8,1.0,1.0,accuracy,133,45,42,1
1,1,0,0,1,1,1,1,1,1,0,0,0,8,0.9555555555555556,0.9555555555555556,accuracy,133,45,42,3
1,1,0,0,1,1,1,1,1,0,1,0,0,8,0.9555555555555556,0.9555555555555556,accuracy,133,45,42,3
1,1,0,0,1,1,1,1,1,0,0,1,0,8,0.9555555555555556,0.9555555555555556,accuracy,133,45,42,3
1,1,0,0,1,1,1,1,1,0,0,0,1,8,0.9555555555555556,0.9555555555555556,accuracy,133,45,42,3
1,1,0,0,1,1,1,1,0,1,1,0,0,8,0.9333333333333332,0.9333333333333332,accuracy,133,45,42,4
1,1,0,0,1,1,1,1,0,1,0,1,0,8,0.9555555555555556,0.9555555555555556,accuracy,133,45,42,3
1,1,0,0,1,1,1,1,0,1,0,0,1,8,1.0,1.0,accuracy,133,45,42,1
1,1,0,0,1,1,1,1,0,0,1,1,0,8,0.9555555555555556,0.9555555555555556,accuracy,133,45,42,3
1,1,0,0,1,1,1,1,0,0,1,0,1,8,0.9777777777777776,0.9777777777777776,accuracy,133,45,42,2
1,1,0,0,1,1,1,1,0,0,0,1,1,8,1.0,1.0,accuracy,133,45,42,1
1,1,0,0,1,1,1,0,1,1,1,0,0,8,0.9555555555555556,0.9555555555555556,accuracy,133,45,42,3
1,1,0,0,1,1,1,0,1,1,0,1,0,8,0.9555555555555556,0.9555555555555556,accuracy,133,45,42,3
1,1,0,0,1,1,1,0,1,1,0,0,1,8,1.0,1.0,accuracy,133,45,42,1
1,1,0,0,1,1,1,0,1,0,1,1,0,8,0.9555555555555556,0.9555555555555556,accuracy,133,45,42,3
1,1,0,0,1,1,1,0,1,0,1,0,1,8,0.9777777777777776,0.9777777777777776,accuracy,133,45,42,2
1,1,0,0,1,1,1,0,1,0,0,1,1,8,0.9777777777777776,0.9777777777777776,accuracy,133,45,42,2
1,1,0,0,1,1,1,0,0,1,1,1,0,8,0.9555555555555556,0.9555555555555556,accuracy,133,45,42,3
1,1,0,0,1,1,1,0,0,1,1,0,1,8,1.0,1.0,accuracy,133,45,42,1
1,1,0,0,1,1,1,0,0,1,0,1,1,8,1.0,1.0,accuracy,133,45,42,1
1,1,0,0,1,1,1,0,0,0,1,1,1,8,0.9777777777777776,0.9777777777777776,accuracy,133,45,42,2
1,1,0,0,1,1,0,1,1,1,1,0,0,8,0.9333333333333332,0.9333333333333332,accuracy,133,45,42,4
1,1,0,0,1,1,0,1,1,1,0,1,0,8,0.9333333333333332,0.9333333333333332,accuracy,133,45,42,4
1,1,0,0,1,1,0,1,1,1,0,0,1,8,0.9777777777777776,0.9777777777777776,accuracy,133,45,42,2
1,1,0,0,1,1,0,1,1,0,1,1,0,8,0.9555555555555556,0.9555555555555556,accuracy,133,45,42,3
1,1,0,0,1,1,0,1,1,0,1,0,1,8,0.9555555555555556,0.9555555555555556,accuracy,133,45,42,3
1,1,0,0,1,1,0,1,1,0,0,1,1,8,0.9555555555555556,0.9555555555555556,accuracy,133,45,42,3
1,1,0,0,1,1,0,1,0,1,1,1,0,8,0.9333333333333332,0.9333333333333332,accuracy,133,45,42,4
1,1,0,0,1,1,0,1,0,1,1,0,1,8,0.9777777777777776,0.9777777777777776,accuracy,133,45,42,2
1,1,0,0,1,1,0,1,0,1,0,1,1,8,1.0,1.0,accuracy,133,45,42,1
1,1,0,0,1,1,0,1,0,0,1,1,1,8,0.9777777777777776,0.9777777777777776,accuracy,133,45,42,2
1,1,0,0,1,1,0,0,1,1,1,1,0,8,0.9333333333333332,0.9333333333333332,accuracy,133,45,42,4
1,1,0,0,1,1,0,0,1,1,1,0,1,8,1.0,1.0,accuracy,133,45,42,1
1,1,0,0,1,1,0,0,1,1,0,1,1,8,1.0,1.0,accuracy,133,45,42,1
1,1,0,0,1,1,0,0,1,0,1,1,1,8,0.9777777777777776,0.9777777777777776,accuracy,133,45,42,2
1,1,0,0,1,1,0,0,0,1,1,1,1,8,1.0,1.0,accuracy,133,45,42,1
1,1,0,0,1,0,1,1,1,1,1,0,0,8,0.9333333333333332,0.9333333333333332,accuracy,133,45,42,4
1,1,0,0,1,0,1,1,1,1,0,1,0,8,0.9555555555555556,0.9555555555555556,accuracy,133,45,42,3
1,1,0,0,1,0,1,1,1,1,0,0,1,8,1.0,1.0,accuracy,133,45,42,1
1,1,0,0,1,0,1,1,1,0,1,1,0,8,0.9555555555555556,0.9555555555555556,accuracy,133,45,42,3
1,1,0,0,1,0,1,1,1,0,1,0,1,8,0.9777777777777776,0.9777777777777776,accuracy,133,45,42,2
1,1,0,0,1,0,1,1,1,0,0,1,1,8,0.9555555555555556,0.9555555555555556,accuracy,133,45,42,3
1,1,0,0,1,0,1,1,0,1,1,1,0,8,0.9555555555555556,0.9555555555555556,accuracy,133,45,42,3
1,1,0,0,1,0,1,1,0,1,1,0,1,8,1.0,1.0,accuracy,133,45,42,1
1,1,0,0,1,0,1,1,0,1,0,1,1,8,1.0,1.0,accuracy,133,45,42,1
1,1,0,0,1,0,1,1,0,0,1,1,1,8,0.9777777777777776,0.9777777777777776,accuracy,133,45,42,2
1,1,0,0,1,0,1,0,1,1,1,1,0,8,0.9555555555555556,0.9555555555555556,accuracy,133,45,42,3
1,1,0,0,1,0,1,0,1,1,1,0,1,8,1.0,1.0,accuracy,133,45,42,1
1,1,0,0,1,0,1,0,1,1,0,1,1,8,1.0,1.0,accuracy,133,45,42,1
1,1,0,0,1,0,1,0,1,0,1,1,1,8,0.9777777777777776,0.9777777777777776,accuracy,133,45,42,2
1,1,0,0,1,0,1,0,0,1,1,1,1,8,1.0,1.0,accuracy,133,45,42,1
1,1,0,0,1,0,0,1,1,1,1,1,0,8,0.9333333333333332,0.9333333333333332,accuracy,133,45,42,4
1,1,0,0,1,0,0,1,1,1,1,0,1,8,1.0,1.0,accuracy,133,45,42,1
1,1,0,0,1,0,0,1,1,1,0,1,1,8,1.0,1.0,accuracy,133,45,42,1
1,1,0,0,1,0,0,1,1,0,1,1,1,8,0.9777777777777776,0.9777777777777776,accuracy,133,45,42,2
1,1,0,0,1,0,0,1,0,1,1,1,1,8,1.0,1.0,accuracy,133,45,42,1
1,1,0,0,1,0,0,0,1,1,1,1,1,8,1.0,1.0,accuracy,133,45,42,1
1,1,0,0,0,1,1,1,1,1,1,0,0,8,0.9333333333333332,0.9333333333333332,accuracy,133,45,42,4
1,1,0,0,0,1,1,1,1,1,0,1,0,8,0.9333333333333332,0.9333333333333332,accuracy,133,45,42,4
1,1,0,0,0,1,1,1,1,1,0,0,1,8,1.0,1.0,accuracy,133,45,42,1
1,1,0,0,0,1,1,1,1,0,1,1,0,8,0.9333333333333332,0.9333333333333332,accuracy,133,45,42,4
1,1,0,0,0,1,1,1,1,0,1,0,1,8,0.9777777777777776,0.9777777777777776,accuracy,133,45,42,2
1,1,0,0,0,1,1,1,1,0,0,1,1,8,0.9777777777777776,0.9777777777777776,accuracy,133,45,42,2
1,1,0,0,0,1,1,1,0,1,1,1,0,8,0.9111111111111112,0.9111111111111112,accuracy,133,45,42,5
1,1,0,0,0,1,1,1,0,1,1,0,1,8,1.0,1.0,accuracy,133,45,42,1
1,1,0,0,0,1,1,1,0,1,0,1,1,8,1.0,1.0,accuracy,133,45,42,1
1,1,0,0,0,1,1,1,0,0,1,1,1,8,0.9777777777777776,0.9777777777777776,accuracy,133,45,42,2
1,1,0,0,0,1,1,0,1,1,1,1,0,8,0.9333333333333332,0.9333333333333332,accuracy,133,45,42,4
1,1,0,0,0,1,1,0,1,1,1,0,1,8,1.0,1.0,accuracy,133,45,42,1
1,1,0,0,0,1,1,0,1,1,0,1,1,8,1.0,1.0,accuracy,133,45,42,1
1,1,0,0,0,1,1,0,1,0,1,1,1,8,0.9777777777777776,0.9777777777777776,accuracy,133,45,42,2
1,1,0,0,0,1,1,0,0,1,1,1,1,8,1.0,1.0,accuracy,133,45,42,1
1,1,0,0,0,1,0,1,1,1,1,1,0,8,0.9111111111111112,0.9111111111111112,accuracy,133,45,42,5
1,1,0,0,0,1,0,1,1,1,1,0,1,8,1.0,1.0,accuracy,133,45,42,1
1,1,0,0,0,1,0,1,1,1,0,1,1,8,1.0,1.0,accuracy,133,45,42,1
1,1,0,0,0,1,0,1,1,0,1,1,1,8,0.9777777777777776,0.9777777777777776,accuracy,133,45,42,2
1,1,0,0,0,1,0,1,0,1,1,1,1,8,1.0,1.0,accuracy,133,45,42,1
1,1,0,0,0,1,0,0,1,1,1,1,1,8,1.0,1.0,accuracy,133,45,42,1
1,1,0,0,0,0,1,1,1,1,1,1,0,8,0.9333333333333332,0.9333333333333332,accuracy,133,45,42,4
1,1,0,0,0,0,1,1,1,1,1,0,1,8,1.0,1.0,accuracy,133,45,42,1
1,1,0,0,0,0,1,1,1,1,0,1,1,8,1.0,1.0,accuracy,133,45,42,1
1,1,0,0,0,0,1,1,1,0,1,1,1,8,0.9777777777777776,0.9777777777777776,accuracy,133,45,42,2
1,1,0,0,0,0,1,1,0,1,1,1,1,8,1.0,1.0,accuracy,133,45,42,1
1,1,0,0,0,0,1,0,1,1,1,1,1,8,1.0,1.0,accuracy,133,45,42,1
1,1,0,0,0,0,0,1,1,1,1,1,1,8,1.0,1.0,accuracy,133,45,42,1
1,0,1,1,1,1,1,1,1,0,0,0,0,8,1.0,1.0,accuracy,133,45,42,1
1,0,1,1,1,1,1,1,0,1,0,0,0,8,0.9777777777777776,0.9777777777777776,accuracy,133,45,42,2
1,0,1,1,1,1,1,1,0,0,1,0,0,8,0.9555555555555556,0.9555555555555556,accuracy,133,45,42,3
1,0,1,1,1,1,1,1,0,0,0,1,0,8,1.0,1.0,accuracy,133,45,42,1
1,0,1,1,1,1,1,1,0,0,0,0,1,8,1.0,1.0,accuracy,133,45,42,1
1,0,1,1,1,1,1,0,1,1,0,0,0,8,0.9777777777777776,0.9777777777777776,accuracy,133,45,42,2
1,0,1,1,1,1,1,0,1,0,1,0,0,8,0.9777777777777776,0.9777777777777776,accuracy,133,45,42,2
1,0,1,1,1,1,1,0,1,0,0,1,0,8,1.0,1.0,accuracy,133,45,42,1
1,0,1,1,1,1,1,0,1,0,0,0,1,8,0.9777777777777776,0.9777777777777776,accuracy,133,45,42,2
1,0,1,1,1,1,1,0,0,1,1,0,0,8,0.9777777777777776,0.9777777777777776,accuracy,133,45,42,2
1,0,1,1,1,1,1,0,0,1,0,1,0,8,0.9777777777777776,0.9777777777777776,accuracy,133,45,42,2
1,0,1,1,1,1,1,0,0,1,0,0,1,8,1.0,1.0,accuracy,133,45,42,1
1,0,1,1,1,1,1,0,0,0,1,1,0,8,0.9777777777777776,0.9777777777777776,accuracy,133,45,42,2
1,0,1,1,1,1,1,0,0,0,1,0,1,8,0.9777777777777776,0.9777777777777776,accuracy,133,45,42,2
1,0,1,1,1,1,1,0,0,0,0,1,1,8,1.0,1.0,accuracy,133,45,42,1
1,0,1,1,1,1,0,1,1,1,0,0,0,8,0.9555555555555556,0.9555555555555556,accuracy,133,45,42,3
1,0,1,1,1,1,0,1,1,0,1,0,0,8,0.9111111111111112,0.9111111111111112,accuracy,133,45,42,5
1,0,1,1,1,1,0,1,1,0,0,1,0,8,0.9555555555555556,0.9555555555555556,accuracy,133,45,42,3
1,0,1,1,1,1,0,1,1,0,0,0,1,8,0.9555555555555556,0.9555555555555556,accuracy,133,45,42,3
1,0,1,1,1,1,0,1,0,1,1,0,0,8,0.9333333333333332,0.9333333333333332,accuracy,133,45,42,4
1,0,1,1,1,1,0,1,0,1,0,1,0,8,0.9333333333333332,0.9333333333333332,accuracy,133,45,42,4
1,0,1,1,1,1,0,1,0,1,0,0,1,8,0.9555555555555556,0.9555555555555556,accuracy,133,45,42,3
1,0,1,1,1,1,0,1,0,0,1,1,0,8,0.9555555555555556,0.9555555555555556,accuracy,133,45,42,3
1,0,1,1,1,1,0,1,0,0,1,0,1,8,0.9111111111111112,0.9111111111111112,accuracy,133,45,42,5
1,0,1,1,1,1,0,1,0,0,0,1,1,8,1.0,1.0,accuracy,133,45,42,1
1,0,1,1,1,1,0,0,1,1,1,0,0,8,0.9555555555555556,0.9555555555555556,accuracy,133,45,42,3
1,0,1,1,1,1,0,0,1,1,0,1,0,8,0.9555555555555556,0.9555555555555556,accuracy,133,45,42,3
1,0,1,1,1,1,0,0,1,1,0,0,1,8,0.9777777777777776,0.9777777777777776,accuracy,133,45,42,2
1,0,1,1,1,1,0,0,1,0,1,1,0,8,0.9555555555555556,0.9555555555555556,accuracy,133,45,42,3
1,0,1,1,1,1,0,0,1,0,1,0,1,8,0.9333333333333332,0.9333333333333332,accuracy,133,45,42,4
1,0,1,1,1,1,0,0,1,0,0,1,1,8,0.9333333333333332,0.9333333333333332,accuracy,133,45,42,4
1,0,1,1,1,1,0,0,0,1,1,1,0,8,0.9777777777777776,0.9777777777777776,accuracy,133,45,42,2
1,0,1,1,1,1,0,0,0,1,1,0,1,8,0.9777777777777776,0.9777777777777776,accuracy,133,45,42,2
1,0,1,1,1,1,0,0,0,1,0,1,1,8,1.0,1.0,accuracy,133,45,42,1
1,0,1,1,1,1,0,0,0,0,1,1,1,8,0.9555555555555556,0.9555555555555556,accuracy,133,45,42,3
1,0,1,1,1,0,1,1,1,1,0,0,0,8,0.9777777777777776,0.9777777777777776,accuracy,133,45,42,2
1,0,1,1,1,0,1,1,1,0,1,0,0,8,0.9777777777777776,0.9777777777777776,accuracy,133,45,42,2
1,0,1,1,1,0,1,1,1,0,0,1,0,8,1.0,1.0,accuracy,133,45,42,1
1,0,1,1,1,0,1,1,1,0,0,0,1,8,1.0,1.0,accuracy,133,45,42,1
1,0,1,1,1,0,1,1,0,1,1,0,0,8,0.9777777777777776,0.9777777777777776,accuracy,133,45,42,2
1,0,1,1,1,0,1,1,0,1,0,1,0,8,0.9777777777777776,0.9777777777777776,accuracy,133,45,42,2
1,0,1,1,1,0,1,1,0,1,0,0,1,8,1.0,1.0,accuracy,133,45,42,1
1,0,1,1,1,0,1,1,0,0,1,1,0,8,0.9777777777777776,0.9777777777777776,accuracy,133,45,42,2
1,0,1,1,1,0,1,1,0,0,1,0,1,8,0.9777777777777776,0.9777777777777776,accuracy,133,45,42,2
1,0,1,1,1,0,1,1,0,0,0,1,1,8,1.0,1.0,accuracy,133,45,42,1
1,0,1,1,1,0,1,0,1,1,1,0,0,8,0.9777777777777776,0.9777777777777776,accuracy,133,45,42,2
1,0,1,1,1,0,1,0,1,1,0,1,0,8,0.9777777777777776,0.9777777777777776,accuracy,133,45,42,2
1,0,1,1,1,0,1,0,1,1,0,0,1,8,1.0,1.0,accuracy,133,45,42,1
1,0,1,1,1,0,1,0,1,0,1,1,0,8,0.9777777777777776,0.9777777777777776,accuracy,133,45,42,2
1,0,1,1,1,0,1,0,1,0,1,0,1,8,0.9777777777777776,0.9777777777777776,accuracy,133,45,42,2
1,0,1,1,1,0,1,0,1,0,0,1,1,8,1.0,1.0,accuracy,133,45,42,1
1,0,1,1,1,0,1,0,0,1,1,1,0,8,0.9777777777777776,0.9777777777777776,accuracy,133,45,42,2
1,0,1,1,1,0,1,0,0,1,1,0,1,8,1.0,1.0,accuracy,133,45,42,1
1,0,1,1,1,0,1,0,0,1,0,1,1,8,1.0,1.0,accuracy,133,45,42,1
1,0,1,1,1,0,1,0,0,0,1,1,1,8,0.9777777777777776,0.9777777777777776,accuracy,133,45,42,2
1,0,1,1,1,0,0,1,1,1,1,0,0,8,0.9333333333333332,0.9333333333333332,accuracy,133,45,42,4
1,0,1,1,1,0,0,1,1,1,0,1,0,8,0.9555555555555556,0.9555555555555556,accuracy,133,45,42,3
1,0,1,1,1,0,0,1,1,1,0,0,1,8,1.0,1.0,accuracy,133,45,42,1
1,0,1,1,1,0,0,1,1,0,1,1,0,8,0.9555555555555556,0.9555555555555556,accuracy,133,45,42,3
1,0,1,1,1,0,0,1,1,0,1,0,1,8,0.9555555555555556,0.9555555555555556,accuracy,133,45,42,3
1,0,1,1,1,0,0,1,1,0,0,1,1,8,0.9777777777777776,0.9777777777777776,accuracy,133,45,42,2
1,0,1,1,1,0,0,1,0,1,1,1,0,8,0.9777777777777776,0.9777777777777776,accuracy,133,45,42,2
1,0,1,1,1,0,0,1,0,1,1,0,1,8,0.9777777777777776,0.9777777777777776,accuracy,133,45,42,2
1,0,1,1,1,0,0,1,0,1,0,1,1,8,1.0,1.0,accuracy,133,45,42,1
1,0,1,1,1,0,0,1,0,0,1,1,1,8,0.9555555555555556,0.9555555555555556,accuracy,133,45,42,3
1,0,1,1,1,0,0,0,1,1,1,1,0,8,0.9777777777777776,0.9777777777777776,accuracy,133,45,42,2
1,0,1,1,1,0,0,0,1,1,1,0,1,8,1.0,1.0,accuracy,133,45,42,1
1,0,1,1,1,0,0,0,1,1,0,1,1,8,1.0,1.0,accuracy,133,45,42,1
1,0,1,1,1,0,0,0,1,0,1,1,1,8,0.9777777777777776,0.9777777777777776,accuracy,133,45,42,2
1,0,1,1,1,0,0,0,0,1,1,1,1,8,1.0,1.0,accuracy,133,45,42,1
1,0,1,1,0,1,1,1,1,1,0,0,0,8,0.9777777777777776,0.9777777777777776,accuracy,133,45,42,2
1,0,1,1,0,1,1,1,1,0,1,0,0,8,0.9555555555555556,0.9555555555555556,accuracy,133,45,42,3
1,0,1,1,0,1,1,1,1,0,0,1,0,8,0.9777777777777776,0.9777777777777776,accuracy,133,45,42,2
1,0,1,1,0,1,1,1,1,0,0,0,1,8,0.9777777777777776,0.9777777777777776,accuracy,133,45,42,2
1,0,1,1,0,1,1,1,0,1,1,0,0,8,0.9777777777777776,0.9777777777777776,accuracy,133,45,42,2
1,0,1,1,0,1,1,1,0,1,0,1,0,8,0.9777777777777776,0.9777777777777776,accuracy,133,45,42,2
1,0,1,1,0,1,1,1,0,1,0,0,1,8,0.9777777777777776,0.9777777777777776,accuracy,133,45,42,2
1,0,1,1,0,1,1,1,0,0,1,1,0,8,0.9555555555555556,0.9555555555555556,accuracy,133,45,42,3
1,0,1,1,0,1,1,1,0,0,1,0,1,8,0.9777777777777776,0.9777777777777776,accuracy,133,45,42,2
1,0,1,1,0,1,1,1,0,0,0,1,1,8,1.0,1.0,accuracy,133,45,42,1
1,0,1,1,0,1,1,0,1,1,1,0,0,8,0.9777777777777776,0.9777777777777776,accuracy,133,45,42,2
1,0,1,1,0,1,1,0,1,1,0,1,0,8,0.9777777777777776,0.9777777777777776,accuracy,133,45,42,2
1,0,1,1,0,1,1,0,1,1,0,0,1,8,1.0,1.0,accuracy,133,45,42,1
1,0,1,1,0,1,1,0,1,0,1,1,0,8,0.9555555555555556,0.9555555555555556,accuracy,133,45,42,3
1,0,1,1,0,1,1,0,1,0,1,0,1,8,0.9777777777777776,0.9777777777777776,accuracy,133,45,42,2
1,0,1,1,0,1,1,0,1,0,0,1,1,8,1.0,1.0,accuracy,133,45,42,1
1,0,1,1,0,1,1,0,0,1,1,1,0,8,0.9777777777777776,0.9777777777777776,accuracy,133,45,42,2
1,0,1,1,0,1,1,0,0,1,1,0,1,8,1.0,1.0,accuracy,133,45,42,1
1,0,1,1,0,1,1,0,0,1,0,1,1,8,1.0,1.0,accuracy,133,45,42,1
1,0,1,1,0,1,1,0,0,0,1,1,1,8,0.9777777777777776,0.9777777777777776,accuracy,133,45,42,2
1,0,1,1,0,1,0,1,1,1,1,0,0,8,0.9555555555555556,0.9555555555555556,accuracy,133,45,42,3
1,0,1,1,0,1,0,1,1,1,0,1,0,8,0.9555555555555556,0.9555555555555556,accuracy,133,45,42,3
1,0,1,1,0,1,0,1,1,1,0,0,1,8,1.0,1.0,accuracy,133,45,42,1
1,0,1,1,0,1,0,1,1,0,1,1,0,8,0.9555555555555556,0.9555555555555556,accuracy,133,45,42,3
1,0,1,1,0,1,0,1,1,0,1,0,1,8,0.9111111111111112,0.9111111111111112,accuracy,133,45,42,5
1,0,1,1,0,1,0,1,1,0,0,1,1,8,0.9555555555555556,0.9555555555555556,accuracy,133,45,42,3
1,0,1,1,0,1,0,1,0,1,1,1,0,8,0.9777777777777776,0.9777777777777776,accuracy,133,45,42,2
1,0,1,1,0,1,0,1,0,1,1,0,1,8,0.9777777777777776,0.9777777777777776,accuracy,133,45,42,2
1,0,1,1,0,1,0,1,0,1,0,1,1,8,1.0,1.0,accuracy,133,45,42,1
1,0,1,1,0,1,0,1,0,0,1,1,1,8,0.9555555555555556,0.9555555555555556,accuracy,133,45,42,3
1,0,1,1,0,1,0,0,1,1,1,1,0,8,0.9777777777777776,0.9777777777777776,accuracy,133,45,42,2
1,0,1,1,0,1,0,0,1,1,1,0,1,8,1.0,1.0,accuracy,133,45,42,1
1,0,1,1,0,1,0,0,1,1,0,1,1,8,1.0,1.0,accuracy,133,45,42,1
1,0,1,1,0,1,0,0,1,0,1,1,1,8,0.9777777777777776,0.9777777777777776,accuracy,133,45,42,2
1,0,1,1,0,1,0,0,0,1,1,1,1,8,1.0,1.0,accuracy,133,45,42,1
1,0,1,1,0,0,1,1,1,1,1,0,0,8,0.9777777777777776,0.9777777777777776,accuracy,133,45,42,2
1,0,1,1,0,0,1,1,1,1,0,1,0,8,0.9777777777777776,0.9777777777777776,accuracy,133,45,42,2
1,0,1,1,0,0,1,1,1,1,0,0,1,8,0.9777777777777776,0.9777777777777776,accuracy,133,45,42,2
1,0,1,1,0,0,1,1,1,0,1,1,0,8,0.9555555555555556,0.9555555555555556,accuracy,133,45,42,3
1,0,1,1,0,0,1,1,1,0,1,0,1,8,0.9777777777777776,0.9777777777777776,accuracy,133,45,42,2
1,0,1,1,0,0,1,1,1,0,0,1,1,8,1.0,1.0,accuracy,133,45,42,1
1,0,1,1,0,0,1,1,0,1,1,1,0,8,0.9777777777777776,0.9777777777777776,accuracy,133,45,42,2
1,0,1,1,0,0,1,1,0,1,1,0,1,8,1.0,1.0,accuracy,133,45,42,1
1,0,1,1,0,0,1,1,0,1,0,1,1,8,0.9777777777777776,0.9777777777777776,accuracy,133,45,42,2
1,0,1,1,0,0,1,1,0,0,1,1,1,8,0.9777777777777776,0.9777777777777776,accuracy,133,45,42,2
1,0,1,1,0,0,1,0,1,1,1,1,0,8,0.9777777777777776,0.9777777777777776,accuracy,133,45,42,2
1,0,1,1,0,0,1,0,1,1,1,0,1,8,1.0,1.0,accuracy,133,45,42,1
1,0,1,1,0,0,1,0,1,1,0,1,1,8,1.0,1.0,accuracy,133,45,42,1
1,0,1,1,0,0,1,0,1,0,1,1,1,8,0.9777777777777776,0.9777777777777776,accuracy,133,45,42,2
1,0,1,1,0,0,1,0,0,1,1,1,1,8,1.0,1.0,accuracy,133,45,42,1
1,0,1,1,0,0,0,1,1,1,1,1,0,8,0.9555555555555556,0.9555555555555556,accuracy,133,45,42,3
1,0,1,1,0,0,0,1,1,1,1,0,1,8,1.0,1.0,accuracy,133,45,42,1
1,0,1,1,0,0,0,1,1,1,0,1,1,8,1.0,1.0,accuracy,133,45,42,1
1,0,1,1,0,0,0,1,1,0,1,1,1,8,0.9777777777777776,0.9777777777777776,accuracy,133,45,42,2
1,0,1,1,0,0,0,1,0,1,1,1,1,8,1.0,1.0,accuracy,133,45,42,1
1,0,1,1,0,0,0,0,1,1,1,1,1,8,1.0,1.0,accuracy,133,45,42,1
1,0,1,0,1,1,1,1,1,1,0,0,0,8,0.9777777777777776,0.9777777777777776,accuracy,133,45,42,2
1,0,1,0,1,1,1,1,1,0,1,0,0,8,0.9777777777777776,0.9777777777777776,accuracy,133,45,42,2
1,0,1,0,1,1,1,1,1,0,0,1,0,8,1.0,1.0,accuracy,133,45,42,1
1,0,1,0,1,1,1,1,1,0,0,0,1,8,0.9777777777777776,0.9777777777777776,accuracy,133,45,42,2
1,0,1,0,1,1,1,1,0,1,1,0,0,8,0.9777777777777776,0.9777777777777776,accuracy,133,45,42,2
1,0,1,0,1,1,1,1,0,1,0,1,0,8,0.9777777777777776,0.9777777777777776,accuracy,133,45,42,2
1,0,1,0,1,1,1,1,0,1,0,0,1,8,1.0,1.0,accuracy,133,45,42,1
1,0,1,0,1,1,1,1,0,0,1,1,0,8,0.9777777777777776,0.9777777777777776,accuracy,133,45,42,2
1,0,1,0,1,1,1,1,0,0,1,0,1,8,0.9777777777777776,0.9777777777777776,accuracy,133,45,42,2
1,0,1,0,1,1,1,1,0,0,0,1,1,8,1.0,1.0,accuracy,133,45,42,1
1,0,1,0,1,1,1,0,1,1,1,0,0,8,0.9777777777777776,0.9777777777777776,accuracy,133,45,42,2
1,0,1,0,1,1,1,0,1,1,0,1,0,8,0.9777777777777776,0.9777777777777776,accuracy,133,45,42,2
1,0,1,0,1,1,1,0,1,1,0,0,1,8,1.0,1.0,accuracy,133,45,42,1
1,0,1,0,1,1,1,0,1,0,1,1,0,8,0.9777777777777776,0.9777777777777776,accuracy,133,45,42,2
1,0,1,0,1,1,1,0,1,0,1,0,1,8,0.9777777777777776,0.9777777777777776,accuracy,133,45,42,2
1,0,1,0,1,1,1,0,1,0,0,1,1,8,1.0,1.0,accuracy,133,45,42,1
1,0,1,0,1,1,1,0,0,1,1,1,0,8,0.9777777777777776,0.9777777777777776,accuracy,133,45,42,2
1,0,1,0,1,1,1,0,0,1,1,0,1,8,1.0,1.0,accuracy,133,45,42,1
1,0,1,0,1,1,1,0,0,1,0,1,1,8,1.0,1.0,accuracy,133,45,42,1
1,0,1,0,1,1,1,0,0,0,1,1,1,8,0.9777777777777776,0.9777777777777776,accuracy,133,45,42,2
1,0,1,0,1,1,0,1,1,1,1,0,0,8,0.9555555555555556,0.9555555555555556,accuracy,133,45,42,3
1,0,1,0,1,1,0,1,1,1,0,1,0,8,0.9555555555555556,0.9555555555555556,accuracy,133,45,42,3
1,0,1,0,1,1,0,1,1,1,0,0,1,8,1.0,1.0,accuracy,133,45,42,1
1,0,1,0,1,1,0,1,1,0,1,1,0,8,0.9555555555555556,0.9555555555555556,accuracy,133,45,42,3
1,0,1,0,1,1,0,1,1,0,1,0,1,8,0.9333333333333332,0.9333333333333332,accuracy,133,45,42,4
1,0,1,0,1,1,0,1,1,0,0,1,1,8,0.9555555555555556,0.9555555555555556,accuracy,133,45,42,3
1,0,1,0,1,1,0,1,0,1,1,1,0,8,0.9555555555555556,0.9555555555555556,accuracy,133,45,42,3
1,0,1,0,1,1,0,1,0,1,1,0,1,8,0.9777777777777776,0.9777777777777776,accuracy,133,45,42,2
1,0,1,0,1,1,0,1,0,1,0,1,1,8,1.0,1.0,accuracy,133,45,42,1
1,0,1,0,1,1,0,1,0,0,1,1,1,8,0.9555555555555556,0.9555555555555556,accuracy,133,45,42,3
1,0,1,0,1,1,0,0,1,1,1,1,0,8,0.9777777777777776,0.9777777777777776,accuracy,133,45,42,2
1,0,1,0,1,1,0,0,1,1,1,0,1,8,1.0,1.0,accuracy,133,45,42,1
1,0,1,0,1,1,0,0,1,1,0,1,1,8,1.0,1.0,accuracy,133,45,42,1
1,0,1,0,1,1,0,0,1,0,1,1,1,8,0.9777777777777776,0.9777777777777776,accuracy,133,45,42,2
1,0,1,0,1,1,0,0,0,1,1,1,1,8,1.0,1.0,accuracy,133,45,42,1
1,0,1,0,1,0,1,1,1,1,1,0,0,8,0.9777777777777776,0.9777777777777776,accuracy,133,45,42,2
1,0,1,0,1,0,1,1,1,1,0,1,0,8,0.9777777777777776,0.9777777777777776,accuracy,133,45,42,2
1,0,1,0,1,0,1,1,1,1,0,0,1,8,1.0,1.0,accuracy,133,45,42,1
1,0,1,0,1,0,1,1,1,0,1,1,0,8,0.9777777777777776,0.9777777777777776,accuracy,133,45,42,2
1,0,1,0,1,0,1,1,1,0,1,0,1,8,0.9777777777777776,0.9777777777777776,accuracy,133,45,42,2
1,0,1,0,1,0,1,1,1,0,0,1,1,8,1.0,1.0,accuracy,133,45,42,1
1,0,1,0,1,0,1,1,0,1,1,1,0,8,0.9777777777777776,0.9777777777777776,accuracy,133,45,42,2
1,0,1,0,1,0,1,1,0,1,1,0,1,8,1.0,1.0,accuracy,133,45,42,1
1,0,1,0,1,0,1,1,0,1,0,1,1,8,1.0,1.0,accuracy,133,45,42,1
1,0,1,0,1,0,1,1,0,0,1,1,1,8,0.9777777777777776,0.9777777777777776,accuracy,133,45,42,2
1,0,1,0,1,0,1,0,1,1,1,1,0,8,0.9777777777777776,0.9777777777777776,accuracy,133,45,42,2
1,0,1,0,1,0,1,0,1,1,1,0,1,8,1.0,1.0,accuracy,133,45,42,1
1,0,1,0,1,0,1,0,1,1,0,1,1,8,1.0,1.0,accuracy,133,45,42,1
1,0,1,0,1,0,1,0,1,0,1,1,1,8,0.9777777777777776,0.9777777777777776,accuracy,133,45,42,2
1,0,1,0,1,0,1,0,0,1,1,1,1,8,1.0,1.0,accuracy,133,45,42,1
1,0,1,0,1,0,0,1,1,1,1,1,0,8,0.9777777777777776,0.9777777777777776,accuracy,133,45,42,2
1,0,1,0,1,0,0,1,1,1,1,0,1,8,1.0,1.0,accuracy,133,45,42,1
1,0,1,0,1,0,0,1,1,1,0,1,1,8,0.9777777777777776,0.9777777777777776,accuracy,133,45,42,2
1,0,1,0,1,0,0,1,1,0,1,1,1,8,0.9777777777777776,0.9777777777777776,accuracy,133,45,42,2
1,0,1,0,1,0,0,1,0,1,1,1,1,8,1.0,1.0,accuracy,133,45,42,1
1,0,1,0,1,0,0,0,1,1,1,1,1,8,1.0,1.0,accuracy,133,45,42,1
1,0,1,0,0,1,1,1,1,1,1,0,0,8,0.9555555555555556,0.9555555555555556,accuracy,133,45,42,3
1,0,1,0,0,1,1,1,1,1,0,1,0,8,0.9555555555555556,0.9555555555555556,accuracy,133,45,42,3
1,0,1,0,0,1,1,1,1,1,0,0,1,8,0.9777777777777776,0.9777777777777776,accuracy,133,45,42,2
1,0,1,0,0,1,1,1,1,0,1,1,0,8,0.9555555555555556,0.9555555555555556,accuracy,133,45,42,3
1,0,1,0,0,1,1,1,1,0,1,0,1,8,0.9777777777777776,0.9777777777777776,accuracy,133,45,42,2
1,0,1,0,0,1,1,1,1,0,0,1,1,8,0.9777777777777776,0.9777777777777776,accuracy,133,45,42,2
1,0,1,0,0,1,1,1,0,1,1,1,0,8,0.9555555555555556,0.9555555555555556,accuracy,133,45,42,3
1,0,1,0,0,1,1,1,0,1,1,0,1,8,1.0,1.0,accuracy,133,45,42,1
1,0,1,0,0,1,1,1,0,1,0,1,1,8,0.9777777777777776,0.9777777777777776,accuracy,133,45,42,2
1,0,1,0,0,1,1,1,0,0,1,1,1,8,0.9777777777777776,0.9777777777777776,accuracy,133,45,42,2
1,0,1,0,0,1,1,0,1,1,1,1,0,8,0.9555555555555556,0.9555555555555556,accuracy,133,45,42,3
1,0,1,0,0,1,1,0,1,1,1,0,1,8,1.0,1.0,accuracy,133,45,42,1
1,0,1,0,0,1,1,0,1,1,0,1,1,8,1.0,1.0,accuracy,133,45,42,1
1,0,1,0,0,1,1,0,1,0,1,1,1,8,0.9777777777777776,0.9777777777777776,accuracy,133,45,42,2
1,0,1,0,0,1,1,0,0,1,1,1,1,8,1.0,1.0,accuracy,133,45,42,1
1,0,1,0,0,1,0,1,1,1,1,1,0,8,0.9333333333333332,0.9333333333333332,accuracy,133,45,42,4
1,0,1,0,0,1,0,1,1,1,1,0,1,8,1.0,1.0,accuracy,133,45,42,1
1,0,1,0,0,1,0,1,1,1,0,1,1,8,1.0,1.0,accuracy,133,45,42,1
1,0,1,0,0,1,0,1,1,0,1,1,1,8,0.9777777777777776,0.9777777777777776,accuracy,133,45,42,2
1,0,1,0,0,1,0,1,0,1,1,1,1,8,1.0,1.0,accuracy,133,45,42,1
1,0,1,0,0,1,0,0,1,1,1,1,1,8,1.0,1.0,accuracy,133,45,42,1
1,0,1,0,0,0,1,1,1,1,1,1,0,8,0.9555555555555556,0.9555555555555556,accuracy,133,45,42,3
1,0,1,0,0,0,1,1,1,1,1,0,1,8,1.0,1.0,accuracy,133,45,42,1
1,0,1,0,0,0,1,1,1,1,0,1,1,8,1.0,1.0,accuracy,133,45,42,1
1,0,1,0,0,0,1,1,1,0,1,1,1,8,0.9777777777777776,0.9777777777777776,accuracy,133,45,42,2
1,0,1,0,0,0,1,1,0,1,1,1,1,8,1.0,1.0,accuracy,133,45,42,1
1,0,1,0,0,0,1,0,1,1,1,1,1,8,1.0,1.0,accuracy,133,45,42,1
1,0,1,0,0,0,0,1,1,1,1,1,1,8,1.0,1.0,accuracy,133,45,42,1
1,0,0,1,1,1,1,1,1,1,0,0,0,8,0.9777777777777776,0.9777777777777776,accuracy,133,45,42,2
1,0,0,1,1,1,1,1,1,0,1,0,0,8,0.9555555555555556,0.9555555555555556,accuracy,133,45,42,3
1,0,0,1,1,1,1,1,1,0,0,1,0,8,1.0,1.0,accuracy,133,45,42,1
1,0,0,1,1,1,1,1,1,0,0,0,1,8,0.9777777777777776,0.9777777777777776,accuracy,133,45,42,2
1,0,0,1,1,1,1,1,0,1,1,0,0,8,0.9777777777777776,0.9777777777777776,accuracy,133,45,42,2
1,0,0,1,1,1,1,1,0,1,0,1,0,8,0.9777777777777776,0.9777777777777776,accuracy,133,45,42,2
1,0,0,1,1,1,1,1,0,1,0,0,1,8,1.0,1.0,accuracy,133,45,42,1
1,0,0,1,1,1,1,1,0,0,1,1,0,8,0.9555555555555556,0.9555555555555556,accuracy,133,45,42,3
1,0,0,1,1,1,1,1,0,0,1,0,1,8,0.9777777777777776,0.9777777777777776,accuracy,133,45,42,2
1,0,0,1,1,1,1,1,0,0,0,1,1,8,1.0,1.0,accuracy,133,45,42,1
1,0,0,1,1,1,1,0,1,1,1,0,0,8,0.9777777777777776,0.9777777777777776,accuracy,133,45,42,2
1,0,0,1,1,1,1,0,1,1,0,1,0,8,0.9777777777777776,0.9777777777777776,accuracy,133,45,42,2
1,0,0,1,1,1,1,0,1,1,0,0,1,8,1.0,1.0,accuracy,133,45,42,1
1,0,0,1,1,1,1,0,1,0,1,1,0,8,0.9777777777777776,0.9777777777777776,accuracy,133,45,42,2
1,0,0,1,1,1,1,0,1,0,1,0,1,8,0.9777777777777776,0.9777777777777776,accuracy,133,45,42,2
1,0,0,1,1,1,1,0,1,0,0,1,1,8,1.0,1.0,accuracy,133,45,42,1
1,0,0,1,1,1,1,0,0,1,1,1,0,8,0.9777777777777776,0.9777777777777776,accuracy,133,45,42,2
1,0,0,1,1,1,1,0,0,1,1,0,1,8,1.0,1.0,accuracy,133,45,42,1
1,0,0,1,1,1,1,0,0,1,0,1,1,8,1.0,1.0,accuracy,133,45,42,1
1,0,0,1,1,1,1,0,0,0,1,1,1,8,0.9777777777777776,0.9777777777777776,accuracy,133,45,42,2
1,0,0,1,1,1,0,1,1,1,1,0,0,8,0.9333333333333332,0.9333333333333332,accuracy,133,45,42,4
1,0,0,1,1,1,0,1,1,1,0,1,0,8,0.9555555555555556,0.9555555555555556,accuracy,133,45,42,3
1,0,0,1,1,1,0,1,1,1,0,0,1,8,0.9777777777777776,0.9777777777777776,accuracy,133,45,42,2
1,0,0,1,1,1,0,1,1,0,1,1,0,8,0.9555555555555556,0.9555555555555556,accuracy,133,45,42,3
1,0,0,1,1,1,0,1,1,0,1,0,1,8,0.9333333333333332,0.9333333333333332,accuracy,133,45,42,4
1,0,0,1,1,1,0,1,1,0,0,1,1,8,0.9555555555555556,0.9555555555555556,accuracy,133,45,42,3
1,0,0,1,1,1,0,1,0,1,1,1,0,8,0.9777777777777776,0.9777777777777776,accuracy,133,45,42,2
1,0,0,1,1,1,0,1,0,1,1,0,1,8,0.9777777777777776,0.9777777777777776,accuracy,133,45,42,2
1,0,0,1,1,1,0,1,0,1,0,1,1,8,1.0,1.0,accuracy,133,45,42,1
1,0,0,1,1,1,0,1,0,0,1,1,1,8,0.9555555555555556,0.9555555555555556,accuracy,133,45,42,3
1,0,0,1,1,1,0,0,1,1,1,1,0,8,0.9777777777777776,0.9777777777777776,accuracy,133,45,42,2
1,0,0,1,1,1,0,0,1,1,1,0,1,8,1.0,1.0,accuracy,133,45,42,1
1,0,0,1,1,1,0,0,1,1,0,1,1,8,1.0,1.0,accuracy,133,45,42,1
1,0,0,1,1,1,0,0,1,0,1,1,1,8,0.9555555555555556,0.9555555555555556,accuracy,133,45,42,3
1,0,0,1,1,1,0,0,0,1,1,1,1,8,1.0,1.0,accuracy,133,45,42,1
1,0,0,1,1,0,1,1,1,1,1,0,0,8,0.9777777777777776,0.9777777777777776,accuracy,133,45,42,2
1,0,0,1,1,0,1,1,1,1,0,1,0,8,0.9777777777777776,0.9777777777777776,accuracy,133,45,42,2
1,0,0,1,1,0,1,1,1,1,0,0,1,8,1.0,1.0,accuracy,133,45,42,1
1,0,0,1,1,0,1,1,1,0,1,1,0,8,0.9777777777777776,0.9777777777777776,accuracy,133,45,42,2
1,0,0,1,1,0,1,1,1,0,1,0,1,8,0.9777777777777776,0.9777777777777776,accuracy,133,45,42,2
1,0,0,1,1,0,1,1,1,0,0,1,1,8,1.0,1.0,accuracy,133,45,42,1
1,0,0,1,1,0,1,1,0,1,1,1,0,8,0.9777777777777776,0.9777777777777776,accuracy,133,45,42,2
1,0,0,1,1,0,1,1,0,1,1,0,1,8,1.0,1.0,accuracy,133,45,42,1
1,0,0,1,1,0,1,1,0,1,0,1,1,8,1.0,1.0,accuracy,133,45,42,1
1,0,0,1,1,0,1,1,0,0,1,1,1,8,0.9777777777777776,0.9777777777777776,accuracy,133,45,42,2
1,0,0,1,1,0,1,0,1,1,1,1,0,8,0.9777777777777776,0.9777777777777776,accuracy,133,45,42,2
1,0,0,1,1,0,1,0,1,1,1,0,1,8,1.0,1.0,accuracy,133,45,42,1
1,0,0,1,1,0,1,0,1,1,0,1,1,8,1.0,1.0,accuracy,133,45,42,1
1,0,0,1,1,0,1,0,1,0,1,1,1,8,0.9777777777777776,0.9777777777777776,accuracy,133,45,42,2
1,0,0,1,1,0,1,0,0,1,1,1,1,8,1.0,1.0,accuracy,133,45,42,1
1,0,0,1,1,0,0,1,1,1,1,1,0,8,0.9777777777777776,0.9777777777777776,accuracy,133,45,42,2
1,0,0,1,1,0,0,1,1,1,1,0,1,8,1.0,1.0,accuracy,133,45,42,1
1,0,0,1,1,0,0,1,1,1,0,1,1,8,1.0,1.0,accuracy,133,45,42,1
1,0,0,1,1,0,0,1,1,0,1,1,1,8,0.9555555555555556,0.9555555555555556,accuracy,133,45,42,3
1,0,0,1,1,0,0,1,0,1,1,1,1,8,1.0,1.0,accuracy,133,45,42,1
1,0,0,1,1,0,0,0,1,1,1,1,1,8,1.0,1.0,accuracy,133,45,42,1
1,0,0,1,0,1,1,1,1,1,1,0,0,8,0.9777777777777776,0.9777777777777776,accuracy,133,45,42,2
1,0,0,1,0,1,1,1,1,1,0,1,0,8,0.9777777777777776,0.9777777777777776,accuracy,133,45,42,2
1,0,0,1,0,1,1,1,1,1,0,0,1,8,0.9777777777777776,0.9777777777777776,accuracy,133,45,42,2
1,0,0,1,0,1,1,1,1,0,1,1,0,8,0.9555555555555556,0.9555555555555556,accuracy,133,45,42,3
1,0,0,1,0,1,1,1,1,0,1,0,1,8,0.9777777777777776,0.9777777777777776,accuracy,133,45,42,2
1,0,0,1,0,1,1,1,1,0,0,1,1,8,1.0,1.0,accuracy,133,45,42,1
1,0,0,1,0,1,1,1,0,1,1,1,0,8,0.9777777777777776,0.9777777777777776,accuracy,133,45,42,2
1,0,0,1,0,1,1,1,0,1,1,0,1,8,0.9777777777777776,0.9777777777777776,accuracy,133,45,42,2
1,0,0,1,0,1,1,1,0,1,0,1,1,8,0.9777777777777776,0.9777777777777776,accuracy,133,45,42,2
1,0,0,1,0,1,1,1,0,0,1,1,1,8,0.9777777777777776,0.9777777777777776,accuracy,133,45,42,2
1,0,0,1,0,1,1,0,1,1,1,1,0,8,0.9777777777777776,0.9777777777777776,accuracy,133,45,42,2
1,0,0,1,0,1,1,0,1,1,1,0,1,8,1.0,1.0,accuracy,133,45,42,1
1,0,0,1,0,1,1,0,1,1,0,1,1,8,0.9777777777777776,0.9777777777777776,accuracy,133,45,42,2
1,0,0,1,0,1,1,0,1,0,1,1,1,8,0.9777777777777776,0.9777777777777776,accuracy,133,45,42,2
1,0,0,1,0,1,1,0,0,1,1,1,1,8,1.0,1.0,accuracy,133,45,42,1
1,0,0,1,0,1,0,1,1,1,1,1,0,8,0.9555555555555556,0.9555555555555556,accuracy,133,45,42,3
1,0,0,1,0,1,0,1,1,1,1,0,1,8,1.0,1.0,accuracy,133,45,42,1
1,0,0,1,0,1,0,1,1,1,0,1,1,8,0.9777777777777776,0.9777777777777776,accuracy,133,45,42,2
1,0,0,1,0,1,0,1,1,0,1,1,1,8,0.9777777777777776,0.9777777777777776,accuracy,133,45,42,2
1,0,0,1,0,1,0,1,0,1,1,1,1,8,1.0,1.0,accuracy,133,45,42,1
1,0,0,1,0,1,0,0,1,1,1,1,1,8,1.0,1.0,accuracy,133,45,42,1
1,0,0,1,0,0,1,1,1,1,1,1,0,8,0.9777777777777776,0.9777777777777776,accuracy,133,45,42,2
1,0,0,1,0,0,1,1,1,1,1,0,1,8,0.9777777777777776,0.9777777777777776,accuracy,133,45,42,2
1,0,0,1,0,0,1,1,1,1,0,1,1,8,0.9777777777777776,0.9777777777777776,accuracy,133,45,42,2
1,0,0,1,0,0,1,1,1,0,1,1,1,8,0.9777777777777776,0.9777777777777776,accuracy,133,45,42,2
1,0,0,1,0,0,1,1,0,1,1,1,1,8,0.9777777777777776,0.9777777777777776,accuracy,133,45,42,2
1,0,0,1,0,0,1,0,1,1,1,1,1,8,1.0,1.0,accuracy,133,45,42,1
1,0,0,1,0,0,0,1,1,1,1,1,1,8,1.0,1.0,accuracy,133,45,42,1
1,0,0,0,1,1,1,1,1,1,1,0,0,8,0.9777777777777776,0.9777777777777776,accuracy,133,45,42,2
1,0,0,0,1,1,1,1,1,1,0,1,0,8,0.9777777777777776,0.9777777777777776,accuracy,133,45,42,2
1,0,0,0,1,1,1,1,1,1,0,0,1,8,1.0,1.0,accuracy,133,45,42,1
1,0,0,0,1,1,1,1,1,0,1,1,0,8,0.9777777777777776,0.9777777777777776,accuracy,133,45,42,2
1,0,0,0,1,1,1,1,1,0,1,0,1,8,0.9777777777777776,0.9777777777777776,accuracy,133,45,42,2
1,0,0,0,1,1,1,1,1,0,0,1,1,8,0.9777777777777776,0.9777777777777776,accuracy,133,45,42,2
1,0,0,0,1,1,1,1,0,1,1,1,0,8,0.9777777777777776,0.9777777777777776,accuracy,133,45,42,2
1,0,0,0,1,1,1,1,0,1,1,0,1,8,1.0,1.0,accuracy,133,45,42,1
1,0,0,0,1,1,1,1,0,1,0,1,1,8,1.0,1.0,accuracy,133,45,42,1
1,0,0,0,1,1,1,1,0,0,1,1,1,8,0.9777777777777776,0.9777777777777776,accuracy,133,45,42,2
1,0,0,0,1,1,1,0,1,1,1,1,0,8,0.9777777777777776,0.9777777777777776,accuracy,133,45,42,2
1,0,0,0,1,1,1,0,1,1,1,0,1,8,1.0,1.0,accuracy,133,45,42,1
1,0,0,0,1,1,1,0,1,1,0,1,1,8,1.0,1.0,accuracy,133,45,42,1
1,0,0,0,1,1,1,0,1,0,1,1,1,8,0.9777777777777776,0.9777777777777776,accuracy,133,45,42,2
1,0,0,0,1,1,1,0,0,1,1,1,1,8,1.0,1.0,accuracy,133,45,42,1
1,0,0,0,1,1,0,1,1,1,1,1,0,8,0.9777777777777776,0.9777777777777776,accuracy,133,45,42,2
1,0,0,0,1,1,0,1,1,1,1,0,1,8,1.0,1.0,accuracy,133,45,42,1
1,0,0,0,1,1,0,1,1,1,0,1,1,8,1.0,1.0,accuracy,133,45,42,1
1,0,0,0,1,1,0,1,1,0,1,1,1,8,0.9555555555555556,0.9555555555555556,accuracy,133,45,42,3
1,0,0,0,1,1,0,1,0,1,1,1,1,8,1.0,1.0,accuracy,133,45,42,1
1,0,0,0,1,1,0,0,1,1,1,1,1,8,1.0,1.0,accuracy,133,45,42,1
1,0,0,0,1,0,1,1,1,1,1,1,0,8,0.9777777777777776,0.9777777777777776,accuracy,133,45,42,2
1,0,0,0,1,0,1,1,1,1,1,0,1,8,1.0,1.0,accuracy,133,45,42,1
1,0,0,0,1,0,1,1,1,1,0,1,1,8,1.0,1.0,accuracy,133,45,42,1
1,0,0,0,1,0,1,1,1,0,1,1,1,8,0.9777777777777776,0.9777777777777776,accuracy,133,45,42,2
1,0,0,0,1,0,1,1,0,1,1,1,1,8,1.0,1.0,accuracy,133,45,42,1
1,0,0,0,1,0,1,0,1,1,1,1,1,8,1.0,1.0,accuracy,133,45,42,1
1,0,0,0,1,0,0,1,1,1,1,1,1,8,1.0,1.0,accuracy,133,45,42,1
1,0,0,0,0,1,1,1,1,1,1,1,0,8,0.9777777777777776,0.9777777777777776,accuracy,133,45,42,2
1,0,0,0,0,1,1,1,1,1,1,0,1,8,1.0,1.0,accuracy,133,45,42,1
1,0,0,0,0,1,1,1,1,1,0,1,1,8,0.9777777777777776,0.9777777777777776,accuracy,133,45,42,2
1,0,0,0,0,1,1,1,1,0,1,1,1,8,0.9777777777777776,0.9777777777777776,accuracy,133,45,42,2
1,0,0,0,0,1,1,1,0,1,1,1,1,8,1.0,1.0,accuracy,133,45,42,1
1,0,0,0,0,1,1,0,1,1,1,1,1,8,1.0,1.0,accuracy,133,45,42,1
1,0,0,0,0,1,0,1,1,1,1,1,1,8,1.0,1.0,accuracy,133,45,42,1
1,0,0,0,0,0,1,1,1,1,1,1,1,8,1.0,1.0,accuracy,133,45,42,1
0,1,1,1,1,1,1,1,1,0,0,0,0,8,0.9111111111111112,0.9111111111111112,accuracy,133,45,42,5
0,1,1,1,1,1,1,1,0,1,0,0,0,8,0.9333333333333332,0.9333333333333332,accuracy,133,45,42,4
0,1,1,1,1,1,1,1,0,0,1,0,0,8,0.9333333333333332,0.9333333333333332,accuracy,133,45,42,4
0,1,1,1,1,1,1,1,0,0,0,1,0,8,0.9333333333333332,0.9333333333333332,accuracy,133,45,42,4
0,1,1,1,1,1,1,1,0,0,0,0,1,8,0.9555555555555556,0.9555555555555556,accuracy,133,45,42,3
0,1,1,1,1,1,1,0,1,1,0,0,0,8,0.9111111111111112,0.9111111111111112,accuracy,133,45,42,5
0,1,1,1,1,1,1,0,1,0,1,0,0,8,0.9333333333333332,0.9333333333333332,accuracy,133,45,42,4
0,1,1,1,1,1,1,0,1,0,0,1,0,8,0.9111111111111112,0.9111111111111112,accuracy,133,45,42,5
0,1,1,1,1,1,1,0,1,0,0,0,1,8,0.9555555555555556,0.9555555555555556,accuracy,133,45,42,3
0,1,1,1,1,1,1,0,0,1,1,0,0,8,0.9333333333333332,0.9333333333333332,accuracy,133,45,42,4
0,1,1,1,1,1,1,0,0,1,0,1,0,8,0.9333333333333332,0.9333333333333332,accuracy,133,45,42,4
0,1,1,1,1,1,1,0,0,1,0,0,1,8,0.9777777777777776,0.9777777777777776,accuracy,133,45,42,2
0,1,1,1,1,1,1,0,0,0,1,1,0,8,0.9555555555555556,0.9555555555555556,accuracy,133,45,42,3
0,1,1,1,1,1,1,0,0,0,1,0,1,8,0.9555555555555556,0.9555555555555556,accuracy,133,45,42,3
0,1,1,1,1,1,1,0,0,0,0,1,1,8,0.9777777777777776,0.9777777777777776,accuracy,133,45,42,2
0,1,1,1,1,1,0,1,1,1,0,0,0,8,0.8666666666666667,0.8666666666666667,accuracy,133,45,42,7
0,1,1,1,1,1,0,1,1,0,1,0,0,8,0.8444444444444444,0.8444444444444444,accuracy,133,45,42,8
0,1,1,1,1,1,0,1,1,0,0,1,0,8,0.8666666666666667,0.8666666666666667,accuracy,133,45,42,7
0,1,1,1,1,1,0,1,1,0,0,0,1,8,0.9111111111111112,0.9111111111111112,accuracy,133,45,42,5
0,1,1,1,1,1,0,1,0,1,1,0,0,8,0.9111111111111112,0.9111111111111112,accuracy,133,45,42,5
0,1,1,1,1,1,0,1,0,1,0,1,0,8,0.9111111111111112,0.9111111111111112,accuracy,133,45,42,5
0,1,1,1,1,1,0,1,0,1,0,0,1,8,0.9111111111111112,0.9111111111111112,accuracy,133,45,42,5
0,1,1,1,1,1,0,1,0,0,1,1,0,8,0.9333333333333332,0.9333333333333332,accuracy,133,45,42,4
0,1,1,1,1,1,0,1,0,0,1,0,1,8,0.8888888888888888,0.8888888888888888,accuracy,133,45,42,6
0,1,1,1,1,1,0,1,0,0,0,1,1,8,0.9555555555555556,0.9555555555555556,accuracy,133,45,42,3
0,1,1,1,1,1,0,0,1,1,1,0,0,8,0.9333333333333332,0.9333333333333332,accuracy,133,45,42,4
0,1,1,1,1,1,0,0,1,1,0,1,0,8,0.9111111111111112,0.9111111111111112,accuracy,133,45,42,5
0,1,1,1,1,1,0,0,1,1,0,0,1,8,0.9333333333333332,0.9333333333333332,accuracy,133,45,42,4
0,1,1,1,1,1,0,0,1,0,1,1,0,8,0.9111111111111112,0.9111111111111112,accuracy,133,45,42,5
0,1,1,1,1,1,0,0,1,0,1,0,1,8,0.9111111111111112,0.9111111111111112,accuracy,133,45,42,5
0,1,1,1,1,1,0,0,1,0,0,1,1,8,0.9555555555555556,0.9555555555555556,accuracy,133,45,42,3
0,1,1,1,1,1,0,0,0,1,1,1,0,8,0.9555555555555556,0.9555555555555556,accuracy,133,45,42,3
0,1,1,1,1,1,0,0,0,1,1,0,1,8,0.9555555555555556,0.9555555555555556,accuracy,133,45,42,3
0,1,1,1,1,1,0,0,0,1,0,1,1,8,0.9555555555555556,0.9555555555555556,accuracy,133,45,42,3
0,1,1,1,1,1,0,0,0,0,1,1,1,8,0.9555555555555556,0.9555555555555556,accuracy,133,45,42,3
0,1,1,1,1,0,1,1,1,1,0,0,0,8,0.9333333333333332,0.9333333333333332,accuracy,133,45,42,4
0,1,1,1,1,0,1,1,1,0,1,0,0,8,0.9333333333333332,0.9333333333333332,accuracy,133,45,42,4
0,1,1,1,1,0,1,1,1,0,0,1,0,8,0.9333333333333332,0.9333333333333332,accuracy,133,45,42,4
0,1,1,1,1,0,1,1,1,0,0,0,1,8,0.9555555555555556,0.9555555555555556,accuracy,133,45,42,3
0,1,1,1,1,0,1,1,0,1,1,0,0,8,0.9555555555555556,0.9555555555555556,accuracy,133,45,42,3
0,1,1,1,1,0,1,1,0,1,0,1,0,8,0.9555555555555556,0.9555555555555556,accuracy,133,45,42,3
0,1,1,1,1,0,1,1,0,1,0,0,1,8,0.9555555555555556,0.9555555555555556,accuracy,133,45,42,3
0,1,1,1,1,0,1,1,0,0,1,1,0,8,0.9333333333333332,0.9333333333333332,accuracy,133,45,42,4
0,1,1,1,1,0,1,1,0,0,1,0,1,8,0.9777777777777776,0.9777777777777776,accuracy,133,45,42,2
0,1,1,1,1,0,1,1,0,0,0,1,1,8,0.9777777777777776,0.9777777777777776,accuracy,133,45,42,2
0,1,1,1,1,0,1,0,1,1,1,0,0,8,0.9555555555555556,0.9555555555555556,accuracy,133,45,42,3
0,1,1,1,1,0,1,0,1,1,0,1,0,8,0.9555555555555556,0.9555555555555556,accuracy,133,45,42,3
0,1,1,1,1,0,1,0,1,1,0,0,1,8,0.9777777777777776,0.9777777777777776,accuracy,133,45,42,2
0,1,1,1,1,0,1,0,1,0,1,1,0,8,0.9333333333333332,0.9333333333333332,accuracy,133,45,42,4
0,1,1,1,1,0,1,0,1,0,1,0,1,8,0.9777777777777776,0.9777777777777776,accuracy,133,45,42,2
0,1,1,1,1,0,1,0,1,0,0,1,1,8,0.9777777777777776,0.9777777777777776,accuracy,133,45,42,2
0,1,1,1,1,0,1,0,0,1,1,1,0,8,0.9555555555555556,0.9555555555555556,accuracy,133,45,42,3
0,1,1,1,1,0,1,0,0,1,1,0,1,8,0.9777777777777776,0.9777777777777776,accuracy,133,45,42,2
0,1,1,1,1,0,1,0,0,1,0,1,1,8,0.9777777777777776,0.9777777777777776,accuracy,133,45,42,2
0,1,1,1,1,0,1,0,0,0,1,1,1,8,0.9777777777777776,0.9777777777777776,accuracy,133,45,42,2
0,1,1,1,1,0,0,1,1,1,1,0,0,8,0.9555555555555556,0.9555555555555556,accuracy,133,45,42,3
0,1,1,1,1,0,0,1,1,1,0,1,0,8,0.8888888888888888,0.8888888888888888,accuracy,133,45,42,6
0,1,1,1,1,0,0,1,1,1,0,0,1,8,0.9111111111111112,0.9111111111111112,accuracy,133,45,42,5
0,1,1,1,1,0,0,1,1,0,1,1,0,8,0.8888888888888888,0.8888888888888888,accuracy,133,45,42,6
0,1,1,1,1,0,0,1,1,0,1,0,1,8,0.9111111111111112,0.9111111111111112,accuracy,133,45,42,5
0,1,1,1,1,0,0,1,1,0,0,1,1,8,0.9333333333333332,0.9333333333333332,accuracy,133,45,42,4
0,1,1,1,1,0,0,1,0,1,1,1,0,8,0.9555555555555556,0.9555555555555556,accuracy,133,45,42,3
0,1,1,1,1,0,0,1,0,1,1,0,1,8,0.9777777777777776,0.9777777777777776,accuracy,133,45,42,2
0,1,1,1,1,0,0,1,0,1,0,1,1,8,0.9333333333333332,0.9333333333333332,accuracy,133,45,42,4
0,1,1,1,1,0,0,1,0,0,1,1,1,8,0.9333333333333332,0.9333333333333332,accuracy,133,45,42,4
0,1,1,1,1,0,0,0,1,1,1,1,0,8,0.9555555555555556,0.9555555555555556,accuracy,133,45,42,3
0,1,1,1,1,0,0,0,1,1,1,0,1,8,1.0,1.0,accuracy,133,45,42,1
0,1,1,1,1,0,0,0,1,1,0,1,1,8,0.9555555555555556,0.9555555555555556,accuracy,133,45,42,3
0,1,1,1,1,0,0,0,1,0,1,1,1,8,0.9555555555555556,0.9555555555555556,accuracy,133,45,42,3
0,1,1,1,1,0,0,0,0,1,1,1,1,8,0.9777777777777776,0.9777777777777776,accuracy,133,45,42,2
0,1,1,1,0,1,1,1,1,1,0,0,0,8,0.9111111111111112,0.9111111111111112,accuracy,133,45,42,5
0,1,1,1,0,1,1,1,1,0,1,0,0,8,0.8888888888888888,0.8888888888888888,accuracy,133,45,42,6
0,1,1,1,0,1,1,1,1,0,0,1,0,8,0.8888888888888888,0.8888888888888888,accuracy,133,45,42,6
0,1,1,1,0,1,1,1,1,0,0,0,1,8,0.9333333333333332,0.9333333333333332,accuracy,133,45,42,4
0,1,1,1,0,1,1,1,0,1,1,0,0,8,0.9333333333333332,0.9333333333333332,accuracy,133,45,42,4
0,1,1,1,0,1,1,1,0,1,0,1,0,8,0.9111111111111112,0.9111111111111112,accuracy,133,45,42,5
0,1,1,1,0,1,1,1,0,1,0,0,1,8,0.9777777777777776,0.9777777777777776,accuracy,133,45,42,2
0,1,1,1,0,1,1,1,0,0,1,1,0,8,0.9111111111111112,0.9111111111111112,accuracy,133,45,42,5
0,1,1,1,0,1,1,1,0,0,1,0,1,8,0.9777777777777776,0.9777777777777776,accuracy,133,45,42,2
0,1,1,1,0,1,1,1,0,0,0,1,1,8,0.9777777777777776,0.9777777777777776,accuracy,133,45,42,2
0,1,1,1,0,1,1,0,1,1,1,0,0,8,0.9333333333333332,0.9333333333333332,accuracy,133,45,42,4
0,1,1,1,0,1,1,0,1,1,0,1,0,8,0.9111111111111112,0.9111111111111112,accuracy,133,45,42,5
0,1,1,1,0,1,1,0,1,1,0,0,1,8,0.9777777777777776,0.9777777777777776,accuracy,133,45,42,2
0,1,1,1,0,1,1,0,1,0,1,1,0,8,0.9111111111111112,0.9111111111111112,accuracy,133,45,42,5
0,1,1,1,0,1,1,0,1,0,1,0,1,8,0.9777777777777776,0.9777777777777776,accuracy,133,45,42,2
0,1,1,1,0,1,1,0,1,0,0,1,1,8,0.9777777777777776,0.9777777777777776,accuracy,133,45,42,2
0,1,1,1,0,1,1,0,0,1,1,1,0,8,0.9333333333333332,0.9333333333333332,accuracy,133,45,42,4
0,1,1,1,0,1,1,0,0,1,1,0,1,8,1.0,1.0,accuracy,133,45,42,1
0,1,1,1,0,1,1,0,0,1,0,1,1,8,1.0,1.0,accuracy,133,45,42,1
0,1,1,1,0,1,1,0,0,0,1,1,1,8,0.9555555555555556,0.9555555555555556,accuracy,133,45,42,3
0,1,1,1,0,1,0,1,1,1,1,0,0,8,0.9333333333333332,0.9333333333333332,accuracy,133,45,42,4
0,1,1,1,0,1,0,1,1,1,0,1,0,8,0.8888888888888888,0.8888888888888888,accuracy,133,45,42,6
0,1,1,1,0,1,0,1,1,1,0,0,1,8,0.9333333333333332,0.9333333333333332,accuracy,133,45,42,4
0,1,1,1,0,1,0,1,1,0,1,1,0,8,0.8888888888888888,0.8888888888888888,accuracy,133,45,42,6
0,1,1,1,0,1,0,1,1,0,1,0,1,8,0.9111111111111112,0.9111111111111112,accuracy,133,45,42,5
0,1,1,1,0,1,0,1,1,0,0,1,1,8,0.9333333333333332,0.9333333333333332,accuracy,133,45,42,4
0,1,1,1,0,1,0,1,0,1,1,1,0,8,0.9111111111111112,0.9111111111111112,accuracy,133,45,42,5
0,1,1,1,0,1,0,1,0,1,1,0,1,8,0.9777777777777776,0.9777777777777776,accuracy,133,45,42,2
0,1,1,1,0,1,0,1,0,1,0,1,1,8,0.9777777777777776,0.9777777777777776,accuracy,133,45,42,2
0,1,1,1,0,1,0,1,0,0,1,1,1,8,0.9555555555555556,0.9555555555555556,accuracy,133,45,42,3
0,1,1,1,0,1,0,0,1,1,1,1,0,8,0.9111111111111112,0.9111111111111112,accuracy,133,45,42,5
0,1,1,1,0,1,0,0,1,1,1,0,1,8,1.0,1.0,accuracy,133,45,42,1
0,1,1,1,0,1,0,0,1,1,0,1,1,8,0.9777777777777776,0.9777777777777776,accuracy,133,45,42,2
0,1,1,1,0,1,0,0,1,0,1,1,1,8,0.9555555555555556,0.9555555555555556,accuracy,133,45,42,3
0,1,1,1,0,1,0,0,0,1,1,1,1,8,1.0,1.0,accuracy,133,45,42,1
0,1,1,1,0,0,1,1,1,1,1,0,0,8,0.9333333333333332,0.9333333333333332,accuracy,133,45,42,4
0,1,1,1,0,0,1,1,1,1,0,1,0,8,0.9111111111111112,0.9111111111111112,accuracy,133,45,42,5
0,1,1,1,0,0,1,1,1,1,0,0,1,8,0.9777777777777776,0.9777777777777776,accuracy,133,45,42,2
0,1,1,1,0,0,1,1,1,0,1,1,0,8,0.9111111111111112,0.9111111111111112,accuracy,133,45,42,5
0,1,1,1,0,0,1,1,1,0,1,0,1,8,0.9777777777777776,0.9777777777777776,accuracy,133,45,42,2
0,1,1,1,0,0,1,1,1,0,0,1,1,8,0.9777777777777776,0.9777777777777776,accuracy,133,45,42,2
0,1,1,1,0,0,1,1,0,1,1,1,0,8,0.9333333333333332,0.9333333333333332,accuracy,133,45,42,4
0,1,1,1,0,0,1,1,0,1,1,0,1,8,1.0,1.0,accuracy,133,45,42,1
0,1,1,1,0,0,1,1,0,1,0,1,1,8,1.0,1.0,accuracy,133,45,42,1
0,1,1,1,0,0,1,1,0,0,1,1,1,8,0.9777777777777776,0.9777777777777776,accuracy,133,45,42,2
0,1,1,1,0,0,1,0,1,1,1,1,0,8,0.9333333333333332,0.9333333333333332,accuracy,133,45,42,4
0,1,1,1,0,0,1,0,1,1,1,0,1,8,1.0,1.0,accuracy,133,45,42,1
0,1,1,1,0,0,1,0,1,1,0,1,1,8,1.0,1.0,accuracy,133,45,42,1
0,1,1,1,0,0,1,0,1,0,1,1,1,8,0.9777777777777776,0.9777777777777776,accuracy,133,45,42,2
0,1,1,1,0,0,1,0,0,1,1,1,1,8,1.0,1.0,accuracy,133,45,42,1
0,1,1,1,0,0,0,1,1,1,1,1,0,8,0.9333333333333332,0.9333333333333332,accuracy,133,45,42,4
0,1,1,1,0,0,0,1,1,1,1,0,1,8,1.0,1.0,accuracy,133,45,42,1
0,1,1,1,0,0,0,1,1,1,0,1,1,8,0.9777777777777776,0.9777777777777776,accuracy,133,45,42,2
0,1,1,1,0,0,0,1,1,0,1,1,1,8,0.9555555555555556,0.9555555555555556,accuracy,133,45,42,3
0,1,1,1,0,0,0,1,0,1,1,1,1,8,1.0,1.0,accuracy,133,45,42,1
0,1,1,1,0,0,0,0,1,1,1,1,1,8,1.0,1.0,accuracy,133,45,42,1
0,1,1,0,1,1,1,1,1,1,0,0,0,8,0.9555555555555556,0.9555555555555556,accuracy,133,45,42,3
0,1,1,0,1,1,1,1,1,0,1,0,0,8,0.9333333333333332,0.9333333333333332,accuracy,133,45,42,4
0,1,1,0,1,1,1,1,1,0,0,1,0,8,0.9555555555555556,0.9555555555555556,accuracy,133,45,42,3
0,1,1,0,1,1,1,1,1,0,0,0,1,8,0.9555555555555556,0.9555555555555556,accuracy,133,45,42,3
0,1,1,0,1,1,1,1,0,1,1,0,0,8,0.9555555555555556,0.9555555555555556,accuracy,133,45,42,3
0,1,1,0,1,1,1,1,0,1,0,1,0,8,0.9555555555555556,0.9555555555555556,accuracy,133,45,42,3
0,1,1,0,1,1,1,1,0,1,0,0,1,8,0.9777777777777776,0.9777777777777776,accuracy,133,45,42,2
0,1,1,0,1,1,1,1,0,0,1,1,0,8,0.9333333333333332,0.9333333333333332,accuracy,133,45,42,4
0,1,1,0,1,1,1,1,0,0,1,0,1,8,0.9555555555555556,0.9555555555555556,accuracy,133,45,42,3
0,1,1,0,1,1,1,1,0,0,0,1,1,8,0.9555555555555556,0.9555555555555556,accuracy,133,45,42,3
0,1,1,0,1,1,1,0,1,1,1,0,0,8,0.9555555555555556,0.9555555555555556,accuracy,133,45,42,3
0,1,1,0,1,1,1,0,1,1,0,1,0,8,0.9555555555555556,0.9555555555555556,accuracy,133,45,42,3
0,1,1,0,1,1,1,0,1,1,0,0,1,8,0.9777777777777776,0.9777777777777776,accuracy,133,45,42,2
0,1,1,0,1,1,1,0,1,0,1,1,0,8,0.9333333333333332,0.9333333333333332,accuracy,133,45,42,4
0,1,1,0,1,1,1,0,1,0,1,0,1,8,0.9777777777777776,0.9777777777777776,accuracy,133,45,42,2
0,1,1,0,1,1,1,0,1,0,0,1,1,8,1.0,1.0,accuracy,133,45,42,1
0,1,1,0,1,1,1,0,0,1,1,1,0,8,0.9555555555555556,0.9555555555555556,accuracy,133,45,42,3
0,1,1,0,1,1,1,0,0,1,1,0,1,8,0.9777777777777776,0.9777777777777776,accuracy,133,45,42,2
0,1,1,0,1,1,1,0,0,1,0,1,1,8,0.9777777777777776,0.9777777777777776,accuracy,133,45,42,2
0,1,1,0,1,1,1,0,0,0,1,1,1,8,0.9777777777777776,0.9777777777777776,accuracy,133,45,42,2
0,1,1,0,1,1,0,1,1,1,1,0,0,8,0.9333333333333332,0.9333333333333332,accuracy,133,45,42,4
0,1,1,0,1,1,0,1,1,1,0,1,0,8,0.9111111111111112,0.9111111111111112,accuracy,133,45,42,5
0,1,1,0,1,1,0,1,1,1,0,0,1,8,0.9333333333333332,0.9333333333333332,accuracy,133,45,42,4
0,1,1,0,1,1,0,1,1,0,1,1,0,8,0.8888888888888888,0.8888888888888888,accuracy,133,45,42,6
0,1,1,0,1,1,0,1,1,0,1,0,1,8,0.8888888888888888,0.8888888888888888,accuracy,133,45,42,6
0,1,1,0,1,1,0,1,1,0,0,1,1,8,0.9333333333333332,0.9333333333333332,accuracy,133,45,42,4
0,1,1,0,1,1,0,1,0,1,1,1,0,8,0.9555555555555556,0.9555555555555556,accuracy,133,45,42,3
0,1,1,0,1,1,0,1,0,1,1,0,1,8,0.9555555555555556,0.9555555555555556,accuracy,133,45,42,3
0,1,1,0,1,1,0,1,0,1,0,1,1,8,0.9555555555555556,0.9555555555555556,accuracy,133,45,42,3
0,1,1,0,1,1,0,1,0,0,1,1,1,8,0.9333333333333332,0.9333333333333332,accuracy,133,45,42,4
0,1,1,0,1,1,0,0,1,1,1,1,0,8,0.9555555555555556,0.9555555555555556,accuracy,133,45,42,3
0,1,1,0,1,1,0,0,1,1,1,0,1,8,0.9777777777777776,0.9777777777777776,accuracy,133,45,42,2
0,1,1,0,1,1,0,0,1,1,0,1,1,8,0.9777777777777776,0.9777777777777776,accuracy,133,45,42,2
0,1,1,0,1,1,0,0,1,0,1,1,1,8,0.9333333333333332,0.9333333333333332,accuracy,133,45,42,4
0,1,1,0,1,1,0,0,0,1,1,1,1,8,0.9555555555555556,0.9555555555555556,accuracy,133,45,42,3
0,1,1,0,1,0,1,1,1,1,1,0,0,8,0.9555555555555556,0.9555555555555556,accuracy,133,45,42,3
0,1,1,0,1,0,1,1,1,1,0,1,0,8,0.9555555555555556,0.9555555555555556,accuracy,133,45,42,3
0,1,1,0,1,0,1,1,1,1,0,0,1,8,0.9777777777777776,0.9777777777777776,accuracy,133,45,42,2
0,1,1,0,1,0,1,1,1,0,1,1,0,8,0.9333333333333332,0.9333333333333332,accuracy,133,45,42,4
0,1,1,0,1,0,1,1,1,0,1,0,1,8,0.9777777777777776,0.9777777777777776,accuracy,133,45,42,2
0,1,1,0,1,0,1,1,1,0,0,1,1,8,0.9555555555555556,0.9555555555555556,accuracy,133,45,42,3
0,1,1,0,1,0,1,1,0,1,1,1,0,8,0.9555555555555556,0.9555555555555556,accuracy,133,45,42,3
0,1,1,0,1,0,1,1,0,1,1,0,1,8,0.9777777777777776,0.9777777777777776,accuracy,133,45,42,2
0,1,1,0,1,0,1,1,0,1,0,1,1,8,0.9777777777777776,0.9777777777777776,accuracy,133,45,42,2
0,1,1,0,1,0,1,1,0,0,1,1,1,8,0.9555555555555556,0.9555555555555556,accuracy,133,45,42,3
0,1,1,0,1,0,1,0,1,1,1,1,0,8,0.9555555555555556,0.9555555555555556,accuracy,133,45,42,3
0,1,1,0,1,0,1,0,1,1,1,0,1,8,0.9777777777777776,0.9777777777777776,accuracy,133,45,42,2
0,1,1,0,1,0,1,0,1,1,0,1,1,8,0.9777777777777776,0.9777777777777776,accuracy,133,45,42,2
0,1,1,0,1,0,1,0,1,0,1,1,1,8,0.9777777777777776,0.9777777777777776,accuracy,133,45,42,2
0,1,1,0,1,0,1,0,0,1,1,1,1,8,0.9777777777777776,0.9777777777777776,accuracy,133,45,42,2
0,1,1,0,1,0,0,1,1,1,1,1,0,8,0.9555555555555556,0.9555555555555556,accuracy,133,45,42,3
0,1,1,0,1,0,0,1,1,1,1,0,1,8,1.0,1.0,accuracy,133,45,42,1
0,1,1,0,1,0,0,1,1,1,0,1,1,8,0.9555555555555556,0.9555555555555556,accuracy,133,45,42,3
0,1,1,0,1,0,0,1,1,0,1,1,1,8,0.9333333333333332,0.9333333333333332,accuracy,133,45,42,4
0,1,1,0,1,0,0,1,0,1,1,1,1,8,0.9777777777777776,0.9777777777777776,accuracy,133,45,42,2
0,1,1,0,1,0,0,0,1,1,1,1,1,8,0.9777777777777776,0.9777777777777776,accuracy,133,45,42,2
0,1,1,0,0,1,1,1,1,1,1,0,0,8,0.9333333333333332,0.9333333333333332,accuracy,133,45,42,4
0,1,1,0,0,1,1,1,1,1,0,1,0,8,0.9333333333333332,0.9333333333333332,accuracy,133,45,42,4
0,1,1,0,0,1,1,1,1,1,0,0,1,8,0.9777777777777776,0.9777777777777776,accuracy,133,45,42,2
0,1,1,0,0,1,1,1,1,0,1,1,0,8,0.8888888888888888,0.8888888888888888,accuracy,133,45,42,6
0,1,1,0,0,1,1,1,1,0,1,0,1,8,0.9777777777777776,0.9777777777777776,accuracy,133,45,42,2
0,1,1,0,0,1,1,1,1,0,0,1,1,8,0.9555555555555556,0.9555555555555556,accuracy,133,45,42,3
0,1,1,0,0,1,1,1,0,1,1,1,0,8,0.9333333333333332,0.9333333333333332,accuracy,133,45,42,4
0,1,1,0,0,1,1,1,0,1,1,0,1,8,1.0,1.0,accuracy,133,45,42,1
0,1,1,0,0,1,1,1,0,1,0,1,1,8,1.0,1.0,accuracy,133,45,42,1
0,1,1,0,0,1,1,1,0,0,1,1,1,8,0.9555555555555556,0.9555555555555556,accuracy,133,45,42,3
0,1,1,0,0,1,1,0,1,1,1,1,0,8,0.9333333333333332,0.9333333333333332,accuracy,133,45,42,4
0,1,1,0,0,1,1,0,1,1,1,0,1,8,1.0,1.0,accuracy,133,45,42,1
0,1,1,0,0,1,1,0,1,1,0,1,1,8,1.0,1.0,accuracy,133,45,42,1
0,1,1,0,0,1,1,0,1,0,1,1,1,8,0.9333333333333332,0.9333333333333332,accuracy,133,45,42,4
0,1,1,0,0,1,1,0,0,1,1,1,1,8,1.0,1.0,accuracy,133,45,42,1
0,1,1,0,0,1,0,1,1,1,1,1,0,8,0.9333333333333332,0.9333333333333332,accuracy,133,45,42,4
0,1,1,0,0,1,0,1,1,1,1,0,1,8,1.0,1.0,accuracy,133,45,42,1
0,1,1,0,0,1,0,1,1,1,0,1,1,8,1.0,1.0,accuracy,133,45,42,1
0,1,1,0,0,1,0,1,1,0,1,1,1,8,0.9333333333333332,0.9333333333333332,accuracy,133,45,42,4
0,1,1,0,0,1,0,1,0,1,1,1,1,8,0.9555555555555556,0.9555555555555556,accuracy,133,45,42,3
0,1,1,0,0,1,0,0,1,1,1,1,1,8,1.0,1.0,accuracy,133,45,42,1
0,1,1,0,0,0,1,1,1,1,1,1,0,8,0.9333333333333332,0.9333333333333332,accuracy,133,45,42,4
0,1,1,0,0,0,1,1,1,1,1,0,1,8,1.0,1.0,accuracy,133,45,42,1
0,1,1,0,0,0,1,1,1,1,0,1,1,8,1.0,1.0,accuracy,133,45,42,1
0,1,1,0,0,0,1,1,1,0,1,1,1,8,0.9555555555555556,0.9555555555555556,accuracy,133,45,42,3
0,1,1,0,0,0,1,1,0,1,1,1,1,8,0.9777777777777776,0.9777777777777776,accuracy,133,45,42,2
0,1,1,0,0,0,1,0,1,1,1,1,1,8,1.0,1.0,accuracy,133,45,42,1
0,1,1,0,0,0,0,1,1,1,1,1,1,8,1.0,1.0,accuracy,133,45,42,1
0,1,0,1,1,1,1,1,1,1,0,0,0,8,0.9111111111111112,0.9111111111111112,accuracy,133,45,42,5
0,1,0,1,1,1,1,1,1,0,1,0,0,8,0.9333333333333332,0.9333333333333332,accuracy,133,45,42,4
0,1,0,1,1,1,1,1,1,0,0,1,0,8,0.9111111111111112,0.9111111111111112,accuracy,133,45,42,5
0,1,0,1,1,1,1,1,1,0,0,0,1,8,0.9555555555555556,0.9555555555555556,accuracy,133,45,42,3
0,1,0,1,1,1,1,1,0,1,1,0,0,8,0.9333333333333332,0.9333333333333332,accuracy,133,45,42,4
0,1,0,1,1,1,1,1,0,1,0,1,0,8,0.9333333333333332,0.9333333333333332,accuracy,133,45,42,4
0,1,0,1,1,1,1,1,0,1,0,0,1,8,0.9777777777777776,0.9777777777777776,accuracy,133,45,42,2
0,1,0,1,1,1,1,1,0,0,1,1,0,8,0.9333333333333332,0.9333333333333332,accuracy,133,45,42,4
0,1,0,1,1,1,1,1,0,0,1,0,1,8,0.9777777777777776,0.9777777777777776,accuracy,133,45,42,2
0,1,0,1,1,1,1,1,0,0,0,1,1,8,0.9777777777777776,0.9777777777777776,accuracy,133,45,42,2
0,1,0,1,1,1,1,0,1,1,1,0,0,8,0.9333333333333332,0.9333333333333332,accuracy,133,45,42,4
0,1,0,1,1,1,1,0,1,1,0,1,0,8,0.9555555555555556,0.9555555555555556,accuracy,133,45,42,3
0,1,0,1,1,1,1,0,1,1,0,0,1,8,0.9777777777777776,0.9777777777777776,accuracy,133,45,42,2
0,1,0,1,1,1,1,0,1,0,1,1,0,8,0.9333333333333332,0.9333333333333332,accuracy,133,45,42,4
0,1,0,1,1,1,1,0,1,0,1,0,1,8,0.9777777777777776,0.9777777777777776,accuracy,133,45,42,2
0,1,0,1,1,1,1,0,1,0,0,1,1,8,1.0,1.0,accuracy,133,45,42,1
0,1,0,1,1,1,1,0,0,1,1,1,0,8,0.9555555555555556,0.9555555555555556,accuracy,133,45,42,3
0,1,0,1,1,1,1,0,0,1,1,0,1,8,0.9777777777777776,0.9777777777777776,accuracy,133,45,42,2
0,1,0,1,1,1,1,0,0,1,0,1,1,8,0.9777777777777776,0.9777777777777776,accuracy,133,45,42,2
0,1,0,1,1,1,1,0,0,0,1,1,1,8,0.9777777777777776,0.9777777777777776,accuracy,133,45,42,2
0,1,0,1,1,1,0,1,1,1,1,0,0,8,0.9333333333333332,0.9333333333333332,accuracy,133,45,42,4
0,1,0,1,1,1,0,1,1,1,0,1,0,8,0.9333333333333332,0.9333333333333332,accuracy,133,45,42,4
0,1,0,1,1,1,0,1,1,1,0,0,1,8,0.9333333333333332,0.9333333333333332,accuracy,133,45,42,4
0,1,0,1,1,1,0,1,1,0,1,1,0,8,0.9333333333333332,0.9333333333333332,accuracy,133,45,42,4
0,1,0,1,1,1,0,1,1,0,1,0,1,8,0.9111111111111112,0.9111111111111112,accuracy,133,45,42,5
0,1,0,1,1,1,0,1,1,0,0,1,1,8,0.9333333333333332,0.9333333333333332,accuracy,133,45,42,4
0,1,0,1,1,1,0,1,0,1,1,1,0,8,0.9333333333333332,0.9333333333333332,accuracy,133,45,42,4
0,1,0,1,1,1,0,1,0,1,1,0,1,8,0.9777777777777776,0.9777777777777776,accuracy,133,45,42,2
0,1,0,1,1,1,0,1,0,1,0,1,1,8,0.9777777777777776,0.9777777777777776,accuracy,133,45,42,2
0,1,0,1,1,1,0,1,0,0,1,1,1,8,0.9555555555555556,0.9555555555555556,accuracy,133,45,42,3
0,1,0,1,1,1,0,0,1,1,1,1,0,8,0.9333333333333332,0.9333333333333332,accuracy,133,45,42,4
0,1,0,1,1,1,0,0,1,1,1,0,1,8,1.0,1.0,accuracy,133,45,42,1
0,1,0,1,1,1,0,0,1,1,0,1,1,8,0.9777777777777776,0.9777777777777776,accuracy,133,45,42,2
0,1,0,1,1,1,0,0,1,0,1,1,1,8,0.9555555555555556,0.9555555555555556,accuracy,133,45,42,3
0,1,0,1,1,1,0,0,0,1,1,1,1,8,0.9777777777777776,0.9777777777777776,accuracy,133,45,42,2
0,1,0,1,1,0,1,1,1,1,1,0,0,8,0.9333333333333332,0.9333333333333332,accuracy,133,45,42,4
0,1,0,1,1,0,1,1,1,1,0,1,0,8,0.9777777777777776,0.9777777777777776,accuracy,133,45,42,2
0,1,0,1,1,0,1,1,1,1,0,0,1,8,0.9777777777777776,0.9777777777777776,accuracy,133,45,42,2
0,1,0,1,1,0,1,1,1,0,1,1,0,8,0.9333333333333332,0.9333333333333332,accuracy,133,45,42,4
0,1,0,1,1,0,1,1,1,0,1,0,1,8,0.9777777777777776,0.9777777777777776,accuracy,133,45,42,2
0,1,0,1,1,0,1,1,1,0,0,1,1,8,0.9777777777777776,0.9777777777777776,accuracy,133,45,42,2
0,1,0,1,1,0,1,1,0,1,1,1,0,8,0.9555555555555556,0.9555555555555556,accuracy,133,45,42,3
0,1,0,1,1,0,1,1,0,1,1,0,1,8,0.9777777777777776,0.9777777777777776,accuracy,133,45,42,2
0,1,0,1,1,0,1,1,0,1,0,1,1,8,0.9777777777777776,0.9777777777777776,accuracy,133,45,42,2
0,1,0,1,1,0,1,1,0,0,1,1,1,8,0.9777777777777776,0.9777777777777776,accuracy,133,45,42,2
0,1,0,1,1,0,1,0,1,1,1,1,0,8,0.9555555555555556,0.9555555555555556,accuracy,133,45,42,3
0,1,0,1,1,0,1,0,1,1,1,0,1,8,0.9777777777777776,0.9777777777777776,accuracy,133,45,42,2
0,1,0,1,1,0,1,0,1,1,0,1,1,8,0.9777777777777776,0.9777777777777776,accuracy,133,45,42,2
0,1,0,1,1,0,1,0,1,0,1,1,1,8,0.9777777777777776,0.9777777777777776,accuracy,133,45,42,2
0,1,0,1,1,0,1,0,0,1,1,1,1,8,0.9777777777777776,0.9777777777777776,accuracy,133,45,42,2
0,1,0,1,1,0,0,1,1,1,1,1,0,8,0.9555555555555556,0.9555555555555556,accuracy,133,45,42,3
0,1,0,1,1,0,0,1,1,1,1,0,1,8,1.0,1.0,accuracy,133,45,42,1
0,1,0,1,1,0,0,1,1,1,0,1,1,8,0.9777777777777776,0.9777777777777776,accuracy,133,45,42,2
0,1,0,1,1,0,0,1,1,0,1,1,1,8,0.9333333333333332,0.9333333333333332,accuracy,133,45,42,4
0,1,0,1,1,0,0,1,0,1,1,1,1,8,1.0,1.0,accuracy,133,45,42,1
0,1,0,1,1,0,0,0,1,1,1,1,1,8,1.0,1.0,accuracy,133,45,42,1
0,1,0,1,0,1,1,1,1,1,1,0,0,8,0.9111111111111112,0.9111111111111112,accuracy,133,45,42,5
0,1,0,1,0,1,1,1,1,1,0,1,0,8,0.9111111111111112,0.9111111111111112,accuracy,133,45,42,5
0,1,0,1,0,1,1,1,1,1,0,0,1,8,0.9777777777777776,0.9777777777777776,accuracy,133,45,42,2
0,1,0,1,0,1,1,1,1,0,1,1,0,8,0.8666666666666667,0.8666666666666667,accuracy,133,45,42,7
0,1,0,1,0,1,1,1,1,0,1,0,1,8,0.9777777777777776,0.9777777777777776,accuracy,133,45,42,2
0,1,0,1,0,1,1,1,1,0,0,1,1,8,0.9777777777777776,0.9777777777777776,accuracy,133,45,42,2
0,1,0,1,0,1,1,1,0,1,1,1,0,8,0.9333333333333332,0.9333333333333332,accuracy,133,45,42,4
0,1,0,1,0,1,1,1,0,1,1,0,1,8,1.0,1.0,accuracy,133,45,42,1
0,1,0,1,0,1,1,1,0,1,0,1,1,8,1.0,1.0,accuracy,133,45,42,1
0,1,0,1,0,1,1,1,0,0,1,1,1,8,0.9777777777777776,0.9777777777777776,accuracy,133,45,42,2
0,1,0,1,0,1,1,0,1,1,1,1,0,8,0.9333333333333332,0.9333333333333332,accuracy,133,45,42,4
0,1,0,1,0,1,1,0,1,1,1,0,1,8,1.0,1.0,accuracy,133,45,42,1
0,1,0,1,0,1,1,0,1,1,0,1,1,8,1.0,1.0,accuracy,133,45,42,1
0,1,0,1,0,1,1,0,1,0,1,1,1,8,0.9777777777777776,0.9777777777777776,accuracy,133,45,42,2
0,1,0,1,0,1,1,0,0,1,1,1,1,8,1.0,1.0,accuracy,133,45,42,1
0,1,0,1,0,1,0,1,1,1,1,1,0,8,0.9111111111111112,0.9111111111111112,accuracy,133,45,42,5
0,1,0,1,0,1,0,1,1,1,1,0,1,8,1.0,1.0,accuracy,133,45,42,1
0,1,0,1,0,1,0,1,1,1,0,1,1,8,1.0,1.0,accuracy,133,45,42,1
0,1,0,1,0,1,0,1,1,0,1,1,1,8,0.9333333333333332,0.9333333333333332,accuracy,133,45,42,4
0,1,0,1,0,1,0,1,0,1,1,1,1,8,1.0,1.0,accuracy,133,45,42,1
0,1,0,1,0,1,0,0,1,1,1,1,1,8,1.0,1.0,accuracy,133,45,42,1
0,1,0,1,0,0,1,1,1,1,1,1,0,8,0.9111111111111112,0.9111111111111112,accuracy,133,45,42,5
0,1,0,1,0,0,1,1,1,1,1,0,1,8,1.0,1.0,accuracy,133,45,42,1
0,1,0,1,0,0,1,1,1,1,0,1,1,8,1.0,1.0,accuracy,133,45,42,1
0,1,0,1,0,0,1,1,1,0,1,1,1,8,0.9777777777777776,0.9777777777777776,accuracy,133,45,42,2
0,1,0,1,0,0,1,1,0,1,1,1,1,8,1.0,1.0,accuracy,133,45,42,1
0,1,0,1,0,0,1,0,1,1,1,1,1,8,1.0,1.0,accuracy,133,45,42,1
0,1,0,1,0,0,0,1,1,1,1,1,1,8,1.0,1.0,accuracy,133,45,42,1
0,1,0,0,1,1,1,1,1,1,1,0,0,8,0.9333333333333332,0.9333333333333332,accuracy,133,45,42,4
0,1,0,0,1,1,1,1,1,1,0,1,0,8,0.9555555555555556,0.9555555555555556,accuracy,133,45,42,3
0,1,0,0,1,1,1,1,1,1,0,0,1,8,0.9777777777777776,0.9777777777777776,accuracy,133,45,42,2
0,1,0,0,1,1,1,1,1,0,1,1,0,8,0.9333333333333332,0.9333333333333332,accuracy,133,45,42,4
0,1,0,0,1,1,1,1,1,0,1,0,1,8,0.9777777777777776,0.9777777777777776,accuracy,133,45,42,2
0,1,0,0,1,1,1,1,1,0,0,1,1,8,0.9555555555555556,0.9555555555555556,accuracy,133,45,42,3
0,1,0,0,1,1,1,1,0,1,1,1,0,8,0.9555555555555556,0.9555555555555556,accuracy,133,45,42,3
0,1,0,0,1,1,1,1,0,1,1,0,1,8,0.9777777777777776,0.9777777777777776,accuracy,133,45,42,2
0,1,0,0,1,1,1,1,0,1,0,1,1,8,0.9777777777777776,0.9777777777777776,accuracy,133,45,42,2
0,1,0,0,1,1,1,1,0,0,1,1,1,8,0.9555555555555556,0.9555555555555556,accuracy,133,45,42,3
0,1,0,0,1,1,1,0,1,1,1,1,0,8,0.9555555555555556,0.9555555555555556,accuracy,133,45,42,3
0,1,0,0,1,1,1,0,1,1,1,0,1,8,0.9777777777777776,0.9777777777777776,accuracy,133,45,42,2
0,1,0,0,1,1,1,0,1,1,0,1,1,8,0.9777777777777776,0.9777777777777776,accuracy,133,45,42,2
0,1,0,0,1,1,1,0,1,0,1,1,1,8,0.9555555555555556,0.9555555555555556,accuracy,133,45,42,3
0,1,0,0,1,1,1,0,0,1,1,1,1,8,0.9777777777777776,0.9777777777777776,accuracy,133,45,42,2
0,1,0,0,1,1,0,1,1,1,1,1,0,8,0.9333333333333332,0.9333333333333332,accuracy,133,45,42,4
0,1,0,0,1,1,0,1,1,1,1,0,1,8,1.0,1.0,accuracy,133,45,42,1
0,1,0,0,1,1,0,1,1,1,0,1,1,8,1.0,1.0,accuracy,133,45,42,1
0,1,0,0,1,1,0,1,1,0,1,1,1,8,0.9333333333333332,0.9333333333333332,accuracy,133,45,42,4
0,1,0,0,1,1,0,1,0,1,1,1,1,8,0.9777777777777776,0.9777777777777776,accuracy,133,45,42,2
0,1,0,0,1,1,0,0,1,1,1,1,1,8,1.0,1.0,accuracy,133,45,42,1
0,1,0,0,1,0,1,1,1,1,1,1,0,8,0.9555555555555556,0.9555555555555556,accuracy,133,45,42,3
0,1,0,0,1,0,1,1,1,1,1,0,1,8,0.9777777777777776,0.9777777777777776,accuracy,133,45,42,2
0,1,0,0,1,0,1,1,1,1,0,1,1,8,0.9777777777777776,0.9777777777777776,accuracy,133,45,42,2
0,1,0,0,1,0,1,1,1,0,1,1,1,8,0.9555555555555556,0.9555555555555556,accuracy,133,45,42,3
0,1,0,0,1,0,1,1,0,1,1,1,1,8,0.9777777777777776,0.9777777777777776,accuracy,133,45,42,2
0,1,0,0,1,0,1,0,1,1,1,1,1,8,0.9777777777777776,0.9777777777777776,accuracy,133,45,42,2
0,1,0,0,1,0,0,1,1,1,1,1,1,8,1.0,1.0,accuracy,133,45,42,1
0,1,0,0,0,1,1,1,1,1,1,1,0,8,0.9111111111111112,0.9111111111111112,accuracy,133,45,42,5
0,1,0,0,0,1,1,1,1,1,1,0,1,8,1.0,1.0,accuracy,133,45,42,1
0,1,0,0,0,1,1,1,1,1,0,1,1,8,1.0,1.0,accuracy,133,45,42,1
0,1,0,0,0,1,1,1,1,0,1,1,1,8,0.9555555555555556,0.9555555555555556,accuracy,133,45,42,3
0,1,0,0,0,1,1,1,0,1,1,1,1,8,0.9777777777777776,0.9777777777777776,accuracy,133,45,42,2
0,1,0,0,0,1,1,0,1,1,1,1,1,8,1.0,1.0,accuracy,133,45,42,1
0,1,0,0,0,1,0,1,1,1,1,1,1,8,1.0,1.0,accuracy,133,45,42,1
0,1,0,0,0,0,1,1,1,1,1,1,1,8,1.0,1.0,accuracy,133,45,42,1
0,0,1,1,1,1,1,1,1,1,0,0,0,8,0.9555555555555556,0.9555555555555556,accuracy,133,45,42,3
0,0,1,1,1,1,1,1,1,0,1,0,0,8,0.9333333333333332,0.9333333333333332,accuracy,133,45,42,4
0,0,1,1,1,1,1,1,1,0,0,1,0,8,0.9333333333333332,0.9333333333333332,accuracy,133,45,42,4
0,0,1,1,1,1,1,1,1,0,0,0,1,8,0.9777777777777776,0.9777777777777776,accuracy,133,45,42,2
0,0,1,1,1,1,1,1,0,1,1,0,0,8,0.9111111111111112,0.9111111111111112,accuracy,133,45,42,5
0,0,1,1,1,1,1,1,0,1,0,1,0,8,0.9777777777777776,0.9777777777777776,accuracy,133,45,42,2
0,0,1,1,1,1,1,1,0,1,0,0,1,8,1.0,1.0,accuracy,133,45,42,1
0,0,1,1,1,1,1,1,0,0,1,1,0,8,0.9333333333333332,0.9333333333333332,accuracy,133,45,42,4
0,0,1,1,1,1,1,1,0,0,1,0,1,8,0.9555555555555556,0.9555555555555556,accuracy,133,45,42,3
0,0,1,1,1,1,1,1,0,0,0,1,1,8,0.9777777777777776,0.9777777777777776,accuracy,133,45,42,2
0,0,1,1,1,1,1,0,1,1,1,0,0,8,0.9333333333333332,0.9333333333333332,accuracy,133,45,42,4
0,0,1,1,1,1,1,0,1,1,0,1,0,8,0.9777777777777776,0.9777777777777776,accuracy,133,45,42,2
0,0,1,1,1,1,1,0,1,1,0,0,1,8,0.9777777777777776,0.9777777777777776,accuracy,133,45,42,2
0,0,1,1,1,1,1,0,1,0,1,1,0,8,0.9555555555555556,0.9555555555555556,accuracy,133,45,42,3
0,0,1,1,1,1,1,0,1,0,1,0,1,8,0.9555555555555556,0.9555555555555556,accuracy,133,45,42,3
0,0,1,1,1,1,1,0,1,0,0,1,1,8,0.9777777777777776,0.9777777777777776,accuracy,133,45,42,2
0,0,1,1,1,1,1,0,0,1,1,1,0,8,0.9333333333333332,0.9333333333333332,accuracy,133,45,42,4
0,0,1,1,1,1,1,0,0,1,1,0,1,8,1.0,1.0,accuracy,133,45,42,1
0,0,1,1,1,1,1,0,0,1,0,1,1,8,1.0,1.0,accuracy,133,45,42,1
0,0,1,1,1,1,1,0,0,0,1,1,1,8,0.9555555555555556,0.9555555555555556,accuracy,133,45,42,3
0,0,1,1,1,1,0,1,1,1,1,0,0,8,0.9111111111111112,0.9111111111111112,accuracy,133,45,42,5
0,0,1,1,1,1,0,1,1,1,0,1,0,8,0.9777777777777776,0.9777777777777776,accuracy,133,45,42,2
0,0,1,1,1,1,0,1,1,1,0,0,1,8,0.9777777777777776,0.9777777777777776,accuracy,133,45,42,2
0,0,1,1,1,1,0,1,1,0,1,1,0,8,0.8888888888888888,0.8888888888888888,accuracy,133,45,42,6
0,0,1,1,1,1,0,1,1,0,1,0,1,8,0.8666666666666667,0.8666666666666667,accuracy,133,45,42,7
0,0,1,1,1,1,0,1,1,0,0,1,1,8,0.9777777777777776,0.9777777777777776,accuracy,133,45,42,2
0,0,1,1,1,1,0,1,0,1,1,1,0,8,0.9333333333333332,0.9333333333333332,accuracy,133,45,42,4
0,0,1,1,1,1,0,1,0,1,1,0,1,8,0.9777777777777776,0.9777777777777776,accuracy,133,45,42,2
0,0,1,1,1,1,0,1,0,1,0,1,1,8,0.9777777777777776,0.9777777777777776,accuracy,133,45,42,2
0,0,1,1,1,1,0,1,0,0,1,1,1,8,0.9555555555555556,0.9555555555555556,accuracy,133,45,42,3
0,0,1,1,1,1,0,0,1,1,1,1,0,8,0.9333333333333332,0.9333333333333332,accuracy,133,45,42,4
0,0,1,1,1,1,0,0,1,1,1,0,1,8,0.9777777777777776,0.9777777777777776,accuracy,133,45,42,2
0,0,1,1,1,1,0,0,1,1,0,1,1,8,0.9777777777777776,0.9777777777777776,accuracy,133,45,42,2
0,0,1,1,1,1,0,0,1,0,1,1,1,8,0.9555555555555556,0.9555555555555556,accuracy,133,45,42,3
0,0,1,1,1,1,0,0,0,1,1,1,1,8,0.9777777777777776,0.9777777777777776,accuracy,133,45,42,2
0,0,1,1,1,0,1,1,1,1,1,0,0,8,0.9333333333333332,0.9333333333333332,accuracy,133,45,42,4
0,0,1,1,1,0,1,1,1,1,0,1,0,8,0.9777777777777776,0.9777777777777776,accuracy,133,45,42,2
0,0,1,1,1,0,1,1,1,1,0,0,1,8,1.0,1.0,accuracy,133,45,42,1
0,0,1,1,1,0,1,1,1,0,1,1,0,8,0.9333333333333332,0.9333333333333332,accuracy,133,45,42,4
0,0,1,1,1,0,1,1,1,0,1,0,1,8,0.9555555555555556,0.9555555555555556,accuracy,133,45,42,3
0,0,1,1,1,0,1,1,1,0,0,1,1,8,0.9777777777777776,0.9777777777777776,accuracy,133,45,42,2
0,0,1,1,1,0,1,1,0,1,1,1,0,8,0.9555555555555556,0.9555555555555556,accuracy,133,45,42,3
0,0,1,1,1,0,1,1,0,1,1,0,1,8,1.0,1.0,accuracy,133,45,42,1
0,0,1,1,1,0,1,1,0,1,0,1,1,8,1.0,1.0,accuracy,133,45,42,1
0,0,1,1,1,0,1,1,0,0,1,1,1,8,0.9555555555555556,0.9555555555555556,accuracy,133,45,42,3
0,0,1,1,1,0,1,0,1,1,1,1,0,8,0.9777777777777776,0.9777777777777776,accuracy,133,45,42,2
0,0,1,1,1,0,1,0,1,1,1,0,1,8,1.0,1.0,accuracy,133,45,42,1
0,0,1,1,1,0,1,0,1,1,0,1,1,8,1.0,1.0,accuracy,133,45,42,1
0,0,1,1,1,0,1,0,1,0,1,1,1,8,0.9555555555555556,0.9555555555555556,accuracy,133,45,42,3
0,0,1,1,1,0,1,0,0,1,1,1,1,8,1.0,1.0,accuracy,133,45,42,1
0,0,1,1,1,0,0,1,1,1,1,1,0,8,0.9555555555555556,0.9555555555555556,accuracy,133,45,42,3
0,0,1,1,1,0,0,1,1,1,1,0,1,8,1.0,1.0,accuracy,133,45,42,1
0,0,1,1,1,0,0,1,1,1,0,1,1,8,1.0,1.0,accuracy,133,45,42,1
0,0,1,1,1,0,0,1,1,0,1,1,1,8,0.9555555555555556,0.9555555555555556,accuracy,133,45,42,3
0,0,1,1,1,0,0,1,0,1,1,1,1,8,1.0,1.0,accuracy,133,45,42,1
0,0,1,1,1,0,0,0,1,1,1,1,1,8,1.0,1.0,accuracy,133,45,42,1
0,0,1,1,0,1,1,1,1,1,1,0,0,8,0.9111111111111112,0.9111111111111112,accuracy,133,45,42,5
0,0,1,1,0,1,1,1,1,1,0,1,0,8,0.9333333333333332,0.9333333333333332,accuracy,133,45,42,4
0,0,1,1,0,1,1,1,1,1,0,0,1,8,1.0,1.0,accuracy,133,45,42,1
0,0,1,1,0,1,1,1,1,0,1,1,0,8,0.9111111111111112,0.9111111111111112,accuracy,133,45,42,5
0,0,1,1,0,1,1,1,1,0,1,0,1,8,0.9555555555555556,0.9555555555555556,accuracy,133,45,42,3
0,0,1,1,0,1,1,1,1,0,0,1,1,8,0.9777777777777776,0.9777777777777776,accuracy,133,45,42,2
0,0,1,1,0,1,1,1,0,1,1,1,0,8,0.9111111111111112,0.9111111111111112,accuracy,133,45,42,5
0,0,1,1,0,1,1,1,0,1,1,0,1,8,1.0,1.0,accuracy,133,45,42,1
0,0,1,1,0,1,1,1,0,1,0,1,1,8,1.0,1.0,accuracy,133,45,42,1
0,0,1,1,0,1,1,1,0,0,1,1,1,8,0.9555555555555556,0.9555555555555556,accuracy,133,45,42,3
0,0,1,1,0,1,1,0,1,1,1,1,0,8,0.9111111111111112,0.9111111111111112,accuracy,133,45,42,5
0,0,1,1,0,1,1,0,1,1,1,0,1,8,1.0,1.0,accuracy,133,45,42,1
0,0,1,1,0,1,1,0,1,1,0,1,1,8,1.0,1.0,accuracy,133,45,42,1
0,0,1,1,0,1,1,0,1,0,1,1,1,8,0.9555555555555556,0.9555555555555556,accuracy,133,45,42,3
0,0,1,1,0,1,1,0,0,1,1,1,1,8,1.0,1.0,accuracy,133,45,42,1
0,0,1,1,0,1,0,1,1,1,1,1,0,8,0.8888888888888888,0.8888888888888888,accuracy,133,45,42,6
0,0,1,1,0,1,0,1,1,1,1,0,1,8,0.9777777777777776,0.9777777777777776,accuracy,133,45,42,2
0,0,1,1,0,1,0,1,1,1,0,1,1,8,1.0,1.0,accuracy,133,45,42,1
0,0,1,1,0,1,0,1,1,0,1,1,1,8,0.9555555555555556,0.9555555555555556,accuracy,133,45,42,3
0,0,1,1,0,1,0,1,0,1,1,1,1,8,0.9777777777777776,0.9777777777777776,accuracy,133,45,42,2
0,0,1,1,0,1,0,0,1,1,1,1,1,8,1.0,1.0,accuracy,133,45,42,1
0,0,1,1,0,0,1,1,1,1,1,1,0,8,0.9111111111111112,0.9111111111111112,accuracy,133,45,42,5
0,0,1,1,0,0,1,1,1,1,1,0,1,8,1.0,1.0,accuracy,133,45,42,1
0,0,1,1,0,0,1,1,1,1,0,1,1,8,1.0,1.0,accuracy,133,45,42,1
0,0,1,1,0,0,1,1,1,0,1,1,1,8,0.9555555555555556,0.9555555555555556,accuracy,133,45,42,3
0,0,1,1,0,0,1,1,0,1,1,1,1,8,1.0,1.0,accuracy,133,45,42,1
0,0,1,1,0,0,1,0,1,1,1,1,1,8,1.0,1.0,accuracy,133,45,42,1
0,0,1,1,0,0,0,1,1,1,1,1,1,8,1.0,1.0,accuracy,133,45,42,1
0,0,1,0,1,1,1,1,1,1,1,0,0,8,0.9111111111111112,0.9111111111111112,accuracy,133,45,42,5
0,0,1,0,1,1,1,1,1,1,0,1,0,8,0.9555555555555556,0.9555555555555556,accuracy,133,45,42,3
0,0,1,0,1,1,1,1,1,1,0,0,1,8,0.9777777777777776,0.9777777777777776,accuracy,133,45,42,2
0,0,1,0,1,1,1,1,1,0,1,1,0,8,0.9555555555555556,0.9555555555555556,accuracy,133,45,42,3
0,0,1,0,1,1,1,1,1,0,1,0,1,8,0.9555555555555556,0.9555555555555556,accuracy,133,45,42,3
0,0,1,0,1,1,1,1,1,0,0,1,1,8,0.9777777777777776,0.9777777777777776,accuracy,133,45,42,2
0,0,1,0,1,1,1,1,0,1,1,1,0,8,0.9111111111111112,0.9111111111111112,accuracy,133,45,42,5
0,0,1,0,1,1,1,1,0,1,1,0,1,8,1.0,1.0,accuracy,133,45,42,1
0,0,1,0,1,1,1,1,0,1,0,1,1,8,1.0,1.0,accuracy,133,45,42,1
0,0,1,0,1,1,1,1,0,0,1,1,1,8,0.9555555555555556,0.9555555555555556,accuracy,133,45,42,3
0,0,1,0,1,1,1,0,1,1,1,1,0,8,0.9555555555555556,0.9555555555555556,accuracy,133,45,42,3
0,0,1,0,1,1,1,0,1,1,1,0,1,8,1.0,1.0,accuracy,133,45,42,1
0,0,1,0,1,1,1,0,1,1,0,1,1,8,1.0,1.0,accuracy,133,45,42,1
0,0,1,0,1,1,1,0,1,0,1,1,1,8,0.9555555555555556,0.9555555555555556,accuracy,133,45,42,3
0,0,1,0,1,1,1,0,0,1,1,1,1,8,1.0,1.0,accuracy,133,45,42,1
0,0,1,0,1,1,0,1,1,1,1,1,0,8,0.9111111111111112,0.9111111111111112,accuracy,133,45,42,5
0,0,1,0,1,1,0,1,1,1,1,0,1,8,0.9777777777777776,0.9777777777777776,accuracy,133,45,42,2
0,0,1,0,1,1,0,1,1,1,0,1,1,8,0.9777777777777776,0.9777777777777776,accuracy,133,45,42,2
0,0,1,0,1,1,0,1,1,0,1,1,1,8,0.9555555555555556,0.9555555555555556,accuracy,133,45,42,3
0,0,1,0,1,1,0,1,0,1,1,1,1,8,0.9777777777777776,0.9777777777777776,accuracy,133,45,42,2
0,0,1,0,1,1,0,0,1,1,1,1,1,8,0.9777777777777776,0.9777777777777776,accuracy,133,45,42,2
0,0,1,0,1,0,1,1,1,1,1,1,0,8,0.9333333333333332,0.9333333333333332,accuracy,133,45,42,4
0,0,1,0,1,0,1,1,1,1,1,0,1,8,1.0,1.0,accuracy,133,45,42,1
0,0,1,0,1,0,1,1,1,1,0,1,1,8,1.0,1.0,accuracy,133,45,42,1
0,0,1,0,1,0,1,1,1,0,1,1,1,8,0.9555555555555556,0.9555555555555556,accuracy,133,45,42,3
0,0,1,0,1,0,1,1,0,1,1,1,1,8,1.0,1.0,accuracy,133,45,42,1
0,0,1,0,1,0,1,0,1,1,1,1,1,8,1.0,1.0,accuracy,133,45,42,1
0,0,1,0,1,0,0,1,1,1,1,1,1,8,1.0,1.0,accuracy,133,45,42,1
0,0,1,0,0,1,1,1,1,1,1,1,0,8,0.9111111111111112,0.9111111111111112,accuracy,133,45,42,5
0,0,1,0,0,1,1,1,1,1,1,0,1,8,1.0,1.0,accuracy,133,45,42,1
0,0,1,0,0,1,1,1,1,1,0,1,1,8,1.0,1.0,accuracy,133,45,42,1
0,0,1,0,0,1,1,1,1,0,1,1,1,8,0.9555555555555556,0.9555555555555556,accuracy,133,45,42,3
0,0,1,0,0,1,1,1,0,1,1,1,1,8,1.0,1.0,accuracy,133,45,42,1
0,0,1,0,0,1,1,0,1,1,1,1,1,8,1.0,1.0,accuracy,133,45,42,1
0,0,1,0,0,1,0,1,1,1,1,1,1,8,1.0,1.0,accuracy,133,45,42,1
0,0,1,0,0,0,1,1,1,1,1,1,1,8,1.0,1.0,accuracy,133,45,42,1
0,0,0,1,1,1,1,1,1,1,1,0,0,8,0.9333333333333332,0.9333333333333332,accuracy,133,45,42,4
0,0,0,1,1,1,1,1,1,1,0,1,0,8,0.9555555555555556,0.9555555555555556,accuracy,133,45,42,3
0,0,0,1,1,1,1,1,1,1,0,0,1,8,1.0,1.0,accuracy,133,45,42,1
0,0,0,1,1,1,1,1,1,0,1,1,0,8,0.9333333333333332,0.9333333333333332,accuracy,133,45,42,4
0,0,0,1,1,1,1,1,1,0,1,0,1,8,0.9555555555555556,0.9555555555555556,accuracy,133,45,42,3
0,0,0,1,1,1,1,1,1,0,0,1,1,8,1.0,1.0,accuracy,133,45,42,1
0,0,0,1,1,1,1,1,0,1,1,1,0,8,0.9333333333333332,0.9333333333333332,accuracy,133,45,42,4
0,0,0,1,1,1,1,1,0,1,1,0,1,8,1.0,1.0,accuracy,133,45,42,1
0,0,0,1,1,1,1,1,0,1,0,1,1,8,1.0,1.0,accuracy,133,45,42,1
0,0,0,1,1,1,1,1,0,0,1,1,1,8,0.9555555555555556,0.9555555555555556,accuracy,133,45,42,3
0,0,0,1,1,1,1,0,1,1,1,1,0,8,0.9333333333333332,0.9333333333333332,accuracy,133,45,42,4
0,0,0,1,1,1,1,0,1,1,1,0,1,8,1.0,1.0,accuracy,133,45,42,1
0,0,0,1,1,1,1,0,1,1,0,1,1,8,1.0,1.0,accuracy,133,45,42,1
0,0,0,1,1,1,1,0,1,0,1,1,1,8,0.9555555555555556,0.9555555555555556,accuracy,133,45,42,3
0,0,0,1,1,1,1,0,0,1,1,1,1,8,1.0,1.0,accuracy,133,45,42,1
0,0,0,1,1,1,0,1,1,1,1,1,0,8,0.9333333333333332,0.9333333333333332,accuracy,133,45,42,4
0,0,0,1,1,1,0,1,1,1,1,0,1,8,0.9777777777777776,0.9777777777777776,accuracy,133,45,42,2
0,0,0,1,1,1,0,1,1,1,0,1,1,8,1.0,1.0,accuracy,133,45,42,1
0,0,0,1,1,1,0,1,1,0,1,1,1,8,0.9555555555555556,0.9555555555555556,accuracy,133,45,42,3
0,0,0,1,1,1,0,1,0,1,1,1,1,8,0.9777777777777776,0.9777777777777776,accuracy,133,45,42,2
0,0,0,1,1,1,0,0,1,1,1,1,1,8,1.0,1.0,accuracy,133,45,42,1
0,0,0,1,1,0,1,1,1,1,1,1,0,8,0.9333333333333332,0.9333333333333332,accuracy,133,45,42,4
0,0,0,1,1,0,1,1,1,1,1,0,1,8,1.0,1.0,accuracy,133,45,42,1
0,0,0,1,1,0,1,1,1,1,0,1,1,8,1.0,1.0,accuracy,133,45,42,1
0,0,0,1,1,0,1,1,1,0,1,1,1,8,0.9555555555555556,0.9555555555555556,accuracy,133,45,42,3
0,0,0,1,1,0,1,1,0,1,1,1,1,8,1.0,1.0,accuracy,133,45,42,1
0,0,0,1,1,0,1,0,1,1,1,1,1,8,1.0,1.0,accuracy,133,45,42,1
0,0,0,1,1,0,0,1,1,1,1,1,1,8,1.0,1.0,accuracy,133,45,42,1
0,0,0,1,0,1,1,1,1,1,1,1,0,8,0.8888888888888888,0.8888888888888888,accuracy,133,45,42,6
0,0,0,1,0,1,1,1,1,1,1,0,1,8,1.0,1.0,accuracy,133,45,42,1
0,0,0,1,0,1,1,1,1,1,0,1,1,8,1.0,1.0,accuracy,133,45,42,1
0,0,0,1,0,1,1,1,1,0,1,1,1,8,0.9555555555555556,0.9555555555555556,accuracy,133,45,42,3
0,0,0,1,0,1,1,1,0,1,1,1,1,8,1.0,1.0,accuracy,133,45,42,1
0,0,0,1,0,1,1,0,1,1,1,1,1,8,1.0,1.0,accuracy,133,45,42,1
0,0,0,1,0,1,0,1,1,1,1,1,1,8,1.0,1.0,accuracy,133,45,42,1
0,0,0,1,0,0,1,1,1,1,1,1,1,8,1.0,1.0,accuracy,133,45,42,1
0,0,0,0,1,1,1,1,1,1,1,1,0,8,0.9333333333333332,0.9333333333333332,accuracy,133,45,42,4
0,0,0,0,1,1,1,1,1,1,1,0,1,8,1.0,1.0,accuracy,133,45,42,1
0,0,0,0,1,1,1,1,1,1,0,1,1,8,1.0,1.0,accuracy,133,45,42,1
0,0,0,0,1,1,1,1,1,0,1,1,1,8,0.9555555555555556,0.9555555555555556,accuracy,133,45,42,3
0,0,0,0,1,1,1,1,0,1,1,1,1,8,1.0,1.0,accuracy,133,45,42,1
0,0,0,0,1,1,1,0,1,1,1,1,1,8,1.0,1.0,accuracy,133,45,42,1
0,0,0,0,1,1,0,1,1,1,1,1,1,8,1.0,1.0,accuracy,133,45,42,1
0,0,0,0,1,0,1,1,1,1,1,1,1,8,1.0,1.0,accuracy,133,45,42,1
0,0,0,0,0,1,1,1,1,1,1,1,1,8,1.0,1.0,accuracy,133,45,42,1
1,1,1,1,1,1,1,1,1,0,0,0,0,9,0.9333333333333332,0.9333333333333332,accuracy,133,45,42,4
1,1,1,1,1,1,1,1,0,1,0,0,0,9,0.9555555555555556,0.9555555555555556,accuracy,133,45,42,3
1,1,1,1,1,1,1,1,0,0,1,0,0,9,0.9555555555555556,0.9555555555555556,accuracy,133,45,42,3
1,1,1,1,1,1,1,1,0,0,0,1,0,9,0.9777777777777776,0.9777777777777776,accuracy,133,45,42,2
1,1,1,1,1,1,1,1,0,0,0,0,1,9,0.9333333333333332,0.9333333333333332,accuracy,133,45,42,4
1,1,1,1,1,1,1,0,1,1,0,0,0,9,0.9555555555555556,0.9555555555555556,accuracy,133,45,42,3
1,1,1,1,1,1,1,0,1,0,1,0,0,9,0.9555555555555556,0.9555555555555556,accuracy,133,45,42,3
1,1,1,1,1,1,1,0,1,0,0,1,0,9,0.9555555555555556,0.9555555555555556,accuracy,133,45,42,3
1,1,1,1,1,1,1,0,1,0,0,0,1,9,0.9333333333333332,0.9333333333333332,accuracy,133,45,42,4
1,1,1,1,1,1,1,0,0,1,1,0,0,9,0.9555555555555556,0.9555555555555556,accuracy,133,45,42,3
1,1,1,1,1,1,1,0,0,1,0,1,0,9,0.9555555555555556,0.9555555555555556,accuracy,133,45,42,3
1,1,1,1,1,1,1,0,0,1,0,0,1,9,1.0,1.0,accuracy,133,45,42,1
1,1,1,1,1,1,1,0,0,0,1,1,0,9,0.9777777777777776,0.9777777777777776,accuracy,133,45,42,2
1,1,1,1,1,1,1,0,0,0,1,0,1,9,0.9777777777777776,0.9777777777777776,accuracy,133,45,42,2
1,1,1,1,1,1,1,0,0,0,0,1,1,9,0.9555555555555556,0.9555555555555556,accuracy,133,45,42,3
1,1,1,1,1,1,0,1,1,1,0,0,0,9,0.8888888888888888,0.8888888888888888,accuracy,133,45,42,6
1,1,1,1,1,1,0,1,1,0,1,0,0,9,0.8888888888888888,0.8888888888888888,accuracy,133,45,42,6
1,1,1,1,1,1,0,1,1,0,0,1,0,9,0.9555555555555556,0.9555555555555556,accuracy,133,45,42,3
1,1,1,1,1,1,0,1,1,0,0,0,1,9,0.9111111111111112,0.9111111111111112,accuracy,133,45,42,5
1,1,1,1,1,1,0,1,0,1,1,0,0,9,0.9111111111111112,0.9111111111111112,accuracy,133,45,42,5
1,1,1,1,1,1,0,1,0,1,0,1,0,9,0.9333333333333332,0.9333333333333332,accuracy,133,45,42,4
1,1,1,1,1,1,0,1,0,1,0,0,1,9,0.9333333333333332,0.9333333333333332,accuracy,133,45,42,4
1,1,1,1,1,1,0,1,0,0,1,1,0,9,0.9555555555555556,0.9555555555555556,accuracy,133,45,42,3
1,1,1,1,1,1,0,1,0,0,1,0,1,9,0.9333333333333332,0.9333333333333332,accuracy,133,45,42,4
1,1,1,1,1,1,0,1,0,0,0,1,1,9,0.9777777777777776,0.9777777777777776,accuracy,133,45,42,2
1,1,1,1,1,1,0,0,1,1,1,0,0,9,0.9111111111111112,0.9111111111111112,accuracy,133,45,42,5
1,1,1,1,1,1,0,0,1,1,0,1,0,9,0.9333333333333332,0.9333333333333332,accuracy,133,45,42,4
1,1,1,1,1,1,0,0,1,1,0,0,1,9,0.9777777777777776,0.9777777777777776,accuracy,133,45,42,2
1,1,1,1,1,1,0,0,1,0,1,1,0,9,0.9777777777777776,0.9777777777777776,accuracy,133,45,42,2
1,1,1,1,1,1,0,0,1,0,1,0,1,9,0.9333333333333332,0.9333333333333332,accuracy,133,45,42,4
1,1,1,1,1,1,0,0,1,0,0,1,1,9,0.9777777777777776,0.9777777777777776,accuracy,133,45,42,2
1,1,1,1,1,1,0,0,0,1,1,1,0,9,0.9555555555555556,0.9555555555555556,accuracy,133,45,42,3
1,1,1,1,1,1,0,0,0,1,1,0,1,9,0.9777777777777776,0.9777777777777776,accuracy,133,45,42,2
1,1,1,1,1,1,0,0,0,1,0,1,1,9,1.0,1.0,accuracy,133,45,42,1
1,1,1,1,1,1,0,0,0,0,1,1,1,9,0.9777777777777776,0.9777777777777776,accuracy,133,45,42,2
1,1,1,1,1,0,1,1,1,1,0,0,0,9,0.9555555555555556,0.9555555555555556,accuracy,133,45,42,3
1,1,1,1,1,0,1,1,1,0,1,0,0,9,0.9777777777777776,0.9777777777777776,accuracy,133,45,42,2
1,1,1,1,1,0,1,1,1,0,0,1,0,9,0.9777777777777776,0.9777777777777776,accuracy,133,45,42,2
1,1,1,1,1,0,1,1,1,0,0,0,1,9,0.9333333333333332,0.9333333333333332,accuracy,133,45,42,4
1,1,1,1,1,0,1,1,0,1,1,0,0,9,0.9555555555555556,0.9555555555555556,accuracy,133,45,42,3
1,1,1,1,1,0,1,1,0,1,0,1,0,9,0.9555555555555556,0.9555555555555556,accuracy,133,45,42,3
1,1,1,1,1,0,1,1,0,1,0,0,1,9,1.0,1.0,accuracy,133,45,42,1
1,1,1,1,1,0,1,1,0,0,1,1,0,9,0.9777777777777776,0.9777777777777776,accuracy,133,45,42,2
1,1,1,1,1,0,1,1,0,0,1,0,1,9,0.9777777777777776,0.9777777777777776,accuracy,133,45,42,2
1,1,1,1,1,0,1,1,0,0,0,1,1,9,0.9777777777777776,0.9777777777777776,accuracy,133,45,42,2
1,1,1,1,1,0,1,0,1,1,1,0,0,9,0.9555555555555556,0.9555555555555556,accuracy,133,45,42,3
1,1,1,1,1,0,1,0,1,1,0,1,0,9,0.9555555555555556,0.9555555555555556,accuracy,133,45,42,3
1,1,1,1,1,0,1,0,1,1,0,0,1,9,1.0,1.0,accuracy,133,45,42,1
1,1,1,1,1,0,1,0,1,0,1,1,0,9,0.9777777777777776,0.9777777777777776,accuracy,133,45,42,2
1,1,1,1,1,0,1,0,1,0,1,0,1,9,0.9777777777777776,0.9777777777777776,accuracy,133,45,42,2
1,1,1,1,1,0,1,0,1,0,0,1,1,9,0.9777777777777776,0.9777777777777776,accuracy,133,45,42,2
1,1,1,1,1,0,1,0,0,1,1,1,0,9,0.9555555555555556,0.9555555555555556,accuracy,133,45,42,3
1,1,1,1,1,0,1,0,0,1,1,0,1,9,1.0,1.0,accuracy,133,45,42,1
1,1,1,1,1,0,1,0,0,1,0,1,1,9,1.0,1.0,accuracy,133,45,42,1
1,1,1,1,1,0,1,0,0,0,1,1,1,9,0.9777777777777776,0.9777777777777776,accuracy,133,45,42,2
1,1,1,1,1,0,0,1,1,1,1,0,0,9,0.9555555555555556,0.9555555555555556,accuracy,133,45,42,3
1,1,1,1,1,0,0,1,1,1,0,1,0,9,0.8888888888888888,0.8888888888888888,accuracy,133,45,42,6
1,1,1,1,1,0,0,1,1,1,0,0,1,9,0.9333333333333332,0.9333333333333332,accuracy,133,45,42,4
1,1,1,1,1,0,0,1,1,0,1,1,0,9,0.9555555555555556,0.9555555555555556,accuracy,133,45,42,3
1,1,1,1,1,0,0,1,1,0,1,0,1,9,0.9555555555555556,0.9555555555555556,accuracy,133,45,42,3
1,1,1,1,1,0,0,1,1,0,0,1,1,9,0.9555555555555556,0.9555555555555556,accuracy,133,45,42,3
1,1,1,1,1,0,0,1,0,1,1,1,0,9,0.9333333333333332,0.9333333333333332,accuracy,133,45,42,4
1,1,1,1,1,0,0,1,0,1,1,0,1,9,0.9777777777777776,0.9777777777777776,accuracy,133,45,42,2
1,1,1,1,1,0,0,1,0,1,0,1,1,9,0.9777777777777776,0.9777777777777776,accuracy,133,45,42,2
1,1,1,1,1,0,0,1,0,0,1,1,1,9,0.9777777777777776,0.9777777777777776,accuracy,133,45,42,2
1,1,1,1,1,0,0,0,1,1,1,1,0,9,0.9333333333333332,0.9333333333333332,accuracy,133,45,42,4
1,1,1,1,1,0,0,0,1,1,1,0,1,9,1.0,1.0,accuracy,133,45,42,1
1,1,1,1,1,0,0,0,1,1,0,1,1,9,1.0,1.0,accuracy,133,45,42,1
1,1,1,1,1,0,0,0,1,0,1,1,1,9,0.9777777777777776,0.9777777777777776,accuracy,133,45,42,2
1,1,1,1,1,0,0,0,0,1,1,1,1,9,1.0,1.0,accuracy,133,45,42,1
1,1,1,1,0,1,1,1,1,1,0,0,0,9,0.9555555555555556,0.9555555555555556,accuracy,133,45,42,3
1,1,1,1,0,1,1,1,1,0,1,0,0,9,0.9555555555555556,0.9555555555555556,accuracy,133,45,42,3
1,1,1,1,0,1,1,1,1,0,0,1,0,9,0.9333333333333332,0.9333333333333332,accuracy,133,45,42,4
1,1,1,1,0,1,1,1,1,0,0,0,1,9,0.9333333333333332,0.9333333333333332,accuracy,133,45,42,4
1,1,1,1,0,1,1,1,0,1,1,0,0,9,0.9555555555555556,0.9555555555555556,accuracy,133,45,42,3
1,1,1,1,0,1,1,1,0,1,0,1,0,9,0.9333333333333332,0.9333333333333332,accuracy,133,45,42,4
1,1,1,1,0,1,1,1,0,1,0,0,1,9,1.0,1.0,accuracy,133,45,42,1
1,1,1,1,0,1,1,1,0,0,1,1,0,9,0.9555555555555556,0.9555555555555556,accuracy,133,45,42,3
1,1,1,1,0,1,1,1,0,0,1,0,1,9,0.9777777777777776,0.9777777777777776,accuracy,133,45,42,2
1,1,1,1,0,1,1,1,0,0,0,1,1,9,0.9777777777777776,0.9777777777777776,accuracy,133,45,42,2
1,1,1,1,0,1,1,0,1,1,1,0,0,9,0.9555555555555556,0.9555555555555556,accuracy,133,45,42,3
1,1,1,1,0,1,1,0,1,1,0,1,0,9,0.9555555555555556,0.9555555555555556,accuracy,133,45,42,3
1,1,1,1,0,1,1,0,1,1,0,0,1,9,1.0,1.0,accuracy,133,45,42,1
1,1,1,1,0,1,1,0,1,0,1,1,0,9,0.9555555555555556,0.9555555555555556,accuracy,133,45,42,3
1,1,1,1,0,1,1,0,1,0,1,0,1,9,0.9777777777777776,0.9777777777777776,accuracy,133,45,42,2
1,1,1,1,0,1,1,0,1,0,0,1,1,9,0.9333333333333332,0.9333333333333332,accuracy,133,45,42,4
1,1,1,1,0,1,1,0,0,1,1,1,0,9,0.9333333333333332,0.9333333333333332,accuracy,133,45,42,4
1,1,1,1,0,1,1,0,0,1,1,0,1,9,1.0,1.0,accuracy,133,45,42,1
1,1,1,1,0,1,1,0,0,1,0,1,1,9,1.0,1.0,accuracy,133,45,42,1
1,1,1,1,0,1,1,0,0,0,1,1,1,9,0.9777777777777776,0.9777777777777776,accuracy,133,45,42,2
1,1,1,1,0,1,0,1,1,1,1,0,0,9,0.9333333333333332,0.9333333333333332,accuracy,133,45,42,4
1,1,1,1,0,1,0,1,1,1,0,1,0,9,0.8888888888888888,0.8888888888888888,accuracy,133,45,42,6
1,1,1,1,0,1,0,1,1,1,0,0,1,9,0.9555555555555556,0.9555555555555556,accuracy,133,45,42,3
1,1,1,1,0,1,0,1,1,0,1,1,0,9,0.9555555555555556,0.9555555555555556,accuracy,133,45,42,3
1,1,1,1,0,1,0,1,1,0,1,0,1,9,0.9555555555555556,0.9555555555555556,accuracy,133,45,42,3
1,1,1,1,0,1,0,1,1,0,0,1,1,9,0.9777777777777776,0.9777777777777776,accuracy,133,45,42,2
1,1,1,1,0,1,0,1,0,1,1,1,0,9,0.9333333333333332,0.9333333333333332,accuracy,133,45,42,4
1,1,1,1,0,1,0,1,0,1,1,0,1,9,0.9777777777777776,0.9777777777777776,accuracy,133,45,42,2
1,1,1,1,0,1,0,1,0,1,0,1,1,9,1.0,1.0,accuracy,133,45,42,1
1,1,1,1,0,1,0,1,0,0,1,1,1,9,0.9777777777777776,0.9777777777777776,accuracy,133,45,42,2
1,1,1,1,0,1,0,0,1,1,1,1,0,9,0.9333333333333332,0.9333333333333332,accuracy,133,45,42,4
1,1,1,1,0,1,0,0,1,1,1,0,1,9,1.0,1.0,accuracy,133,45,42,1
1,1,1,1,0,1,0,0,1,1,0,1,1,9,1.0,1.0,accuracy,133,45,42,1
1,1,1,1,0,1,0,0,1,0,1,1,1,9,0.9777777777777776,0.9777777777777776,accuracy,133,45,42,2
1,1,1,1,0,1,0,0,0,1,1,1,1,9,1.0,1.0,accuracy,133,45,42,1
1,1,1,1,0,0,1,1,1,1,1,0,0,9,0.9555555555555556,0.9555555555555556,accuracy,133,45,42,3
1,1,1,1,0,0,1,1,1,1,0,1,0,9,0.9555555555555556,0.9555555555555556,accuracy,133,45,42,3
1,1,1,1,0,0,1,1,1,1,0,0,1,9,1.0,1.0,accuracy,133,45,42,1
1,1,1,1,0,0,1,1,1,0,1,1,0,9,0.9555555555555556,0.9555555555555556,accuracy,133,45,42,3
1,1,1,1,0,0,1,1,1,0,1,0,1,9,0.9777777777777776,0.9777777777777776,accuracy,133,45,42,2
1,1,1,1,0,0,1,1,1,0,0,1,1,9,0.9555555555555556,0.9555555555555556,accuracy,133,45,42,3
1,1,1,1,0,0,1,1,0,1,1,1,0,9,0.9555555555555556,0.9555555555555556,accuracy,133,45,42,3
1,1,1,1,0,0,1,1,0,1,1,0,1,9,1.0,1.0,accuracy,133,45,42,1
1,1,1,1,0,0,1,1,0,1,0,1,1,9,1.0,1.0,accuracy,133,45,42,1
1,1,1,1,0,0,1,1,0,0,1,1,1,9,0.9777777777777776,0.9777777777777776,accuracy,133,45,42,2
1,1,1,1,0,0,1,0,1,1,1,1,0,9,0.9555555555555556,0.9555555555555556,accuracy,133,45,42,3
1,1,1,1,0,0,1,0,1,1,1,0,1,9,1.0,1.0,accuracy,133,45,42,1
1,1,1,1,0,0,1,0,1,1,0,1,1,9,1.0,1.0,accuracy,133,45,42,1
1,1,1,1,0,0,1,0,1,0,1,1,1,9,0.9777777777777776,0.9777777777777776,accuracy,133,45,42,2
1,1,1,1,0,0,1,0,0,1,1,1,1,9,1.0,1.0,accuracy,133,45,42,1
1,1,1,1,0,0,0,1,1,1,1,1,0,9,0.9111111111111112,0.9111111111111112,accuracy,133,45,42,5
1,1,1,1,0,0,0,1,1,1,1,0,1,9,1.0,1.0,accuracy,133,45,42,1
1,1,1,1,0,0,0,1,1,1,0,1,1,9,1.0,1.0,accuracy,133,45,42,1
1,1,1,1,0,0,0,1,1,0,1,1,1,9,0.9777777777777776,0.9777777777777776,accuracy,133,45,42,2
1,1,1,1,0,0,0,1,0,1,1,1,1,9,1.0,1.0,accuracy,133,45,42,1
1,1,1,1,0,0,0,0,1,1,1,1,1,9,1.0,1.0,accuracy,133,45,42,1
1,1,1,0,1,1,1,1,1,1,0,0,0,9,0.9555555555555556,0.9555555555555556,accuracy,133,45,42,3
1,1,1,0,1,1,1,1,1,0,1,0,0,9,0.9555555555555556,0.9555555555555556,accuracy,133,45,42,3
1,1,1,0,1,1,1,1,1,0,0,1,0,9,0.9555555555555556,0.9555555555555556,accuracy,133,45,42,3
1,1,1,0,1,1,1,1,1,0,0,0,1,9,0.9555555555555556,0.9555555555555556,accuracy,133,45,42,3
1,1,1,0,1,1,1,1,0,1,1,0,0,9,0.9333333333333332,0.9333333333333332,accuracy,133,45,42,4
1,1,1,0,1,1,1,1,0,1,0,1,0,9,0.9555555555555556,0.9555555555555556,accuracy,133,45,42,3
1,1,1,0,1,1,1,1,0,1,0,0,1,9,1.0,1.0,accuracy,133,45,42,1
1,1,1,0,1,1,1,1,0,0,1,1,0,9,0.9555555555555556,0.9555555555555556,accuracy,133,45,42,3
1,1,1,0,1,1,1,1,0,0,1,0,1,9,0.9777777777777776,0.9777777777777776,accuracy,133,45,42,2
1,1,1,0,1,1,1,1,0,0,0,1,1,9,0.9777777777777776,0.9777777777777776,accuracy,133,45,42,2
1,1,1,0,1,1,1,0,1,1,1,0,0,9,0.9333333333333332,0.9333333333333332,accuracy,133,45,42,4
1,1,1,0,1,1,1,0,1,1,0,1,0,9,0.9555555555555556,0.9555555555555556,accuracy,133,45,42,3
1,1,1,0,1,1,1,0,1,1,0,0,1,9,1.0,1.0,accuracy,133,45,42,1
1,1,1,0,1,1,1,0,1,0,1,1,0,9,0.9555555555555556,0.9555555555555556,accuracy,133,45,42,3
1,1,1,0,1,1,1,0,1,0,1,0,1,9,0.9777777777777776,0.9777777777777776,accuracy,133,45,42,2
1,1,1,0,1,1,1,0,1,0,0,1,1,9,0.9555555555555556,0.9555555555555556,accuracy,133,45,42,3
1,1,1,0,1,1,1,0,0,1,1,1,0,9,0.9555555555555556,0.9555555555555556,accuracy,133,45,42,3
1,1,1,0,1,1,1,0,0,1,1,0,1,9,1.0,1.0,accuracy,133,45,42,1
1,1,1,0,1,1,1,0,0,1,0,1,1,9,1.0,1.0,accuracy,133,45,42,1
1,1,1,0,1,1,1,0,0,0,1,1,1,9,0.9777777777777776,0.9777777777777776,accuracy,133,45,42,2
1,1,1,0,1,1,0,1,1,1,1,0,0,9,0.9333333333333332,0.9333333333333332,accuracy,133,45,42,4
1,1,1,0,1,1,0,1,1,1,0,1,0,9,0.9111111111111112,0.9111111111111112,accuracy,133,45,42,5
1,1,1,0,1,1,0,1,1,1,0,0,1,9,0.9777777777777776,0.9777777777777776,accuracy,133,45,42,2
1,1,1,0,1,1,0,1,1,0,1,1,0,9,0.9555555555555556,0.9555555555555556,accuracy,133,45,42,3
1,1,1,0,1,1,0,1,1,0,1,0,1,9,0.9555555555555556,0.9555555555555556,accuracy,133,45,42,3
1,1,1,0,1,1,0,1,1,0,0,1,1,9,0.9555555555555556,0.9555555555555556,accuracy,133,45,42,3
1,1,1,0,1,1,0,1,0,1,1,1,0,9,0.9333333333333332,0.9333333333333332,accuracy,133,45,42,4
1,1,1,0,1,1,0,1,0,1,1,0,1,9,0.9777777777777776,0.9777777777777776,accuracy,133,45,42,2
1,1,1,0,1,1,0,1,0,1,0,1,1,9,1.0,1.0,accuracy,133,45,42,1
1,1,1,0,1,1,0,1,0,0,1,1,1,9,0.9777777777777776,0.9777777777777776,accuracy,133,45,42,2
1,1,1,0,1,1,0,0,1,1,1,1,0,9,0.9333333333333332,0.9333333333333332,accuracy,133,45,42,4
1,1,1,0,1,1,0,0,1,1,1,0,1,9,1.0,1.0,accuracy,133,45,42,1
1,1,1,0,1,1,0,0,1,1,0,1,1,9,1.0,1.0,accuracy,133,45,42,1
1,1,1,0,1,1,0,0,1,0,1,1,1,9,0.9777777777777776,0.9777777777777776,accuracy,133,45,42,2
1,1,1,0,1,1,0,0,0,1,1,1,1,9,1.0,1.0,accuracy,133,45,42,1
1,1,1,0,1,0,1,1,1,1,1,0,0,9,0.9333333333333332,0.9333333333333332,accuracy,133,45,42,4
1,1,1,0,1,0,1,1,1,1,0,1,0,9,0.9555555555555556,0.9555555555555556,accuracy,133,45,42,3
1,1,1,0,1,0,1,1,1,1,0,0,1,9,1.0,1.0,accuracy,133,45,42,1
1,1,1,0,1,0,1,1,1,0,1,1,0,9,0.9555555555555556,0.9555555555555556,accuracy,133,45,42,3
1,1,1,0,1,0,1,1,1,0,1,0,1,9,0.9777777777777776,0.9777777777777776,accuracy,133,45,42,2
1,1,1,0,1,0,1,1,1,0,0,1,1,9,0.9555555555555556,0.9555555555555556,accuracy,133,45,42,3
1,1,1,0,1,0,1,1,0,1,1,1,0,9,0.9555555555555556,0.9555555555555556,accuracy,133,45,42,3
1,1,1,0,1,0,1,1,0,1,1,0,1,9,1.0,1.0,accuracy,133,45,42,1
1,1,1,0,1,0,1,1,0,1,0,1,1,9,1.0,1.0,accuracy,133,45,42,1
1,1,1,0,1,0,1,1,0,0,1,1,1,9,0.9777777777777776,0.9777777777777776,accuracy,133,45,42,2
1,1,1,0,1,0,1,0,1,1,1,1,0,9,0.9555555555555556,0.9555555555555556,accuracy,133,45,42,3
1,1,1,0,1,0,1,0,1,1,1,0,1,9,1.0,1.0,accuracy,133,45,42,1
1,1,1,0,1,0,1,0,1,1,0,1,1,9,1.0,1.0,accuracy,133,45,42,1
1,1,1,0,1,0,1,0,1,0,1,1,1,9,0.9777777777777776,0.9777777777777776,accuracy,133,45,42,2
1,1,1,0,1,0,1,0,0,1,1,1,1,9,1.0,1.0,accuracy,133,45,42,1
1,1,1,0,1,0,0,1,1,1,1,1,0,9,0.9111111111111112,0.9111111111111112,accuracy,133,45,42,5
1,1,1,0,1,0,0,1,1,1,1,0,1,9,1.0,1.0,accuracy,133,45,42,1
1,1,1,0,1,0,0,1,1,1,0,1,1,9,1.0,1.0,accuracy,133,45,42,1
1,1,1,0,1,0,0,1,1,0,1,1,1,9,0.9777777777777776,0.9777777777777776,accuracy,133,45,42,2
1,1,1,0,1,0,0,1,0,1,1,1,1,9,1.0,1.0,accuracy,133,45,42,1
1,1,1,0,1,0,0,0,1,1,1,1,1,9,1.0,1.0,accuracy,133,45,42,1
1,1,1,0,0,1,1,1,1,1,1,0,0,9,0.9111111111111112,0.9111111111111112,accuracy,133,45,42,5
1,1,1,0,0,1,1,1,1,1,0,1,0,9,0.9111111111111112,0.9111111111111112,accuracy,133,45,42,5
1,1,1,0,0,1,1,1,1,1,0,0,1,9,1.0,1.0,accuracy,133,45,42,1
1,1,1,0,0,1,1,1,1,0,1,1,0,9,0.9333333333333332,0.9333333333333332,accuracy,133,45,42,4
1,1,1,0,0,1,1,1,1,0,1,0,1,9,0.9777777777777776,0.9777777777777776,accuracy,133,45,42,2
1,1,1,0,0,1,1,1,1,0,0,1,1,9,0.9777777777777776,0.9777777777777776,accuracy,133,45,42,2
1,1,1,0,0,1,1,1,0,1,1,1,0,9,0.9111111111111112,0.9111111111111112,accuracy,133,45,42,5
1,1,1,0,0,1,1,1,0,1,1,0,1,9,1.0,1.0,accuracy,133,45,42,1
1,1,1,0,0,1,1,1,0,1,0,1,1,9,1.0,1.0,accuracy,133,45,42,1
1,1,1,0,0,1,1,1,0,0,1,1,1,9,0.9777777777777776,0.9777777777777776,accuracy,133,45,42,2
1,1,1,0,0,1,1,0,1,1,1,1,0,9,0.9111111111111112,0.9111111111111112,accuracy,133,45,42,5
1,1,1,0,0,1,1,0,1,1,1,0,1,9,1.0,1.0,accuracy,133,45,42,1
1,1,1,0,0,1,1,0,1,1,0,1,1,9,1.0,1.0,accuracy,133,45,42,1
1,1,1,0,0,1,1,0,1,0,1,1,1,9,0.9777777777777776,0.9777777777777776,accuracy,133,45,42,2
1,1,1,0,0,1,1,0,0,1,1,1,1,9,1.0,1.0,accuracy,133,45,42,1
1,1,1,0,0,1,0,1,1,1,1,1,0,9,0.9111111111111112,0.9111111111111112,accuracy,133,45,42,5
1,1,1,0,0,1,0,1,1,1,1,0,1,9,1.0,1.0,accuracy,133,45,42,1
1,1,1,0,0,1,0,1,1,1,0,1,1,9,1.0,1.0,accuracy,133,45,42,1
1,1,1,0,0,1,0,1,1,0,1,1,1,9,0.9777777777777776,0.9777777777777776,accuracy,133,45,42,2
1,1,1,0,0,1,0,1,0,1,1,1,1,9,1.0,1.0,accuracy,133,45,42,1
1,1,1,0,0,1,0,0,1,1,1,1,1,9,1.0,1.0,accuracy,133,45,42,1
1,1,1,0,0,0,1,1,1,1,1,1,0,9,0.9111111111111112,0.9111111111111112,accuracy,133,45,42,5
1,1,1,0,0,0,1,1,1,1,1,0,1,9,1.0,1.0,accuracy,133,45,42,1
1,1,1,0,0,0,1,1,1,1,0,1,1,9,1.0,1.0,accuracy,133,45,42,1
1,1,1,0,0,0,1,1,1,0,1,1,1,9,0.9777777777777776,0.9777777777777776,accuracy,133,45,42,2
1,1,1,0,0,0,1,1,0,1,1,1,1,9,1.0,1.0,accuracy,133,45,42,1
1,1,1,0,0,0,1,0,1,1,1,1,1,9,1.0,1.0,accuracy,133,45,42,1
1,1,1,0,0,0,0,1,1,1,1,1,1,9,1.0,1.0,accuracy,133,45,42,1
1,1,0,1,1,1,1,1,1,1,0,0,0,9,0.9555555555555556,0.9555555555555556,accuracy,133,45,42,3
1,1,0,1,1,1,1,1,1,0,1,0,0,9,0.9555555555555556,0.9555555555555556,accuracy,133,45,42,3
1,1,0,1,1,1,1,1,1,0,0,1,0,9,0.9333333333333332,0.9333333333333332,accuracy,133,45,42,4
1,1,0,1,1,1,1,1,1,0,0,0,1,9,0.9333333333333332,0.9333333333333332,accuracy,133,45,42,4
1,1,0,1,1,1,1,1,0,1,1,0,0,9,0.9555555555555556,0.9555555555555556,accuracy,133,45,42,3
1,1,0,1,1,1,1,1,0,1,0,1,0,9,0.9555555555555556,0.9555555555555556,accuracy,133,45,42,3
1,1,0,1,1,1,1,1,0,1,0,0,1,9,1.0,1.0,accuracy,133,45,42,1
1,1,0,1,1,1,1,1,0,0,1,1,0,9,0.9555555555555556,0.9555555555555556,accuracy,133,45,42,3
1,1,0,1,1,1,1,1,0,0,1,0,1,9,0.9777777777777776,0.9777777777777776,accuracy,133,45,42,2
1,1,0,1,1,1,1,1,0,0,0,1,1,9,1.0,1.0,accuracy,133,45,42,1
1,1,0,1,1,1,1,0,1,1,1,0,0,9,0.9555555555555556,0.9555555555555556,accuracy,133,45,42,3
1,1,0,1,1,1,1,0,1,1,0,1,0,9,0.9555555555555556,0.9555555555555556,accuracy,133,45,42,3
1,1,0,1,1,1,1,0,1,1,0,0,1,9,1.0,1.0,accuracy,133,45,42,1
1,1,0,1,1,1,1,0,1,0,1,1,0,9,0.9555555555555556,0.9555555555555556,accuracy,133,45,42,3
1,1,0,1,1,1,1,0,1,0,1,0,1,9,0.9777777777777776,0.9777777777777776,accuracy,133,45,42,2
1,1,0,1,1,1,1,0,1,0,0,1,1,9,1.0,1.0,accuracy,133,45,42,1
1,1,0,1,1,1,1,0,0,1,1,1,0,9,0.9555555555555556,0.9555555555555556,accuracy,133,45,42,3
1,1,0,1,1,1,1,0,0,1,1,0,1,9,1.0,1.0,accuracy,133,45,42,1
1,1,0,1,1,1,1,0,0,1,0,1,1,9,1.0,1.0,accuracy,133,45,42,1
1,1,0,1,1,1,1,0,0,0,1,1,1,9,0.9777777777777776,0.9777777777777776,accuracy,133,45,42,2
1,1,0,1,1,1,0,1,1,1,1,0,0,9,0.9333333333333332,0.9333333333333332,accuracy,133,45,42,4
1,1,0,1,1,1,0,1,1,1,0,1,0,9,0.9333333333333332,0.9333333333333332,accuracy,133,45,42,4
1,1,0,1,1,1,0,1,1,1,0,0,1,9,0.9777777777777776,0.9777777777777776,accuracy,133,45,42,2
1,1,0,1,1,1,0,1,1,0,1,1,0,9,0.9333333333333332,0.9333333333333332,accuracy,133,45,42,4
1,1,0,1,1,1,0,1,1,0,1,0,1,9,0.9555555555555556,0.9555555555555556,accuracy,133,45,42,3
1,1,0,1,1,1,0,1,1,0,0,1,1,9,0.9555555555555556,0.9555555555555556,accuracy,133,45,42,3
1,1,0,1,1,1,0,1,0,1,1,1,0,9,0.9555555555555556,0.9555555555555556,accuracy,133,45,42,3
1,1,0,1,1,1,0,1,0,1,1,0,1,9,0.9777777777777776,0.9777777777777776,accuracy,133,45,42,2
1,1,0,1,1,1,0,1,0,1,0,1,1,9,1.0,1.0,accuracy,133,45,42,1
1,1,0,1,1,1,0,1,0,0,1,1,1,9,0.9777777777777776,0.9777777777777776,accuracy,133,45,42,2
1,1,0,1,1,1,0,0,1,1,1,1,0,9,0.9555555555555556,0.9555555555555556,accuracy,133,45,42,3
1,1,0,1,1,1,0,0,1,1,1,0,1,9,1.0,1.0,accuracy,133,45,42,1
1,1,0,1,1,1,0,0,1,1,0,1,1,9,1.0,1.0,accuracy,133,45,42,1
1,1,0,1,1,1,0,0,1,0,1,1,1,9,0.9777777777777776,0.9777777777777776,accuracy,133,45,42,2
1,1,0,1,1,1,0,0,0,1,1,1,1,9,1.0,1.0,accuracy,133,45,42,1
1,1,0,1,1,0,1,1,1,1,1,0,0,9,0.9555555555555556,0.9555555555555556,accuracy,133,45,42,3
1,1,0,1,1,0,1,1,1,1,0,1,0,9,0.9555555555555556,0.9555555555555556,accuracy,133,45,42,3
1,1,0,1,1,0,1,1,1,1,0,0,1,9,1.0,1.0,accuracy,133,45,42,1
1,1,0,1,1,0,1,1,1,0,1,1,0,9,0.9555555555555556,0.9555555555555556,accuracy,133,45,42,3
1,1,0,1,1,0,1,1,1,0,1,0,1,9,0.9777777777777776,0.9777777777777776,accuracy,133,45,42,2
1,1,0,1,1,0,1,1,1,0,0,1,1,9,0.9777777777777776,0.9777777777777776,accuracy,133,45,42,2
1,1,0,1,1,0,1,1,0,1,1,1,0,9,0.9555555555555556,0.9555555555555556,accuracy,133,45,42,3
1,1,0,1,1,0,1,1,0,1,1,0,1,9,1.0,1.0,accuracy,133,45,42,1
1,1,0,1,1,0,1,1,0,1,0,1,1,9,1.0,1.0,accuracy,133,45,42,1
1,1,0,1,1,0,1,1,0,0,1,1,1,9,0.9777777777777776,0.9777777777777776,accuracy,133,45,42,2
1,1,0,1,1,0,1,0,1,1,1,1,0,9,0.9555555555555556,0.9555555555555556,accuracy,133,45,42,3
1,1,0,1,1,0,1,0,1,1,1,0,1,9,1.0,1.0,accuracy,133,45,42,1
1,1,0,1,1,0,1,0,1,1,0,1,1,9,1.0,1.0,accuracy,133,45,42,1
1,1,0,1,1,0,1,0,1,0,1,1,1,9,0.9777777777777776,0.9777777777777776,accuracy,133,45,42,2
1,1,0,1,1,0,1,0,0,1,1,1,1,9,1.0,1.0,accuracy,133,45,42,1
1,1,0,1,1,0,0,1,1,1,1,1,0,9,0.9333333333333332,0.9333333333333332,accuracy,133,45,42,4
1,1,0,1,1,0,0,1,1,1,1,0,1,9,1.0,1.0,accuracy,133,45,42,1
1,1,0,1,1,0,0,1,1,1,0,1,1,9,1.0,1.0,accuracy,133,45,42,1
1,1,0,1,1,0,0,1,1,0,1,1,1,9,0.9777777777777776,0.9777777777777776,accuracy,133,45,42,2
1,1,0,1,1,0,0,1,0,1,1,1,1,9,1.0,1.0,accuracy,133,45,42,1
1,1,0,1,1,0,0,0,1,1,1,1,1,9,1.0,1.0,accuracy,133,45,42,1
1,1,0,1,0,1,1,1,1,1,1,0,0,9,0.9555555555555556,0.9555555555555556,accuracy,133,45,42,3
1,1,0,1,0,1,1,1,1,1,0,1,0,9,0.9555555555555556,0.9555555555555556,accuracy,133,45,42,3
1,1,0,1,0,1,1,1,1,1,0,0,1,9,1.0,1.0,accuracy,133,45,42,1
1,1,0,1,0,1,1,1,1,0,1,1,0,9,0.9555555555555556,0.9555555555555556,accuracy,133,45,42,3
1,1,0,1,0,1,1,1,1,0,1,0,1,9,0.9777777777777776,0.9777777777777776,accuracy,133,45,42,2
1,1,0,1,0,1,1,1,1,0,0,1,1,9,0.9777777777777776,0.9777777777777776,accuracy,133,45,42,2
1,1,0,1,0,1,1,1,0,1,1,1,0,9,0.9555555555555556,0.9555555555555556,accuracy,133,45,42,3
1,1,0,1,0,1,1,1,0,1,1,0,1,9,1.0,1.0,accuracy,133,45,42,1
1,1,0,1,0,1,1,1,0,1,0,1,1,9,1.0,1.0,accuracy,133,45,42,1
1,1,0,1,0,1,1,1,0,0,1,1,1,9,0.9777777777777776,0.9777777777777776,accuracy,133,45,42,2
1,1,0,1,0,1,1,0,1,1,1,1,0,9,0.9555555555555556,0.9555555555555556,accuracy,133,45,42,3
1,1,0,1,0,1,1,0,1,1,1,0,1,9,1.0,1.0,accuracy,133,45,42,1
1,1,0,1,0,1,1,0,1,1,0,1,1,9,1.0,1.0,accuracy,133,45,42,1
1,1,0,1,0,1,1,0,1,0,1,1,1,9,0.9777777777777776,0.9777777777777776,accuracy,133,45,42,2
1,1,0,1,0,1,1,0,0,1,1,1,1,9,1.0,1.0,accuracy,133,45,42,1
1,1,0,1,0,1,0,1,1,1,1,1,0,9,0.9111111111111112,0.9111111111111112,accuracy,133,45,42,5
1,1,0,1,0,1,0,1,1,1,1,0,1,9,1.0,1.0,accuracy,133,45,42,1
1,1,0,1,0,1,0,1,1,1,0,1,1,9,1.0,1.0,accuracy,133,45,42,1
1,1,0,1,0,1,0,1,1,0,1,1,1,9,0.9777777777777776,0.9777777777777776,accuracy,133,45,42,2
1,1,0,1,0,1,0,1,0,1,1,1,1,9,1.0,1.0,accuracy,133,45,42,1
1,1,0,1,0,1,0,0,1,1,1,1,1,9,1.0,1.0,accuracy,133,45,42,1
1,1,0,1,0,0,1,1,1,1,1,1,0,9,0.9555555555555556,0.9555555555555556,accuracy,133,45,42,3
1,1,0,1,0,0,1,1,1,1,1,0,1,9,1.0,1.0,accuracy,133,45,42,1
1,1,0,1,0,0,1,1,1,1,0,1,1,9,1.0,1.0,accuracy,133,45,42,1
1,1,0,1,0,0,1,1,1,0,1,1,1,9,0.9777777777777776,0.9777777777777776,accuracy,133,45,42,2
1,1,0,1,0,0,1,1,0,1,1,1,1,9,1.0,1.0,accuracy,133,45,42,1
1,1,0,1,0,0,1,0,1,1,1,1,1,9,1.0,1.0,accuracy,133,45,42,1
1,1,0,1,0,0,0,1,1,1,1,1,1,9,1.0,1.0,accuracy,133,45,42,1
1,1,0,0,1,1,1,1,1,1,1,0,0,9,0.9333333333333332,0.9333333333333332,accuracy,133,45,42,4
1,1,0,0,1,1,1,1,1,1,0,1,0,9,0.9555555555555556,0.9555555555555556,accuracy,133,45,42,3
1,1,0,0,1,1,1,1,1,1,0,0,1,9,1.0,1.0,accuracy,133,45,42,1
1,1,0,0,1,1,1,1,1,0,1,1,0,9,0.9555555555555556,0.9555555555555556,accuracy,133,45,42,3
1,1,0,0,1,1,1,1,1,0,1,0,1,9,0.9777777777777776,0.9777777777777776,accuracy,133,45,42,2
1,1,0,0,1,1,1,1,1,0,0,1,1,9,0.9777777777777776,0.9777777777777776,accuracy,133,45,42,2
1,1,0,0,1,1,1,1,0,1,1,1,0,9,0.9555555555555556,0.9555555555555556,accuracy,133,45,42,3
1,1,0,0,1,1,1,1,0,1,1,0,1,9,1.0,1.0,accuracy,133,45,42,1
1,1,0,0,1,1,1,1,0,1,0,1,1,9,1.0,1.0,accuracy,133,45,42,1
1,1,0,0,1,1,1,1,0,0,1,1,1,9,0.9777777777777776,0.9777777777777776,accuracy,133,45,42,2
1,1,0,0,1,1,1,0,1,1,1,1,0,9,0.9555555555555556,0.9555555555555556,accuracy,133,45,42,3
1,1,0,0,1,1,1,0,1,1,1,0,1,9,1.0,1.0,accuracy,133,45,42,1
1,1,0,0,1,1,1,0,1,1,0,1,1,9,1.0,1.0,accuracy,133,45,42,1
1,1,0,0,1,1,1,0,1,0,1,1,1,9,0.9777777777777776,0.9777777777777776,accuracy,133,45,42,2
1,1,0,0,1,1,1,0,0,1,1,1,1,9,1.0,1.0,accuracy,133,45,42,1
1,1,0,0,1,1,0,1,1,1,1,1,0,9,0.9555555555555556,0.9555555555555556,accuracy,133,45,42,3
1,1,0,0,1,1,0,1,1,1,1,0,1,9,1.0,1.0,accuracy,133,45,42,1
1,1,0,0,1,1,0,1,1,1,0,1,1,9,1.0,1.0,accuracy,133,45,42,1
1,1,0,0,1,1,0,1,1,0,1,1,1,9,0.9777777777777776,0.9777777777777776,accuracy,133,45,42,2
1,1,0,0,1,1,0,1,0,1,1,1,1,9,1.0,1.0,accuracy,133,45,42,1
1,1,0,0,1,1,0,0,1,1,1,1,1,9,1.0,1.0,accuracy,133,45,42,1
1,1,0,0,1,0,1,1,1,1,1,1,0,9,0.9555555555555556,0.9555555555555556,accuracy,133,45,42,3
1,1,0,0,1,0,1,1,1,1,1,0,1,9,1.0,1.0,accuracy,133,45,42,1
1,1,0,0,1,0,1,1,1,1,0,1,1,9,1.0,1.0,accuracy,133,45,42,1
1,1,0,0,1,0,1,1,1,0,1,1,1,9,0.9777777777777776,0.9777777777777776,accuracy,133,45,42,2
1,1,0,0,1,0,1,1,0,1,1,1,1,9,1.0,1.0,accuracy,133,45,42,1
1,1,0,0,1,0,1,0,1,1,1,1,1,9,1.0,1.0,accuracy,133,45,42,1
1,1,0,0,1,0,0,1,1,1,1,1,1,9,1.0,1.0,accuracy,133,45,42,1
1,1,0,0,0,1,1,1,1,1,1,1,0,9,0.9333333333333332,0.9333333333333332,accuracy,133,45,42,4
1,1,0,0,0,1,1,1,1,1,1,0,1,9,1.0,1.0,accuracy,133,45,42,1
1,1,0,0,0,1,1,1,1,1,0,1,1,9,1.0,1.0,accuracy,133,45,42,1
1,1,0,0,0,1,1,1,1,0,1,1,1,9,0.9777777777777776,0.9777777777777776,accuracy,133,45,42,2
1,1,0,0,0,1,1,1,0,1,1,1,1,9,1.0,1.0,accuracy,133,45,42,1
1,1,0,0,0,1,1,0,1,1,1,1,1,9,1.0,1.0,accuracy,133,45,42,1
1,1,0,0,0,1,0,1,1,1,1,1,1,9,1.0,1.0,accuracy,133,45,42,1
1,1,0,0,0,0,1,1,1,1,1,1,1,9,1.0,1.0,accuracy,133,45,42,1
1,0,1,1,1,1,1,1,1,1,0,0,0,9,0.9777777777777776,0.9777777777777776,accuracy,133,45,42,2
1,0,1,1,1,1,1,1,1,0,1,0,0,9,0.9777777777777776,0.9777777777777776,accuracy,133,45,42,2
1,0,1,1,1,1,1,1,1,0,0,1,0,9,1.0,1.0,accuracy,133,45,42,1
1,0,1,1,1,1,1,1,1,0,0,0,1,9,1.0,1.0,accuracy,133,45,42,1
1,0,1,1,1,1,1,1,0,1,1,0,0,9,0.9777777777777776,0.9777777777777776,accuracy,133,45,42,2
1,0,1,1,1,1,1,1,0,1,0,1,0,9,0.9777777777777776,0.9777777777777776,accuracy,133,45,42,2
1,0,1,1,1,1,1,1,0,1,0,0,1,9,1.0,1.0,accuracy,133,45,42,1
1,0,1,1,1,1,1,1,0,0,1,1,0,9,0.9777777777777776,0.9777777777777776,accuracy,133,45,42,2
1,0,1,1,1,1,1,1,0,0,1,0,1,9,0.9777777777777776,0.9777777777777776,accuracy,133,45,42,2
1,0,1,1,1,1,1,1,0,0,0,1,1,9,1.0,1.0,accuracy,133,45,42,1
1,0,1,1,1,1,1,0,1,1,1,0,0,9,0.9777777777777776,0.9777777777777776,accuracy,133,45,42,2
1,0,1,1,1,1,1,0,1,1,0,1,0,9,0.9777777777777776,0.9777777777777776,accuracy,133,45,42,2
1,0,1,1,1,1,1,0,1,1,0,0,1,9,1.0,1.0,accuracy,133,45,42,1
1,0,1,1,1,1,1,0,1,0,1,1,0,9,0.9777777777777776,0.9777777777777776,accuracy,133,45,42,2
1,0,1,1,1,1,1,0,1,0,1,0,1,9,0.9777777777777776,0.9777777777777776,accuracy,133,45,42,2
1,0,1,1,1,1,1,0,1,0,0,1,1,9,1.0,1.0,accuracy,133,45,42,1
1,0,1,1,1,1,1,0,0,1,1,1,0,9,0.9777777777777776,0.9777777777777776,accuracy,133,45,42,2
1,0,1,1,1,1,1,0,0,1,1,0,1,9,1.0,1.0,accuracy,133,45,42,1
1,0,1,1,1,1,1,0,0,1,0,1,1,9,1.0,1.0,accuracy,133,45,42,1
1,0,1,1,1,1,1,0,0,0,1,1,1,9,0.9777777777777776,0.9777777777777776,accuracy,133,45,42,2
1,0,1,1,1,1,0,1,1,1,1,0,0,9,0.9555555555555556,0.9555555555555556,accuracy,133,45,42,3
1,0,1,1,1,1,0,1,1,1,0,1,0,9,0.9333333333333332,0.9333333333333332,accuracy,133,45,42,4
1,0,1,1,1,1,0,1,1,1,0,0,1,9,0.9777777777777776,0.9777777777777776,accuracy,133,45,42,2
1,0,1,1,1,1,0,1,1,0,1,1,0,9,0.9555555555555556,0.9555555555555556,accuracy,133,45,42,3
1,0,1,1,1,1,0,1,1,0,1,0,1,9,0.9555555555555556,0.9555555555555556,accuracy,133,45,42,3
1,0,1,1,1,1,0,1,1,0,0,1,1,9,0.9333333333333332,0.9333333333333332,accuracy,133,45,42,4
1,0,1,1,1,1,0,1,0,1,1,1,0,9,0.9555555555555556,0.9555555555555556,accuracy,133,45,42,3
1,0,1,1,1,1,0,1,0,1,1,0,1,9,0.9777777777777776,0.9777777777777776,accuracy,133,45,42,2
1,0,1,1,1,1,0,1,0,1,0,1,1,9,1.0,1.0,accuracy,133,45,42,1
1,0,1,1,1,1,0,1,0,0,1,1,1,9,0.9555555555555556,0.9555555555555556,accuracy,133,45,42,3
1,0,1,1,1,1,0,0,1,1,1,1,0,9,0.9777777777777776,0.9777777777777776,accuracy,133,45,42,2
1,0,1,1,1,1,0,0,1,1,1,0,1,9,1.0,1.0,accuracy,133,45,42,1
1,0,1,1,1,1,0,0,1,1,0,1,1,9,1.0,1.0,accuracy,133,45,42,1
1,0,1,1,1,1,0,0,1,0,1,1,1,9,0.9777777777777776,0.9777777777777776,accuracy,133,45,42,2
1,0,1,1,1,1,0,0,0,1,1,1,1,9,1.0,1.0,accuracy,133,45,42,1
1,0,1,1,1,0,1,1,1,1,1,0,0,9,0.9777777777777776,0.9777777777777776,accuracy,133,45,42,2
1,0,1,1,1,0,1,1,1,1,0,1,0,9,0.9777777777777776,0.9777777777777776,accuracy,133,45,42,2
1,0,1,1,1,0,1,1,1,1,0,0,1,9,1.0,1.0,accuracy,133,45,42,1
1,0,1,1,1,0,1,1,1,0,1,1,0,9,0.9777777777777776,0.9777777777777776,accuracy,133,45,42,2
1,0,1,1,1,0,1,1,1,0,1,0,1,9,0.9777777777777776,0.9777777777777776,accuracy,133,45,42,2
1,0,1,1,1,0,1,1,1,0,0,1,1,9,1.0,1.0,accuracy,133,45,42,1
1,0,1,1,1,0,1,1,0,1,1,1,0,9,0.9777777777777776,0.9777777777777776,accuracy,133,45,42,2
1,0,1,1,1,0,1,1,0,1,1,0,1,9,1.0,1.0,accuracy,133,45,42,1
1,0,1,1,1,0,1,1,0,1,0,1,1,9,1.0,1.0,accuracy,133,45,42,1
1,0,1,1,1,0,1,1,0,0,1,1,1,9,0.9777777777777776,0.9777777777777776,accuracy,133,45,42,2
1,0,1,1,1,0,1,0,1,1,1,1,0,9,0.9777777777777776,0.9777777777777776,accuracy,133,45,42,2
1,0,1,1,1,0,1,0,1,1,1,0,1,9,1.0,1.0,accuracy,133,45,42,1
1,0,1,1,1,0,1,0,1,1,0,1,1,9,1.0,1.0,accuracy,133,45,42,1
1,0,1,1,1,0,1,0,1,0,1,1,1,9,0.9777777777777776,0.9777777777777776,accuracy,133,45,42,2
1,0,1,1,1,0,1,0,0,1,1,1,1,9,1.0,1.0,accuracy,133,45,42,1
1,0,1,1,1,0,0,1,1,1,1,1,0,9,0.9777777777777776,0.9777777777777776,accuracy,133,45,42,2
1,0,1,1,1,0,0,1,1,1,1,0,1,9,1.0,1.0,accuracy,133,45,42,1
1,0,1,1,1,0,0,1,1,1,0,1,1,9,1.0,1.0,accuracy,133,45,42,1
1,0,1,1,1,0,0,1,1,0,1,1,1,9,0.9777777777777776,0.9777777777777776,accuracy,133,45,42,2
1,0,1,1,1,0,0,1,0,1,1,1,1,9,1.0,1.0,accuracy,133,45,42,1
1,0,1,1,1,0,0,0,1,1,1,1,1,9,1.0,1.0,accuracy,133,45,42,1
1,0,1,1,0,1,1,1,1,1,1,0,0,9,0.9777777777777776,0.9777777777777776,accuracy,133,45,42,2
1,0,1,1,0,1,1,1,1,1,0,1,0,9,0.9777777777777776,0.9777777777777776,accuracy,133,45,42,2
1,0,1,1,0,1,1,1,1,1,0,0,1,9,0.9777777777777776,0.9777777777777776,accuracy,133,45,42,2
1,0,1,1,0,1,1,1,1,0,1,1,0,9,0.9555555555555556,0.9555555555555556,accuracy,133,45,42,3
1,0,1,1,0,1,1,1,1,0,1,0,1,9,0.9777777777777776,0.9777777777777776,accuracy,133,45,42,2
1,0,1,1,0,1,1,1,1,0,0,1,1,9,1.0,1.0,accuracy,133,45,42,1
1,0,1,1,0,1,1,1,0,1,1,1,0,9,0.9777777777777776,0.9777777777777776,accuracy,133,45,42,2
1,0,1,1,0,1,1,1,0,1,1,0,1,9,1.0,1.0,accuracy,133,45,42,1
1,0,1,1,0,1,1,1,0,1,0,1,1,9,0.9777777777777776,0.9777777777777776,accuracy,133,45,42,2
1,0,1,1,0,1,1,1,0,0,1,1,1,9,0.9777777777777776,0.9777777777777776,accuracy,133,45,42,2
1,0,1,1,0,1,1,0,1,1,1,1,0,9,0.9777777777777776,0.9777777777777776,accuracy,133,45,42,2
1,0,1,1,0,1,1,0,1,1,1,0,1,9,1.0,1.0,accuracy,133,45,42,1
1,0,1,1,0,1,1,0,1,1,0,1,1,9,1.0,1.0,accuracy,133,45,42,1
1,0,1,1,0,1,1,0,1,0,1,1,1,9,0.9777777777777776,0.9777777777777776,accuracy,133,45,42,2
1,0,1,1,0,1,1,0,0,1,1,1,1,9,1.0,1.0,accuracy,133,45,42,1
1,0,1,1,0,1,0,1,1,1,1,1,0,9,0.9777777777777776,0.9777777777777776,accuracy,133,45,42,2
1,0,1,1,0,1,0,1,1,1,1,0,1,9,1.0,1.0,accuracy,133,45,42,1
1,0,1,1,0,1,0,1,1,1,0,1,1,9,1.0,1.0,accuracy,133,45,42,1
1,0,1,1,0,1,0,1,1,0,1,1,1,9,0.9777777777777776,0.9777777777777776,accuracy,133,45,42,2
1,0,1,1,0,1,0,1,0,1,1,1,1,9,1.0,1.0,accuracy,133,45,42,1
1,0,1,1,0,1,0,0,1,1,1,1,1,9,1.0,1.0,accuracy,133,45,42,1
1,0,1,1,0,0,1,1,1,1,1,1,0,9,0.9777777777777776,0.9777777777777776,accuracy,133,45,42,2
1,0,1,1,0,0,1,1,1,1,1,0,1,9,1.0,1.0,accuracy,133,45,42,1
1,0,1,1,0,0,1,1,1,1,0,1,1,9,0.9777777777777776,0.9777777777777776,accuracy,133,45,42,2
1,0,1,1,0,0,1,1,1,0,1,1,1,9,0.9777777777777776,0.9777777777777776,accuracy,133,45,42,2
1,0,1,1,0,0,1,1,0,1,1,1,1,9,0.9777777777777776,0.9777777777777776,accuracy,133,45,42,2
1,0,1,1,0,0,1,0,1,1,1,1,1,9,1.0,1.0,accuracy,133,45,42,1
1,0,1,1,0,0,0,1,1,1,1,1,1,9,1.0,1.0,accuracy,133,45,42,1
1,0,1,0,1,1,1,1,1,1,1,0,0,9,0.9777777777777776,0.9777777777777776,accuracy,133,45,42,2
1,0,1,0,1,1,1,1,1,1,0,1,0,9,0.9777777777777776,0.9777777777777776,accuracy,133,45,42,2
1,0,1,0,1,1,1,1,1,1,0,0,1,9,1.0,1.0,accuracy,133,45,42,1
1,0,1,0,1,1,1,1,1,0,1,1,0,9,0.9777777777777776,0.9777777777777776,accuracy,133,45,42,2
1,0,1,0,1,1,1,1,1,0,1,0,1,9,0.9777777777777776,0.9777777777777776,accuracy,133,45,42,2
1,0,1,0,1,1,1,1,1,0,0,1,1,9,1.0,1.0,accuracy,133,45,42,1
1,0,1,0,1,1,1,1,0,1,1,1,0,9,0.9777777777777776,0.9777777777777776,accuracy,133,45,42,2
1,0,1,0,1,1,1,1,0,1,1,0,1,9,1.0,1.0,accuracy,133,45,42,1
1,0,1,0,1,1,1,1,0,1,0,1,1,9,1.0,1.0,accuracy,133,45,42,1
1,0,1,0,1,1,1,1,0,0,1,1,1,9,0.9777777777777776,0.9777777777777776,accuracy,133,45,42,2
1,0,1,0,1,1,1,0,1,1,1,1,0,9,0.9777777777777776,0.9777777777777776,accuracy,133,45,42,2
1,0,1,0,1,1,1,0,1,1,1,0,1,9,1.0,1.0,accuracy,133,45,42,1
1,0,1,0,1,1,1,0,1,1,0,1,1,9,1.0,1.0,accuracy,133,45,42,1
1,0,1,0,1,1,1,0,1,0,1,1,1,9,0.9777777777777776,0.9777777777777776,accuracy,133,45,42,2
1,0,1,0,1,1,1,0,0,1,1,1,1,9,1.0,1.0,accuracy,133,45,42,1
1,0,1,0,1,1,0,1,1,1,1,1,0,9,0.9777777777777776,0.9777777777777776,accuracy,133,45,42,2
1,0,1,0,1,1,0,1,1,1,1,0,1,9,1.0,1.0,accuracy,133,45,42,1
1,0,1,0,1,1,0,1,1,1,0,1,1,9,1.0,1.0,accuracy,133,45,42,1
1,0,1,0,1,1,0,1,1,0,1,1,1,9,0.9777777777777776,0.9777777777777776,accuracy,133,45,42,2
1,0,1,0,1,1,0,1,0,1,1,1,1,9,1.0,1.0,accuracy,133,45,42,1
1,0,1,0,1,1,0,0,1,1,1,1,1,9,1.0,1.0,accuracy,133,45,42,1
1,0,1,0,1,0,1,1,1,1,1,1,0,9,0.9777777777777776,0.9777777777777776,accuracy,133,45,42,2
1,0,1,0,1,0,1,1,1,1,1,0,1,9,1.0,1.0,accuracy,133,45,42,1
1,0,1,0,1,0,1,1,1,1,0,1,1,9,1.0,1.0,accuracy,133,45,42,1
1,0,1,0,1,0,1,1,1,0,1,1,1,9,0.9777777777777776,0.9777777777777776,accuracy,133,45,42,2
1,0,1,0,1,0,1,1,0,1,1,1,1,9,1.0,1.0,accuracy,133,45,42,1
1,0,1,0,1,0,1,0,1,1,1,1,1,9,1.0,1.0,accuracy,133,45,42,1
1,0,1,0,1,0,0,1,1,1,1,1,1,9,1.0,1.0,accuracy,133,45,42,1
1,0,1,0,0,1,1,1,1,1,1,1,0,9,0.9555555555555556,0.9555555555555556,accuracy,133,45,42,3
1,0,1,0,0,1,1,1,1,1,1,0,1,9,1.0,1.0,accuracy,133,45,42,1
1,0,1,0,0,1,1,1,1,1,0,1,1,9,0.9777777777777776,0.9777777777777776,accuracy,133,45,42,2
1,0,1,0,0,1,1,1,1,0,1,1,1,9,0.9777777777777776,0.9777777777777776,accuracy,133,45,42,2
1,0,1,0,0,1,1,1,0,1,1,1,1,9,1.0,1.0,accuracy,133,45,42,1
1,0,1,0,0,1,1,0,1,1,1,1,1,9,1.0,1.0,accuracy,133,45,42,1
1,0,1,0,0,1,0,1,1,1,1,1,1,9,1.0,1.0,accuracy,133,45,42,1
1,0,1,0,0,0,1,1,1,1,1,1,1,9,1.0,1.0,accuracy,133,45,42,1
1,0,0,1,1,1,1,1,1,1,1,0,0,9,0.9777777777777776,0.9777777777777776,accuracy,133,45,42,2
1,0,0,1,1,1,1,1,1,1,0,1,0,9,0.9777777777777776,0.9777777777777776,accuracy,133,45,42,2
1,0,0,1,1,1,1,1,1,1,0,0,1,9,1.0,1.0,accuracy,133,45,42,1
1,0,0,1,1,1,1,1,1,0,1,1,0,9,0.9777777777777776,0.9777777777777776,accuracy,133,45,42,2
1,0,0,1,1,1,1,1,1,0,1,0,1,9,0.9777777777777776,0.9777777777777776,accuracy,133,45,42,2
1,0,0,1,1,1,1,1,1,0,0,1,1,9,1.0,1.0,accuracy,133,45,42,1
1,0,0,1,1,1,1,1,0,1,1,1,0,9,0.9777777777777776,0.9777777777777776,accuracy,133,45,42,2
1,0,0,1,1,1,1,1,0,1,1,0,1,9,1.0,1.0,accuracy,133,45,42,1
1,0,0,1,1,1,1,1,0,1,0,1,1,9,1.0,1.0,accuracy,133,45,42,1
1,0,0,1,1,1,1,1,0,0,1,1,1,9,0.9777777777777776,0.9777777777777776,accuracy,133,45,42,2
1,0,0,1,1,1,1,0,1,1,1,1,0,9,0.9777777777777776,0.9777777777777776,accuracy,133,45,42,2
1,0,0,1,1,1,1,0,1,1,1,0,1,9,1.0,1.0,accuracy,133,45,42,1
1,0,0,1,1,1,1,0,1,1,0,1,1,9,1.0,1.0,accuracy,133,45,42,1
1,0,0,1,1,1,1,0,1,0,1,1,1,9,0.9777777777777776,0.9777777777777776,accuracy,133,45,42,2
1,0,0,1,1,1,1,0,0,1,1,1,1,9,1.0,1.0,accuracy,133,45,42,1
1,0,0,1,1,1,0,1,1,1,1,1,0,9,0.9777777777777776,0.9777777777777776,accuracy,133,45,42,2
1,0,0,1,1,1,0,1,1,1,1,0,1,9,1.0,1.0,accuracy,133,45,42,1
1,0,0,1,1,1,0,1,1,1,0,1,1,9,1.0,1.0,accuracy,133,45,42,1
1,0,0,1,1,1,0,1,1,0,1,1,1,9,0.9555555555555556,0.9555555555555556,accuracy,133,45,42,3
1,0,0,1,1,1,0,1,0,1,1,1,1,9,1.0,1.0,accuracy,133,45,42,1
1,0,0,1,1,1,0,0,1,1,1,1,1,9,1.0,1.0,accuracy,133,45,42,1
1,0,0,1,1,0,1,1,1,1,1,1,0,9,0.9777777777777776,0.9777777777777776,accuracy,133,45,42,2
1,0,0,1,1,0,1,1,1,1,1,0,1,9,1.0,1.0,accuracy,133,45,42,1
1,0,0,1,1,0,1,1,1,1,0,1,1,9,1.0,1.0,accuracy,133,45,42,1
1,0,0,1,1,0,1,1,1,0,1,1,1,9,0.9777777777777776,0.9777777777777776,accuracy,133,45,42,2
1,0,0,1,1,0,1,1,0,1,1,1,1,9,1.0,1.0,accuracy,133,45,42,1
1,0,0,1,1,0,1,0,1,1,1,1,1,9,1.0,1.0,accuracy,133,45,42,1
1,0,0,1,1,0,0,1,1,1,1,1,1,9,1.0,1.0,accuracy,133,45,42,1
1,0,0,1,0,1,1,1,1,1,1,1,0,9,0.9777777777777776,0.9777777777777776,accuracy,133,45,42,2
1,0,0,1,0,1,1,1,1,1,1,0,1,9,1.0,1.0,accuracy,133,45,42,1
1,0,0,1,0,1,1,1,1,1,0,1,1,9,0.9777777777777776,0.9777777777777776,accuracy,133,45,42,2
1,0,0,1,0,1,1,1,1,0,1,1,1,9,0.9777777777777776,0.9777777777777776,accuracy,133,45,42,2
1,0,0,1,0,1,1,1,0,1,1,1,1,9,0.9777777777777776,0.9777777777777776,accuracy,133,45,42,2
1,0,0,1,0,1,1,0,1,1,1,1,1,9,1.0,1.0,accuracy,133,45,42,1
1,0,0,1,0,1,0,1,1,1,1,1,1,9,1.0,1.0,accuracy,133,45,42,1
1,0,0,1,0,0,1,1,1,1,1,1,1,9,0.9777777777777776,0.9777777777777776,accuracy,133,45,42,2
1,0,0,0,1,1,1,1,1,1,1,1,0,9,0.9777777777777776,0.9777777777777776,accuracy,133,45,42,2
1,0,0,0,1,1,1,1,1,1,1,0,1,9,1.0,1.0,accuracy,133,45,42,1
1,0,0,0,1,1,1,1,1,1,0,1,1,9,1.0,1.0,accuracy,133,45,42,1
1,0,0,0,1,1,1,1,1,0,1,1,1,9,0.9777777777777776,0.9777777777777776,accuracy,133,45,42,2
1,0,0,0,1,1,1,1,0,1,1,1,1,9,1.0,1.0,accuracy,133,45,42,1
1,0,0,0,1,1,1,0,1,1,1,1,1,9,1.0,1.0,accuracy,133,45,42,1
1,0,0,0,1,1,0,1,1,1,1,1,1,9,1.0,1.0,accuracy,133,45,42,1
1,0,0,0,1,0,1,1,1,1,1,1,1,9,1.0,1.0,accuracy,133,45,42,1
1,0,0,0,0,1,1,1,1,1,1,1,1,9,1.0,1.0,accuracy,133,45,42,1
0,1,1,1,1,1,1,1,1,1,0,0,0,9,0.9111111111111112,0.9111111111111112,accuracy,133,45,42,5
0,1,1,1,1,1,1,1,1,0,1,0,0,9,0.9333333333333332,0.9333333333333332,accuracy,133,45,42,4
0,1,1,1,1,1,1,1,1,0,0,1,0,9,0.9333333333333332,0.9333333333333332,accuracy,133,45,42,4
0,1,1,1,1,1,1,1,1,0,0,0,1,9,0.9555555555555556,0.9555555555555556,accuracy,133,45,42,3
0,1,1,1,1,1,1,1,0,1,1,0,0,9,0.9333333333333332,0.9333333333333332,accuracy,133,45,42,4
0,1,1,1,1,1,1,1,0,1,0,1,0,9,0.9333333333333332,0.9333333333333332,accuracy,133,45,42,4
0,1,1,1,1,1,1,1,0,1,0,0,1,9,0.9777777777777776,0.9777777777777776,accuracy,133,45,42,2
0,1,1,1,1,1,1,1,0,0,1,1,0,9,0.9333333333333332,0.9333333333333332,accuracy,133,45,42,4
0,1,1,1,1,1,1,1,0,0,1,0,1,9,0.9555555555555556,0.9555555555555556,accuracy,133,45,42,3
0,1,1,1,1,1,1,1,0,0,0,1,1,9,0.9777777777777776,0.9777777777777776,accuracy,133,45,42,2
0,1,1,1,1,1,1,0,1,1,1,0,0,9,0.9333333333333332,0.9333333333333332,accuracy,133,45,42,4
0,1,1,1,1,1,1,0,1,1,0,1,0,9,0.9333333333333332,0.9333333333333332,accuracy,133,45,42,4
0,1,1,1,1,1,1,0,1,1,0,0,1,9,0.9777777777777776,0.9777777777777776,accuracy,133,45,42,2
0,1,1,1,1,1,1,0,1,0,1,1,0,9,0.9333333333333332,0.9333333333333332,accuracy,133,45,42,4
0,1,1,1,1,1,1,0,1,0,1,0,1,9,0.9777777777777776,0.9777777777777776,accuracy,133,45,42,2
0,1,1,1,1,1,1,0,1,0,0,1,1,9,1.0,1.0,accuracy,133,45,42,1
0,1,1,1,1,1,1,0,0,1,1,1,0,9,0.9555555555555556,0.9555555555555556,accuracy,133,45,42,3
0,1,1,1,1,1,1,0,0,1,1,0,1,9,0.9777777777777776,0.9777777777777776,accuracy,133,45,42,2
0,1,1,1,1,1,1,0,0,1,0,1,1,9,0.9777777777777776,0.9777777777777776,accuracy,133,45,42,2
0,1,1,1,1,1,1,0,0,0,1,1,1,9,0.9777777777777776,0.9777777777777776,accuracy,133,45,42,2
0,1,1,1,1,1,0,1,1,1,1,0,0,9,0.9333333333333332,0.9333333333333332,accuracy,133,45,42,4
0,1,1,1,1,1,0,1,1,1,0,1,0,9,0.9111111111111112,0.9111111111111112,accuracy,133,45,42,5
0,1,1,1,1,1,0,1,1,1,0,0,1,9,0.9333333333333332,0.9333333333333332,accuracy,133,45,42,4
0,1,1,1,1,1,0,1,1,0,1,1,0,9,0.9333333333333332,0.9333333333333332,accuracy,133,45,42,4
0,1,1,1,1,1,0,1,1,0,1,0,1,9,0.9111111111111112,0.9111111111111112,accuracy,133,45,42,5
0,1,1,1,1,1,0,1,1,0,0,1,1,9,0.9555555555555556,0.9555555555555556,accuracy,133,45,42,3
0,1,1,1,1,1,0,1,0,1,1,1,0,9,0.9555555555555556,0.9555555555555556,accuracy,133,45,42,3
0,1,1,1,1,1,0,1,0,1,1,0,1,9,0.9555555555555556,0.9555555555555556,accuracy,133,45,42,3
0,1,1,1,1,1,0,1,0,1,0,1,1,9,0.9555555555555556,0.9555555555555556,accuracy,133,45,42,3
0,1,1,1,1,1,0,1,0,0,1,1,1,9,0.9555555555555556,0.9555555555555556,accuracy,133,45,42,3
0,1,1,1,1,1,0,0,1,1,1,1,0,9,0.9555555555555556,0.9555555555555556,accuracy,133,45,42,3
0,1,1,1,1,1,0,0,1,1,1,0,1,9,0.9777777777777776,0.9777777777777776,accuracy,133,45,42,2
0,1,1,1,1,1,0,0,1,1,0,1,1,9,0.9555555555555556,0.9555555555555556,accuracy,133,45,42,3
0,1,1,1,1,1,0,0,1,0,1,1,1,9,0.9555555555555556,0.9555555555555556,accuracy,133,45,42,3
0,1,1,1,1,1,0,0,0,1,1,1,1,9,0.9777777777777776,0.9777777777777776,accuracy,133,45,42,2
0,1,1,1,1,0,1,1,1,1,1,0,0,9,0.9555555555555556,0.9555555555555556,accuracy,133,45,42,3
0,1,1,1,1,0,1,1,1,1,0,1,0,9,0.9333333333333332,0.9333333333333332,accuracy,133,45,42,4
0,1,1,1,1,0,1,1,1,1,0,0,1,9,0.9777777777777776,0.9777777777777776,accuracy,133,45,42,2
0,1,1,1,1,0,1,1,1,0,1,1,0,9,0.9333333333333332,0.9333333333333332,accuracy,133,45,42,4
0,1,1,1,1,0,1,1,1,0,1,0,1,9,0.9777777777777776,0.9777777777777776,accuracy,133,45,42,2
0,1,1,1,1,0,1,1,1,0,0,1,1,9,0.9777777777777776,0.9777777777777776,accuracy,133,45,42,2
0,1,1,1,1,0,1,1,0,1,1,1,0,9,0.9555555555555556,0.9555555555555556,accuracy,133,45,42,3
0,1,1,1,1,0,1,1,0,1,1,0,1,9,0.9777777777777776,0.9777777777777776,accuracy,133,45,42,2
0,1,1,1,1,0,1,1,0,1,0,1,1,9,0.9777777777777776,0.9777777777777776,accuracy,133,45,42,2
0,1,1,1,1,0,1,1,0,0,1,1,1,9,0.9777777777777776,0.9777777777777776,accuracy,133,45,42,2
0,1,1,1,1,0,1,0,1,1,1,1,0,9,0.9555555555555556,0.9555555555555556,accuracy,133,45,42,3
0,1,1,1,1,0,1,0,1,1,1,0,1,9,0.9777777777777776,0.9777777777777776,accuracy,133,45,42,2
0,1,1,1,1,0,1,0,1,1,0,1,1,9,0.9777777777777776,0.9777777777777776,accuracy,133,45,42,2
0,1,1,1,1,0,1,0,1,0,1,1,1,9,0.9777777777777776,0.9777777777777776,accuracy,133,45,42,2
0,1,1,1,1,0,1,0,0,1,1,1,1,9,0.9777777777777776,0.9777777777777776,accuracy,133,45,42,2
0,1,1,1,1,0,0,1,1,1,1,1,0,9,0.9555555555555556,0.9555555555555556,accuracy,133,45,42,3
0,1,1,1,1,0,0,1,1,1,1,0,1,9,1.0,1.0,accuracy,133,45,42,1
0,1,1,1,1,0,0,1,1,1,0,1,1,9,0.9555555555555556,0.9555555555555556,accuracy,133,45,42,3
0,1,1,1,1,0,0,1,1,0,1,1,1,9,0.9555555555555556,0.9555555555555556,accuracy,133,45,42,3
0,1,1,1,1,0,0,1,0,1,1,1,1,9,0.9777777777777776,0.9777777777777776,accuracy,133,45,42,2
0,1,1,1,1,0,0,0,1,1,1,1,1,9,0.9777777777777776,0.9777777777777776,accuracy,133,45,42,2
0,1,1,1,0,1,1,1,1,1,1,0,0,9,0.9333333333333332,0.9333333333333332,accuracy,133,45,42,4
0,1,1,1,0,1,1,1,1,1,0,1,0,9,0.9111111111111112,0.9111111111111112,accuracy,133,45,42,5
0,1,1,1,0,1,1,1,1,1,0,0,1,9,0.9777777777777776,0.9777777777777776,accuracy,133,45,42,2
0,1,1,1,0,1,1,1,1,0,1,1,0,9,0.8888888888888888,0.8888888888888888,accuracy,133,45,42,6
0,1,1,1,0,1,1,1,1,0,1,0,1,9,0.9777777777777776,0.9777777777777776,accuracy,133,45,42,2
0,1,1,1,0,1,1,1,1,0,0,1,1,9,0.9777777777777776,0.9777777777777776,accuracy,133,45,42,2
0,1,1,1,0,1,1,1,0,1,1,1,0,9,0.9333333333333332,0.9333333333333332,accuracy,133,45,42,4
0,1,1,1,0,1,1,1,0,1,1,0,1,9,0.9777777777777776,0.9777777777777776,accuracy,133,45,42,2
0,1,1,1,0,1,1,1,0,1,0,1,1,9,0.9777777777777776,0.9777777777777776,accuracy,133,45,42,2
0,1,1,1,0,1,1,1,0,0,1,1,1,9,0.9777777777777776,0.9777777777777776,accuracy,133,45,42,2
0,1,1,1,0,1,1,0,1,1,1,1,0,9,0.9333333333333332,0.9333333333333332,accuracy,133,45,42,4
0,1,1,1,0,1,1,0,1,1,1,0,1,9,1.0,1.0,accuracy,133,45,42,1
0,1,1,1,0,1,1,0,1,1,0,1,1,9,0.9777777777777776,0.9777777777777776,accuracy,133,45,42,2
0,1,1,1,0,1,1,0,1,0,1,1,1,9,0.9555555555555556,0.9555555555555556,accuracy,133,45,42,3
0,1,1,1,0,1,1,0,0,1,1,1,1,9,1.0,1.0,accuracy,133,45,42,1
0,1,1,1,0,1,0,1,1,1,1,1,0,9,0.9111111111111112,0.9111111111111112,accuracy,133,45,42,5
0,1,1,1,0,1,0,1,1,1,1,0,1,9,1.0,1.0,accuracy,133,45,42,1
0,1,1,1,0,1,0,1,1,1,0,1,1,9,0.9777777777777776,0.9777777777777776,accuracy,133,45,42,2
0,1,1,1,0,1,0,1,1,0,1,1,1,9,0.9555555555555556,0.9555555555555556,accuracy,133,45,42,3
0,1,1,1,0,1,0,1,0,1,1,1,1,9,0.9777777777777776,0.9777777777777776,accuracy,133,45,42,2
0,1,1,1,0,1,0,0,1,1,1,1,1,9,1.0,1.0,accuracy,133,45,42,1
0,1,1,1,0,0,1,1,1,1,1,1,0,9,0.9333333333333332,0.9333333333333332,accuracy,133,45,42,4
0,1,1,1,0,0,1,1,1,1,1,0,1,9,1.0,1.0,accuracy,133,45,42,1
0,1,1,1,0,0,1,1,1,1,0,1,1,9,0.9777777777777776,0.9777777777777776,accuracy,133,45,42,2
0,1,1,1,0,0,1,1,1,0,1,1,1,9,0.9777777777777776,0.9777777777777776,accuracy,133,45,42,2
0,1,1,1,0,0,1,1,0,1,1,1,1,9,0.9777777777777776,0.9777777777777776,accuracy,133,45,42,2
0,1,1,1,0,0,1,0,1,1,1,1,1,9,1.0,1.0,accuracy,133,45,42,1
0,1,1,1,0,0,0,1,1,1,1,1,1,9,1.0,1.0,accuracy,133,45,42,1
0,1,1,0,1,1,1,1,1,1,1,0,0,9,0.9555555555555556,0.9555555555555556,accuracy,133,45,42,3
0,1,1,0,1,1,1,1,1,1,0,1,0,9,0.9333333333333332,0.9333333333333332,accuracy,133,45,42,4
0,1,1,0,1,1,1,1,1,1,0,0,1,9,0.9777777777777776,0.9777777777777776,accuracy,133,45,42,2
0,1,1,0,1,1,1,1,1,0,1,1,0,9,0.9333333333333332,0.9333333333333332,accuracy,133,45,42,4
0,1,1,0,1,1,1,1,1,0,1,0,1,9,0.9777777777777776,0.9777777777777776,accuracy,133,45,42,2
0,1,1,0,1,1,1,1,1,0,0,1,1,9,0.9777777777777776,0.9777777777777776,accuracy,133,45,42,2
0,1,1,0,1,1,1,1,0,1,1,1,0,9,0.9555555555555556,0.9555555555555556,accuracy,133,45,42,3
0,1,1,0,1,1,1,1,0,1,1,0,1,9,0.9777777777777776,0.9777777777777776,accuracy,133,45,42,2
0,1,1,0,1,1,1,1,0,1,0,1,1,9,0.9777777777777776,0.9777777777777776,accuracy,133,45,42,2
0,1,1,0,1,1,1,1,0,0,1,1,1,9,0.9777777777777776,0.9777777777777776,accuracy,133,45,42,2
0,1,1,0,1,1,1,0,1,1,1,1,0,9,0.9555555555555556,0.9555555555555556,accuracy,133,45,42,3
0,1,1,0,1,1,1,0,1,1,1,0,1,9,0.9777777777777776,0.9777777777777776,accuracy,133,45,42,2
0,1,1,0,1,1,1,0,1,1,0,1,1,9,0.9777777777777776,0.9777777777777776,accuracy,133,45,42,2
0,1,1,0,1,1,1,0,1,0,1,1,1,9,0.9777777777777776,0.9777777777777776,accuracy,133,45,42,2
0,1,1,0,1,1,1,0,0,1,1,1,1,9,0.9777777777777776,0.9777777777777776,accuracy,133,45,42,2
0,1,1,0,1,1,0,1,1,1,1,1,0,9,0.9555555555555556,0.9555555555555556,accuracy,133,45,42,3
0,1,1,0,1,1,0,1,1,1,1,0,1,9,0.9777777777777776,0.9777777777777776,accuracy,133,45,42,2
0,1,1,0,1,1,0,1,1,1,0,1,1,9,0.9777777777777776,0.9777777777777776,accuracy,133,45,42,2
0,1,1,0,1,1,0,1,1,0,1,1,1,9,0.9333333333333332,0.9333333333333332,accuracy,133,45,42,4
0,1,1,0,1,1,0,1,0,1,1,1,1,9,0.9777777777777776,0.9777777777777776,accuracy,133,45,42,2
0,1,1,0,1,1,0,0,1,1,1,1,1,9,0.9777777777777776,0.9777777777777776,accuracy,133,45,42,2
0,1,1,0,1,0,1,1,1,1,1,1,0,9,0.9555555555555556,0.9555555555555556,accuracy,133,45,42,3
0,1,1,0,1,0,1,1,1,1,1,0,1,9,0.9777777777777776,0.9777777777777776,accuracy,133,45,42,2
0,1,1,0,1,0,1,1,1,1,0,1,1,9,0.9777777777777776,0.9777777777777776,accuracy,133,45,42,2
0,1,1,0,1,0,1,1,1,0,1,1,1,9,0.9777777777777776,0.9777777777777776,accuracy,133,45,42,2
0,1,1,0,1,0,1,1,0,1,1,1,1,9,0.9777777777777776,0.9777777777777776,accuracy,133,45,42,2
0,1,1,0,1,0,1,0,1,1,1,1,1,9,0.9777777777777776,0.9777777777777776,accuracy,133,45,42,2
0,1,1,0,1,0,0,1,1,1,1,1,1,9,0.9777777777777776,0.9777777777777776,accuracy,133,45,42,2
0,1,1,0,0,1,1,1,1,1,1,1,0,9,0.9333333333333332,0.9333333333333332,accuracy,133,45,42,4
0,1,1,0,0,1,1,1,1,1,1,0,1,9,1.0,1.0,accuracy,133,45,42,1
0,1,1,0,0,1,1,1,1,1,0,1,1,9,0.9777777777777776,0.9777777777777776,accuracy,133,45,42,2
0,1,1,0,0,1,1,1,1,0,1,1,1,9,0.9555555555555556,0.9555555555555556,accuracy,133,45,42,3
0,1,1,0,0,1,1,1,0,1,1,1,1,9,0.9777777777777776,0.9777777777777776,accuracy,133,45,42,2
0,1,1,0,0,1,1,0,1,1,1,1,1,9,1.0,1.0,accuracy,133,45,42,1
0,1,1,0,0,1,0,1,1,1,1,1,1,9,1.0,1.0,accuracy,133,45,42,1
0,1,1,0,0,0,1,1,1,1,1,1,1,9,0.9777777777777776,0.9777777777777776,accuracy,133,45,42,2
0,1,0,1,1,1,1,1,1,1,1,0,0,9,0.9333333333333332,0.9333333333333332,accuracy,133,45,42,4
0,1,0,1,1,1,1,1,1,1,0,1,0,9,0.9333333333333332,0.9333333333333332,accuracy,133,45,42,4
0,1,0,1,1,1,1,1,1,1,0,0,1,9,0.9777777777777776,0.9777777777777776,accuracy,133,45,42,2
0,1,0,1,1,1,1,1,1,0,1,1,0,9,0.9333333333333332,0.9333333333333332,accuracy,133,45,42,4
0,1,0,1,1,1,1,1,1,0,1,0,1,9,0.9777777777777776,0.9777777777777776,accuracy,133,45,42,2
0,1,0,1,1,1,1,1,1,0,0,1,1,9,0.9777777777777776,0.9777777777777776,accuracy,133,45,42,2
0,1,0,1,1,1,1,1,0,1,1,1,0,9,0.9555555555555556,0.9555555555555556,accuracy,133,45,42,3
0,1,0,1,1,1,1,1,0,1,1,0,1,9,0.9777777777777776,0.9777777777777776,accuracy,133,45,42,2
0,1,0,1,1,1,1,1,0,1,0,1,1,9,0.9777777777777776,0.9777777777777776,accuracy,133,45,42,2
0,1,0,1,1,1,1,1,0,0,1,1,1,9,0.9777777777777776,0.9777777777777776,accuracy,133,45,42,2
0,1,0,1,1,1,1,0,1,1,1,1,0,9,0.9555555555555556,0.9555555555555556,accuracy,133,45,42,3
0,1,0,1,1,1,1,0,1,1,1,0,1,9,0.9777777777777776,0.9777777777777776,accuracy,133,45,42,2
0,1,0,1,1,1,1,0,1,1,0,1,1,9,0.9777777777777776,0.9777777777777776,accuracy,133,45,42,2
0,1,0,1,1,1,1,0,1,0,1,1,1,9,0.9777777777777776,0.9777777777777776,accuracy,133,45,42,2
0,1,0,1,1,1,1,0,0,1,1,1,1,9,0.9777777777777776,0.9777777777777776,accuracy,133,45,42,2
0,1,0,1,1,1,0,1,1,1,1,1,0,9,0.9333333333333332,0.9333333333333332,accuracy,133,45,42,4
0,1,0,1,1,1,0,1,1,1,1,0,1,9,1.0,1.0,accuracy,133,45,42,1
0,1,0,1,1,1,0,1,1,1,0,1,1,9,0.9555555555555556,0.9555555555555556,accuracy,133,45,42,3
0,1,0,1,1,1,0,1,1,0,1,1,1,9,0.9555555555555556,0.9555555555555556,accuracy,133,45,42,3
0,1,0,1,1,1,0,1,0,1,1,1,1,9,0.9777777777777776,0.9777777777777776,accuracy,133,45,42,2
0,1,0,1,1,1,0,0,1,1,1,1,1,9,1.0,1.0,accuracy,133,45,42,1
0,1,0,1,1,0,1,1,1,1,1,1,0,9,0.9555555555555556,0.9555555555555556,accuracy,133,45,42,3
0,1,0,1,1,0,1,1,1,1,1,0,1,9,0.9777777777777776,0.9777777777777776,accuracy,133,45,42,2
0,1,0,1,1,0,1,1,1,1,0,1,1,9,0.9777777777777776,0.9777777777777776,accuracy,133,45,42,2
0,1,0,1,1,0,1,1,1,0,1,1,1,9,0.9777777777777776,0.9777777777777776,accuracy,133,45,42,2
0,1,0,1,1,0,1,1,0,1,1,1,1,9,0.9777777777777776,0.9777777777777776,accuracy,133,45,42,2
0,1,0,1,1,0,1,0,1,1,1,1,1,9,0.9777777777777776,0.9777777777777776,accuracy,133,45,42,2
0,1,0,1,1,0,0,1,1,1,1,1,1,9,1.0,1.0,accuracy,133,45,42,1
0,1,0,1,0,1,1,1,1,1,1,1,0,9,0.9333333333333332,0.9333333333333332,accuracy,133,45,42,4
0,1,0,1,0,1,1,1,1,1,1,0,1,9,1.0,1.0,accuracy,133,45,42,1
0,1,0,1,0,1,1,1,1,1,0,1,1,9,1.0,1.0,accuracy,133,45,42,1
0,1,0,1,0,1,1,1,1,0,1,1,1,9,0.9777777777777776,0.9777777777777776,accuracy,133,45,42,2
0,1,0,1,0,1,1,1,0,1,1,1,1,9,1.0,1.0,accuracy,133,45,42,1
0,1,0,1,0,1,1,0,1,1,1,1,1,9,1.0,1.0,accuracy,133,45,42,1
0,1,0,1,0,1,0,1,1,1,1,1,1,9,1.0,1.0,accuracy,133,45,42,1
0,1,0,1,0,0,1,1,1,1,1,1,1,9,1.0,1.0,accuracy,133,45,42,1
0,1,0,0,1,1,1,1,1,1,1,1,0,9,0.9555555555555556,0.9555555555555556,accuracy,133,45,42,3
0,1,0,0,1,1,1,1,1,1,1,0,1,9,0.9777777777777776,0.9777777777777776,accuracy,133,45,42,2
0,1,0,0,1,1,1,1,1,1,0,1,1,9,0.9777777777777776,0.9777777777777776,accuracy,133,45,42,2
0,1,0,0,1,1,1,1,1,0,1,1,1,9,0.9555555555555556,0.9555555555555556,accuracy,133,45,42,3
0,1,0,0,1,1,1,1,0,1,1,1,1,9,0.9777777777777776,0.9777777777777776,accuracy,133,45,42,2
0,1,0,0,1,1,1,0,1,1,1,1,1,9,0.9777777777777776,0.9777777777777776,accuracy,133,45,42,2
0,1,0,0,1,1,0,1,1,1,1,1,1,9,0.9777777777777776,0.9777777777777776,accuracy,133,45,42,2
0,1,0,0,1,0,1,1,1,1,1,1,1,9,0.9777777777777776,0.9777777777777776,accuracy,133,45,42,2
0,1,0,0,0,1,1,1,1,1,1,1,1,9,0.9777777777777776,0.9777777777777776,accuracy,133,45,42,2
0,0,1,1,1,1,1,1,1,1,1,0,0,9,0.9333333333333332,0.9333333333333332,accuracy,133,45,42,4
0,0,1,1,1,1,1,1,1,1,0,1,0,9,0.9777777777777776,0.9777777777777776,accuracy,133,45,42,2
0,0,1,1,1,1,1,1,1,1,0,0,1,9,0.9777777777777776,0.9777777777777776,accuracy,133,45,42,2
0,0,1,1,1,1,1,1,1,0,1,1,0,9,0.9333333333333332,0.9333333333333332,accuracy,133,45,42,4
0,0,1,1,1,1,1,1,1,0,1,0,1,9,0.9555555555555556,0.9555555555555556,accuracy,133,45,42,3
0,0,1,1,1,1,1,1,1,0,0,1,1,9,0.9777777777777776,0.9777777777777776,accuracy,133,45,42,2
0,0,1,1,1,1,1,1,0,1,1,1,0,9,0.9111111111111112,0.9111111111111112,accuracy,133,45,42,5
0,0,1,1,1,1,1,1,0,1,1,0,1,9,1.0,1.0,accuracy,133,45,42,1
0,0,1,1,1,1,1,1,0,1,0,1,1,9,0.9777777777777776,0.9777777777777776,accuracy,133,45,42,2
0,0,1,1,1,1,1,1,0,0,1,1,1,9,0.9555555555555556,0.9555555555555556,accuracy,133,45,42,3
0,0,1,1,1,1,1,0,1,1,1,1,0,9,0.9333333333333332,0.9333333333333332,accuracy,133,45,42,4
0,0,1,1,1,1,1,0,1,1,1,0,1,9,1.0,1.0,accuracy,133,45,42,1
0,0,1,1,1,1,1,0,1,1,0,1,1,9,0.9777777777777776,0.9777777777777776,accuracy,133,45,42,2
0,0,1,1,1,1,1,0,1,0,1,1,1,9,0.9555555555555556,0.9555555555555556,accuracy,133,45,42,3
0,0,1,1,1,1,1,0,0,1,1,1,1,9,1.0,1.0,accuracy,133,45,42,1
0,0,1,1,1,1,0,1,1,1,1,1,0,9,0.9555555555555556,0.9555555555555556,accuracy,133,45,42,3
0,0,1,1,1,1,0,1,1,1,1,0,1,9,0.9777777777777776,0.9777777777777776,accuracy,133,45,42,2
0,0,1,1,1,1,0,1,1,1,0,1,1,9,0.9777777777777776,0.9777777777777776,accuracy,133,45,42,2
0,0,1,1,1,1,0,1,1,0,1,1,1,9,0.9555555555555556,0.9555555555555556,accuracy,133,45,42,3
0,0,1,1,1,1,0,1,0,1,1,1,1,9,0.9777777777777776,0.9777777777777776,accuracy,133,45,42,2
0,0,1,1,1,1,0,0,1,1,1,1,1,9,0.9777777777777776,0.9777777777777776,accuracy,133,45,42,2
0,0,1,1,1,0,1,1,1,1,1,1,0,9,0.9333333333333332,0.9333333333333332,accuracy,133,45,42,4
0,0,1,1,1,0,1,1,1,1,1,0,1,9,1.0,1.0,accuracy,133,45,42,1
0,0,1,1,1,0,1,1,1,1,0,1,1,9,0.9777777777777776,0.9777777777777776,accuracy,133,45,42,2
0,0,1,1,1,0,1,1,1,0,1,1,1,9,0.9555555555555556,0.9555555555555556,accuracy,133,45,42,3
0,0,1,1,1,0,1,1,0,1,1,1,1,9,1.0,1.0,accuracy,133,45,42,1
0,0,1,1,1,0,1,0,1,1,1,1,1,9,1.0,1.0,accuracy,133,45,42,1
0,0,1,1,1,0,0,1,1,1,1,1,1,9,1.0,1.0,accuracy,133,45,42,1
0,0,1,1,0,1,1,1,1,1,1,1,0,9,0.9111111111111112,0.9111111111111112,accuracy,133,45,42,5
0,0,1,1,0,1,1,1,1,1,1,0,1,9,1.0,1.0,accuracy,133,45,42,1
0,0,1,1,0,1,1,1,1,1,0,1,1,9,1.0,1.0,accuracy,133,45,42,1
0,0,1,1,0,1,1,1,1,0,1,1,1,9,0.9555555555555556,0.9555555555555556,accuracy,133,45,42,3
0,0,1,1,0,1,1,1,0,1,1,1,1,9,1.0,1.0,accuracy,133,45,42,1
0,0,1,1,0,1,1,0,1,1,1,1,1,9,1.0,1.0,accuracy,133,45,42,1
0,0,1,1,0,1,0,1,1,1,1,1,1,9,1.0,1.0,accuracy,133,45,42,1
0,0,1,1,0,0,1,1,1,1,1,1,1,9,1.0,1.0,accuracy,133,45,42,1
0,0,1,0,1,1,1,1,1,1,1,1,0,9,0.9555555555555556,0.9555555555555556,accuracy,133,45,42,3
0,0,1,0,1,1,1,1,1,1,1,0,1,9,1.0,1.0,accuracy,133,45,42,1
0,0,1,0,1,1,1,1,1,1,0,1,1,9,0.9777777777777776,0.9777777777777776,accuracy,133,45,42,2
0,0,1,0,1,1,1,1,1,0,1,1,1,9,0.9555555555555556,0.9555555555555556,accuracy,133,45,42,3
0,0,1,0,1,1,1,1,0,1,1,1,1,9,0.9777777777777776,0.9777777777777776,accuracy,133,45,42,2
0,0,1,0,1,1,1,0,1,1,1,1,1,9,0.9777777777777776,0.9777777777777776,accuracy,133,45,42,2
0,0,1,0,1,1,0,1,1,1,1,1,1,9,0.9777777777777776,0.9777777777777776,accuracy,133,45,42,2
0,0,1,0,1,0,1,1,1,1,1,1,1,9,1.0,1.0,accuracy,133,45,42,1
0,0,1,0,0,1,1,1,1,1,1,1,1,9,1.0,1.0,accuracy,133,45,42,1
0,0,0,1,1,1,1,1,1,1,1,1,0,9,0.9333333333333332,0.9333333333333332,accuracy,133,45,42,4
0,0,0,1,1,1,1,1,1,1,1,0,1,9,1.0,1.0,accuracy,133,45,42,1
0,0,0,1,1,1,1,1,1,1,0,1,1,9,1.0,1.0,accuracy,133,45,42,1
0,0,0,1,1,1,1,1,1,0,1,1,1,9,0.9555555555555556,0.9555555555555556,accuracy,133,45,42,3
0,0,0,1,1,1,1,1,0,1,1,1,1,9,1.0,1.0,accuracy,133,45,42,1
0,0,0,1,1,1,1,0,1,1,1,1,1,9,1.0,1.0,accuracy,133,45,42,1
0,0,0,1,1,1,0,1,1,1,1,1,1,9,1.0,1.0,accuracy,133,45,42,1
0,0,0,1,1,0,1,1,1,1,1,1,1,9,1.0,1.0,accuracy,133,45,42,1
0,0,0,1,0,1,1,1,1,1,1,1,1,9,1.0,1.0,accuracy,133,45,42,1
0,0,0,0,1,1,1,1,1,1,1,1,1,9,1.0,1.0,accuracy,133,45,42,1
1,1,1,1,1,1,1,1,1,1,0,0,0,10,0.9555555555555556,0.9555555555555556,accuracy,133,45,42,3
1,1,1,1,1,1,1,1,1,0,1,0,0,10,0.9777777777777776,0.9777777777777776,accuracy,133,45,42,2
1,1,1,1,1,1,1,1,1,0,0,1,0,10,0.9777777777777776,0.9777777777777776,accuracy,133,45,42,2
1,1,1,1,1,1,1,1,1,0,0,0,1,10,0.9333333333333332,0.9333333333333332,accuracy,133,45,42,4
1,1,1,1,1,1,1,1,0,1,1,0,0,10,0.9555555555555556,0.9555555555555556,accuracy,133,45,42,3
1,1,1,1,1,1,1,1,0,1,0,1,0,10,0.9555555555555556,0.9555555555555556,accuracy,133,45,42,3
1,1,1,1,1,1,1,1,0,1,0,0,1,10,1.0,1.0,accuracy,133,45,42,1
1,1,1,1,1,1,1,1,0,0,1,1,0,10,0.9777777777777776,0.9777777777777776,accuracy,133,45,42,2
1,1,1,1,1,1,1,1,0,0,1,0,1,10,0.9777777777777776,0.9777777777777776,accuracy,133,45,42,2
1,1,1,1,1,1,1,1,0,0,0,1,1,10,1.0,1.0,accuracy,133,45,42,1
1,1,1,1,1,1,1,0,1,1,1,0,0,10,0.9555555555555556,0.9555555555555556,accuracy,133,45,42,3
1,1,1,1,1,1,1,0,1,1,0,1,0,10,0.9555555555555556,0.9555555555555556,accuracy,133,45,42,3
1,1,1,1,1,1,1,0,1,1,0,0,1,10,1.0,1.0,accuracy,133,45,42,1
1,1,1,1,1,1,1,0,1,0,1,1,0,10,0.9777777777777776,0.9777777777777776,accuracy,133,45,42,2
1,1,1,1,1,1,1,0,1,0,1,0,1,10,0.9777777777777776,0.9777777777777776,accuracy,133,45,42,2
1,1,1,1,1,1,1,0,1,0,0,1,1,10,1.0,1.0,accuracy,133,45,42,1
1,1,1,1,1,1,1,0,0,1,1,1,0,10,0.9555555555555556,0.9555555555555556,accuracy,133,45,42,3
1,1,1,1,1,1,1,0,0,1,1,0,1,10,1.0,1.0,accuracy,133,45,42,1
1,1,1,1,1,1,1,0,0,1,0,1,1,10,1.0,1.0,accuracy,133,45,42,1
1,1,1,1,1,1,1,0,0,0,1,1,1,10,0.9777777777777776,0.9777777777777776,accuracy,133,45,42,2
1,1,1,1,1,1,0,1,1,1,1,0,0,10,0.9333333333333332,0.9333333333333332,accuracy,133,45,42,4
1,1,1,1,1,1,0,1,1,1,0,1,0,10,0.9333333333333332,0.9333333333333332,accuracy,133,45,42,4
1,1,1,1,1,1,0,1,1,1,0,0,1,10,0.9777777777777776,0.9777777777777776,accuracy,133,45,42,2
1,1,1,1,1,1,0,1,1,0,1,1,0,10,0.9777777777777776,0.9777777777777776,accuracy,133,45,42,2
1,1,1,1,1,1,0,1,1,0,1,0,1,10,0.9555555555555556,0.9555555555555556,accuracy,133,45,42,3
1,1,1,1,1,1,0,1,1,0,0,1,1,10,0.9555555555555556,0.9555555555555556,accuracy,133,45,42,3
1,1,1,1,1,1,0,1,0,1,1,1,0,10,0.9555555555555556,0.9555555555555556,accuracy,133,45,42,3
1,1,1,1,1,1,0,1,0,1,1,0,1,10,0.9777777777777776,0.9777777777777776,accuracy,133,45,42,2
1,1,1,1,1,1,0,1,0,1,0,1,1,10,1.0,1.0,accuracy,133,45,42,1
1,1,1,1,1,1,0,1,0,0,1,1,1,10,0.9777777777777776,0.9777777777777776,accuracy,133,45,42,2
1,1,1,1,1,1,0,0,1,1,1,1,0,10,0.9555555555555556,0.9555555555555556,accuracy,133,45,42,3
1,1,1,1,1,1,0,0,1,1,1,0,1,10,1.0,1.0,accuracy,133,45,42,1
1,1,1,1,1,1,0,0,1,1,0,1,1,10,0.9777777777777776,0.9777777777777776,accuracy,133,45,42,2
1,1,1,1,1,1,0,0,1,0,1,1,1,10,0.9777777777777776,0.9777777777777776,accuracy,133,45,42,2
1,1,1,1,1,1,0,0,0,1,1,1,1,10,1.0,1.0,accuracy,133,45,42,1
1,1,1,1,1,0,1,1,1,1,1,0,0,10,0.9555555555555556,0.9555555555555556,accuracy,133,45,42,3
1,1,1,1,1,0,1,1,1,1,0,1,0,10,0.9555555555555556,0.9555555555555556,accuracy,133,45,42,3
1,1,1,1,1,0,1,1,1,1,0,0,1,10,1.0,1.0,accuracy,133,45,42,1
1,1,1,1,1,0,1,1,1,0,1,1,0,10,0.9777777777777776,0.9777777777777776,accuracy,133,45,42,2
1,1,1,1,1,0,1,1,1,0,1,0,1,10,0.9777777777777776,0.9777777777777776,accuracy,133,45,42,2
1,1,1,1,1,0,1,1,1,0,0,1,1,10,0.9777777777777776,0.9777777777777776,accuracy,133,45,42,2
1,1,1,1,1,0,1,1,0,1,1,1,0,10,0.9555555555555556,0.9555555555555556,accuracy,133,45,42,3
1,1,1,1,1,0,1,1,0,1,1,0,1,10,1.0,1.0,accuracy,133,45,42,1
1,1,1,1,1,0,1,1,0,1,0,1,1,10,1.0,1.0,accuracy,133,45,42,1
1,1,1,1,1,0,1,1,0,0,1,1,1,10,0.9777777777777776,0.9777777777777776,accuracy,133,45,42,2
1,1,1,1,1,0,1,0,1,1,1,1,0,10,0.9555555555555556,0.9555555555555556,accuracy,133,45,42,3
1,1,1,1,1,0,1,0,1,1,1,0,1,10,1.0,1.0,accuracy,133,45,42,1
1,1,1,1,1,0,1,0,1,1,0,1,1,10,1.0,1.0,accuracy,133,45,42,1
1,1,1,1,1,0,1,0,1,0,1,1,1,10,0.9777777777777776,0.9777777777777776,accuracy,133,45,42,2
1,1,1,1,1,0,1,0,0,1,1,1,1,10,1.0,1.0,accuracy,133,45,42,1
1,1,1,1,1,0,0,1,1,1,1,1,0,10,0.9333333333333332,0.9333333333333332,accuracy,133,45,42,4
1,1,1,1,1,0,0,1,1,1,1,0,1,10,1.0,1.0,accuracy,133,45,42,1
1,1,1,1,1,0,0,1,1,1,0,1,1,10,1.0,1.0,accuracy,133,45,42,1
1,1,1,1,1,0,0,1,1,0,1,1,1,10,0.9777777777777776,0.9777777777777776,accuracy,133,45,42,2
1,1,1,1,1,0,0,1,0,1,1,1,1,10,1.0,1.0,accuracy,133,45,42,1
1,1,1,1,1,0,0,0,1,1,1,1,1,10,1.0,1.0,accuracy,133,45,42,1
1,1,1,1,0,1,1,1,1,1,1,0,0,10,0.9333333333333332,0.9333333333333332,accuracy,133,45,42,4
1,1,1,1,0,1,1,1,1,1,0,1,0,10,0.9333333333333332,0.9333333333333332,accuracy,133,45,42,4
1,1,1,1,0,1,1,1,1,1,0,0,1,10,1.0,1.0,accuracy,133,45,42,1
1,1,1,1,0,1,1,1,1,0,1,1,0,10,0.9555555555555556,0.9555555555555556,accuracy,133,45,42,3
1,1,1,1,0,1,1,1,1,0,1,0,1,10,0.9777777777777776,0.9777777777777776,accuracy,133,45,42,2
1,1,1,1,0,1,1,1,1,0,0,1,1,10,0.9777777777777776,0.9777777777777776,accuracy,133,45,42,2
1,1,1,1,0,1,1,1,0,1,1,1,0,10,0.9333333333333332,0.9333333333333332,accuracy,133,45,42,4
1,1,1,1,0,1,1,1,0,1,1,0,1,10,1.0,1.0,accuracy,133,45,42,1
1,1,1,1,0,1,1,1,0,1,0,1,1,10,1.0,1.0,accuracy,133,45,42,1
1,1,1,1,0,1,1,1,0,0,1,1,1,10,0.9777777777777776,0.9777777777777776,accuracy,133,45,42,2
1,1,1,1,0,1,1,0,1,1,1,1,0,10,0.9555555555555556,0.9555555555555556,accuracy,133,45,42,3
1,1,1,1,0,1,1,0,1,1,1,0,1,10,1.0,1.0,accuracy,133,45,42,1
1,1,1,1,0,1,1,0,1,1,0,1,1,10,1.0,1.0,accuracy,133,45,42,1
1,1,1,1,0,1,1,0,1,0,1,1,1,10,0.9777777777777776,0.9777777777777776,accuracy,133,45,42,2
1,1,1,1,0,1,1,0,0,1,1,1,1,10,1.0,1.0,accuracy,133,45,42,1
1,1,1,1,0,1,0,1,1,1,1,1,0,10,0.9333333333333332,0.9333333333333332,accuracy,133,45,42,4
1,1,1,1,0,1,0,1,1,1,1,0,1,10,1.0,1.0,accuracy,133,45,42,1
1,1,1,1,0,1,0,1,1,1,0,1,1,10,1.0,1.0,accuracy,133,45,42,1
1,1,1,1,0,1,0,1,1,0,1,1,1,10,0.9777777777777776,0.9777777777777776,accuracy,133,45,42,2
1,1,1,1,0,1,0,1,0,1,1,1,1,10,1.0,1.0,accuracy,133,45,42,1
1,1,1,1,0,1,0,0,1,1,1,1,1,10,1.0,1.0,accuracy,133,45,42,1
1,1,1,1,0,0,1,1,1,1,1,1,0,10,0.9555555555555556,0.9555555555555556,accuracy,133,45,42,3
1,1,1,1,0,0,1,1,1,1,1,0,1,10,1.0,1.0,accuracy,133,45,42,1
1,1,1,1,0,0,1,1,1,1,0,1,1,10,1.0,1.0,accuracy,133,45,42,1
1,1,1,1,0,0,1,1,1,0,1,1,1,10,0.9777777777777776,0.9777777777777776,accuracy,133,45,42,2
1,1,1,1,0,0,1,1,0,1,1,1,1,10,1.0,1.0,accuracy,133,45,42,1
1,1,1,1,0,0,1,0,1,1,1,1,1,10,1.0,1.0,accuracy,133,45,42,1
1,1,1,1,0,0,0,1,1,1,1,1,1,10,1.0,1.0,accuracy,133,45,42,1
1,1,1,0,1,1,1,1,1,1,1,0,0,10,0.9555555555555556,0.9555555555555556,accuracy,133,45,42,3
1,1,1,0,1,1,1,1,1,1,0,1,0,10,0.9555555555555556,0.9555555555555556,accuracy,133,45,42,3
1,1,1,0,1,1,1,1,1,1,0,0,1,10,1.0,1.0,accuracy,133,45,42,1
1,1,1,0,1,1,1,1,1,0,1,1,0,10,0.9555555555555556,0.9555555555555556,accuracy,133,45,42,3
1,1,1,0,1,1,1,1,1,0,1,0,1,10,0.9777777777777776,0.9777777777777776,accuracy,133,45,42,2
1,1,1,0,1,1,1,1,1,0,0,1,1,10,0.9777777777777776,0.9777777777777776,accuracy,133,45,42,2
1,1,1,0,1,1,1,1,0,1,1,1,0,10,0.9555555555555556,0.9555555555555556,accuracy,133,45,42,3
1,1,1,0,1,1,1,1,0,1,1,0,1,10,1.0,1.0,accuracy,133,45,42,1
1,1,1,0,1,1,1,1,0,1,0,1,1,10,1.0,1.0,accuracy,133,45,42,1
1,1,1,0,1,1,1,1,0,0,1,1,1,10,0.9777777777777776,0.9777777777777776,accuracy,133,45,42,2
1,1,1,0,1,1,1,0,1,1,1,1,0,10,0.9555555555555556,0.9555555555555556,accuracy,133,45,42,3
1,1,1,0,1,1,1,0,1,1,1,0,1,10,1.0,1.0,accuracy,133,45,42,1
1,1,1,0,1,1,1,0,1,1,0,1,1,10,1.0,1.0,accuracy,133,45,42,1
1,1,1,0,1,1,1,0,1,0,1,1,1,10,0.9777777777777776,0.9777777777777776,accuracy,133,45,42,2
1,1,1,0,1,1,1,0,0,1,1,1,1,10,1.0,1.0,accuracy,133,45,42,1
1,1,1,0,1,1,0,1,1,1,1,1,0,10,0.9333333333333332,0.9333333333333332,accuracy,133,45,42,4
1,1,1,0,1,1,0,1,1,1,1,0,1,10,1.0,1.0,accuracy,133,45,42,1
1,1,1,0,1,1,0,1,1,1,0,1,1,10,1.0,1.0,accuracy,133,45,42,1
1,1,1,0,1,1,0,1,1,0,1,1,1,10,0.9777777777777776,0.9777777777777776,accuracy,133,45,42,2
1,1,1,0,1,1,0,1,0,1,1,1,1,10,1.0,1.0,accuracy,133,45,42,1
1,1,1,0,1,1,0,0,1,1,1,1,1,10,1.0,1.0,accuracy,133,45,42,1
1,1,1,0,1,0,1,1,1,1,1,1,0,10,0.9555555555555556,0.9555555555555556,accuracy,133,45,42,3
1,1,1,0,1,0,1,1,1,1,1,0,1,10,1.0,1.0,accuracy,133,45,42,1
1,1,1,0,1,0,1,1,1,1,0,1,1,10,1.0,1.0,accuracy,133,45,42,1
1,1,1,0,1,0,1,1,1,0,1,1,1,10,0.9777777777777776,0.9777777777777776,accuracy,133,45,42,2
1,1,1,0,1,0,1,1,0,1,1,1,1,10,1.0,1.0,accuracy,133,45,42,1
1,1,1,0,1,0,1,0,1,1,1,1,1,10,1.0,1.0,accuracy,133,45,42,1
1,1,1,0,1,0,0,1,1,1,1,1,1,10,1.0,1.0,accuracy,133,45,42,1
1,1,1,0,0,1,1,1,1,1,1,1,0,10,0.9111111111111112,0.9111111111111112,accuracy,133,45,42,5
1,1,1,0,0,1,1,1,1,1,1,0,1,10,1.0,1.0,accuracy,133,45,42,1
1,1,1,0,0,1,1,1,1,1,0,1,1,10,1.0,1.0,accuracy,133,45,42,1
1,1,1,0,0,1,1,1,1,0,1,1,1,10,0.9777777777777776,0.9777777777777776,accuracy,133,45,42,2
1,1,1,0,0,1,1,1,0,1,1,1,1,10,1.0,1.0,accuracy,133,45,42,1
1,1,1,0,0,1,1,0,1,1,1,1,1,10,1.0,1.0,accuracy,133,45,42,1
1,1,1,0,0,1,0,1,1,1,1,1,1,10,1.0,1.0,accuracy,133,45,42,1
1,1,1,0,0,0,1,1,1,1,1,1,1,10,1.0,1.0,accuracy,133,45,42,1
1,1,0,1,1,1,1,1,1,1,1,0,0,10,0.9333333333333332,0.9333333333333332,accuracy,133,45,42,4
1,1,0,1,1,1,1,1,1,1,0,1,0,10,0.9555555555555556,0.9555555555555556,accuracy,133,45,42,3
1,1,0,1,1,1,1,1,1,1,0,0,1,10,1.0,1.0,accuracy,133,45,42,1
1,1,0,1,1,1,1,1,1,0,1,1,0,10,0.9555555555555556,0.9555555555555556,accuracy,133,45,42,3
1,1,0,1,1,1,1,1,1,0,1,0,1,10,0.9777777777777776,0.9777777777777776,accuracy,133,45,42,2
1,1,0,1,1,1,1,1,1,0,0,1,1,10,1.0,1.0,accuracy,133,45,42,1
1,1,0,1,1,1,1,1,0,1,1,1,0,10,0.9555555555555556,0.9555555555555556,accuracy,133,45,42,3
1,1,0,1,1,1,1,1,0,1,1,0,1,10,1.0,1.0,accuracy,133,45,42,1
1,1,0,1,1,1,1,1,0,1,0,1,1,10,1.0,1.0,accuracy,133,45,42,1
1,1,0,1,1,1,1,1,0,0,1,1,1,10,0.9777777777777776,0.9777777777777776,accuracy,133,45,42,2
1,1,0,1,1,1,1,0,1,1,1,1,0,10,0.9555555555555556,0.9555555555555556,accuracy,133,45,42,3
1,1,0,1,1,1,1,0,1,1,1,0,1,10,1.0,1.0,accuracy,133,45,42,1
1,1,0,1,1,1,1,0,1,1,0,1,1,10,1.0,1.0,accuracy,133,45,42,1
1,1,0,1,1,1,1,0,1,0,1,1,1,10,0.9777777777777776,0.9777777777777776,accuracy,133,45,42,2
1,1,0,1,1,1,1,0,0,1,1,1,1,10,1.0,1.0,accuracy,133,45,42,1
1,1,0,1,1,1,0,1,1,1,1,1,0,10,0.9555555555555556,0.9555555555555556,accuracy,133,45,42,3
1,1,0,1,1,1,0,1,1,1,1,0,1,10,1.0,1.0,accuracy,133,45,42,1
1,1,0,1,1,1,0,1,1,1,0,1,1,10,1.0,1.0,accuracy,133,45,42,1
1,1,0,1,1,1,0,1,1,0,1,1,1,10,0.9777777777777776,0.9777777777777776,accuracy,133,45,42,2
1,1,0,1,1,1,0,1,0,1,1,1,1,10,1.0,1.0,accuracy,133,45,42,1
1,1,0,1,1,1,0,0,1,1,1,1,1,10,1.0,1.0,accuracy,133,45,42,1
1,1,0,1,1,0,1,1,1,1,1,1,0,10,0.9555555555555556,0.9555555555555556,accuracy,133,45,42,3
1,1,0,1,1,0,1,1,1,1,1,0,1,10,1.0,1.0,accuracy,133,45,42,1
1,1,0,1,1,0,1,1,1,1,0,1,1,10,1.0,1.0,accuracy,133,45,42,1
1,1,0,1,1,0,1,1,1,0,1,1,1,10,0.9777777777777776,0.9777777777777776,accuracy,133,45,42,2
1,1,0,1,1,0,1,1,0,1,1,1,1,10,1.0,1.0,accuracy,133,45,42,1
1,1,0,1,1,0,1,0,1,1,1,1,1,10,1.0,1.0,accuracy,133,45,42,1
1,1,0,1,1,0,0,1,1,1,1,1,1,10,1.0,1.0,accuracy,133,45,42,1
1,1,0,1,0,1,1,1,1,1,1,1,0,10,0.9555555555555556,0.9555555555555556,accuracy,133,45,42,3
1,1,0,1,0,1,1,1,1,1,1,0,1,10,1.0,1.0,accuracy,133,45,42,1
1,1,0,1,0,1,1,1,1,1,0,1,1,10,1.0,1.0,accuracy,133,45,42,1
1,1,0,1,0,1,1,1,1,0,1,1,1,10,0.9777777777777776,0.9777777777777776,accuracy,133,45,42,2
1,1,0,1,0,1,1,1,0,1,1,1,1,10,1.0,1.0,accuracy,133,45,42,1
1,1,0,1,0,1,1,0,1,1,1,1,1,10,1.0,1.0,accuracy,133,45,42,1
1,1,0,1,0,1,0,1,1,1,1,1,1,10,1.0,1.0,accuracy,133,45,42,1
1,1,0,1,0,0,1,1,1,1,1,1,1,10,1.0,1.0,accuracy,133,45,42,1
1,1,0,0,1,1,1,1,1,1,1,1,0,10,0.9555555555555556,0.9555555555555556,accuracy,133,45,42,3
1,1,0,0,1,1,1,1,1,1,1,0,1,10,1.0,1.0,accuracy,133,45,42,1
1,1,0,0,1,1,1,1,1,1,0,1,1,10,1.0,1.0,accuracy,133,45,42,1
1,1,0,0,1,1,1,1,1,0,1,1,1,10,0.9777777777777776,0.9777777777777776,accuracy,133,45,42,2
1,1,0,0,1,1,1,1,0,1,1,1,1,10,1.0,1.0,accuracy,133,45,42,1
1,1,0,0,1,1,1,0,1,1,1,1,1,10,1.0,1.0,accuracy,133,45,42,1
1,1,0,0,1,1,0,1,1,1,1,1,1,10,1.0,1.0,accuracy,133,45,42,1
1,1,0,0,1,0,1,1,1,1,1,1,1,10,1.0,1.0,accuracy,133,45,42,1
1,1,0,0,0,1,1,1,1,1,1,1,1,10,1.0,1.0,accuracy,133,45,42,1
1,0,1,1,1,1,1,1,1,1,1,0,0,10,0.9777777777777776,0.9777777777777776,accuracy,133,45,42,2
1,0,1,1,1,1,1,1,1,1,0,1,0,10,0.9777777777777776,0.9777777777777776,accuracy,133,45,42,2
1,0,1,1,1,1,1,1,1,1,0,0,1,10,1.0,1.0,accuracy,133,45,42,1
1,0,1,1,1,1,1,1,1,0,1,1,0,10,0.9777777777777776,0.9777777777777776,accuracy,133,45,42,2
1,0,1,1,1,1,1,1,1,0,1,0,1,10,0.9777777777777776,0.9777777777777776,accuracy,133,45,42,2
1,0,1,1,1,1,1,1,1,0,0,1,1,10,1.0,1.0,accuracy,133,45,42,1
1,0,1,1,1,1,1,1,0,1,1,1,0,10,0.9777777777777776,0.9777777777777776,accuracy,133,45,42,2
1,0,1,1,1,1,1,1,0,1,1,0,1,10,1.0,1.0,accuracy,133,45,42,1
1,0,1,1,1,1,1,1,0,1,0,1,1,10,1.0,1.0,accuracy,133,45,42,1
1,0,1,1,1,1,1,1,0,0,1,1,1,10,0.9777777777777776,0.9777777777777776,accuracy,133,45,42,2
1,0,1,1,1,1,1,0,1,1,1,1,0,10,0.9777777777777776,0.9777777777777776,accuracy,133,45,42,2
1,0,1,1,1,1,1,0,1,1,1,0,1,10,1.0,1.0,accuracy,133,45,42,1
1,0,1,1,1,1,1,0,1,1,0,1,1,10,1.0,1.0,accuracy,133,45,42,1
1,0,1,1,1,1,1,0,1,0,1,1,1,10,0.9777777777777776,0.9777777777777776,accuracy,133,45,42,2
1,0,1,1,1,1,1,0,0,1,1,1,1,10,1.0,1.0,accuracy,133,45,42,1
1,0,1,1,1,1,0,1,1,1,1,1,0,10,0.9777777777777776,0.9777777777777776,accuracy,133,45,42,2
1,0,1,1,1,1,0,1,1,1,1,0,1,10,1.0,1.0,accuracy,133,45,42,1
1,0,1,1,1,1,0,1,1,1,0,1,1,10,1.0,1.0,accuracy,133,45,42,1
1,0,1,1,1,1,0,1,1,0,1,1,1,10,0.9777777777777776,0.9777777777777776,accuracy,133,45,42,2
1,0,1,1,1,1,0,1,0,1,1,1,1,10,1.0,1.0,accuracy,133,45,42,1
1,0,1,1,1,1,0,0,1,1,1,1,1,10,1.0,1.0,accuracy,133,45,42,1
1,0,1,1,1,0,1,1,1,1,1,1,0,10,0.9777777777777776,0.9777777777777776,accuracy,133,45,42,2
1,0,1,1,1,0,1,1,1,1,1,0,1,10,1.0,1.0,accuracy,133,45,42,1
1,0,1,1,1,0,1,1,1,1,0,1,1,10,1.0,1.0,accuracy,133,45,42,1
1,0,1,1,1,0,1,1,1,0,1,1,1,10,0.9777777777777776,0.9777777777777776,accuracy,133,45,42,2
1,0,1,1,1,0,1,1,0,1,1,1,1,10,1.0,1.0,accuracy,133,45,42,1
1,0,1,1,1,0,1,0,1,1,1,1,1,10,1.0,1.0,accuracy,133,45,42,1
1,0,1,1,1,0,0,1,1,1,1,1,1,10,1.0,1.0,accuracy,133,45,42,1
1,0,1,1,0,1,1,1,1,1,1,1,0,10,0.9777777777777776,0.9777777777777776,accuracy,133,45,42,2
1,0,1,1,0,1,1,1,1,1,1,0,1,10,1.0,1.0,accuracy,133,45,42,1
1,0,1,1,0,1,1,1,1,1,0,1,1,10,0.9777777777777776,0.9777777777777776,accuracy,133,45,42,2
1,0,1,1,0,1,1,1,1,0,1,1,1,10,0.9777777777777776,0.9777777777777776,accuracy,133,45,42,2
1,0,1,1,0,1,1,1,0,1,1,1,1,10,1.0,1.0,accuracy,133,45,42,1
1,0,1,1,0,1,1,0,1,1,1,1,1,10,1.0,1.0,accuracy,133,45,42,1
1,0,1,1,0,1,0,1,1,1,1,1,1,10,1.0,1.0,accuracy,133,45,42,1
1,0,1,1,0,0,1,1,1,1,1,1,1,10,1.0,1.0,accuracy,133,45,42,1
1,0,1,0,1,1,1,1,1,1,1,1,0,10,0.9777777777777776,0.9777777777777776,accuracy,133,45,42,2
1,0,1,0,1,1,1,1,1,1,1,0,1,10,1.0,1.0,accuracy,133,45,42,1
1,0,1,0,1,1,1,1,1,1,0,1,1,10,1.0,1.0,accuracy,133,45,42,1
1,0,1,0,1,1,1,1,1,0,1,1,1,10,0.9777777777777776,0.9777777777777776,accuracy,133,45,42,2
1,0,1,0,1,1,1,1,0,1,1,1,1,10,1.0,1.0,accuracy,133,45,42,1
1,0,1,0,1,1,1,0,1,1,1,1,1,10,1.0,1.0,accuracy,133,45,42,1
1,0,1,0,1,1,0,1,1,1,1,1,1,10,1.0,1.0,accuracy,133,45,42,1
1,0,1,0,1,0,1,1,1,1,1,1,1,10,1.0,1.0,accuracy,133,45,42,1
1,0,1,0,0,1,1,1,1,1,1,1,1,10,1.0,1.0,accuracy,133,45,42,1
1,0,0,1,1,1,1,1,1,1,1,1,0,10,0.9777777777777776,0.9777777777777776,accuracy,133,45,42,2
1,0,0,1,1,1,1,1,1,1,1,0,1,10,1.0,1.0,accuracy,133,45,42,1
1,0,0,1,1,1,1,1,1,1,0,1,1,10,1.0,1.0,accuracy,133,45,42,1
1,0,0,1,1,1,1,1,1,0,1,1,1,10,0.9777777777777776,0.9777777777777776,accuracy,133,45,42,2
1,0,0,1,1,1,1,1,0,1,1,1,1,10,1.0,1.0,accuracy,133,45,42,1
1,0,0,1,1,1,1,0,1,1,1,1,1,10,1.0,1.0,accuracy,133,45,42,1
1,0,0,1,1,1,0,1,1,1,1,1,1,10,1.0,1.0,accuracy,133,45,42,1
1,0,0,1,1,0,1,1,1,1,1,1,1,10,1.0,1.0,accuracy,133,45,42,1
1,0,0,1,0,1,1,1,1,1,1,1,1,10,0.9777777777777776,0.9777777777777776,accuracy,133,45,42,2
1,0,0,0,1,1,1,1,1,1,1,1,1,10,1.0,1.0,accuracy,133,45,42,1
0,1,1,1,1,1,1,1,1,1,1,0,0,10,0.9333333333333332,0.9333333333333332,accuracy,133,45,42,4
0,1,1,1,1,1,1,1,1,1,0,1,0,10,0.9555555555555556,0.9555555555555556,accuracy,133,45,42,3
0,1,1,1,1,1,1,1,1,1,0,0,1,10,0.9777777777777776,0.9777777777777776,accuracy,133,45,42,2
0,1,1,1,1,1,1,1,1,0,1,1,0,10,0.9333333333333332,0.9333333333333332,accuracy,133,45,42,4
0,1,1,1,1,1,1,1,1,0,1,0,1,10,0.9777777777777776,0.9777777777777776,accuracy,133,45,42,2
0,1,1,1,1,1,1,1,1,0,0,1,1,10,0.9777777777777776,0.9777777777777776,accuracy,133,45,42,2
0,1,1,1,1,1,1,1,0,1,1,1,0,10,0.9555555555555556,0.9555555555555556,accuracy,133,45,42,3
0,1,1,1,1,1,1,1,0,1,1,0,1,10,0.9777777777777776,0.9777777777777776,accuracy,133,45,42,2
0,1,1,1,1,1,1,1,0,1,0,1,1,10,0.9777777777777776,0.9777777777777776,accuracy,133,45,42,2
0,1,1,1,1,1,1,1,0,0,1,1,1,10,0.9777777777777776,0.9777777777777776,accuracy,133,45,42,2
0,1,1,1,1,1,1,0,1,1,1,1,0,10,0.9555555555555556,0.9555555555555556,accuracy,133,45,42,3
0,1,1,1,1,1,1,0,1,1,1,0,1,10,0.9777777777777776,0.9777777777777776,accuracy,133,45,42,2
0,1,1,1,1,1,1,0,1,1,0,1,1,10,0.9777777777777776,0.9777777777777776,accuracy,133,45,42,2
0,1,1,1,1,1,1,0,1,0,1,1,1,10,0.9777777777777776,0.9777777777777776,accuracy,133,45,42,2
0,1,1,1,1,1,1,0,0,1,1,1,1,10,0.9777777777777776,0.9777777777777776,accuracy,133,45,42,2
0,1,1,1,1,1,0,1,1,1,1,1,0,10,0.9555555555555556,0.9555555555555556,accuracy,133,45,42,3
0,1,1,1,1,1,0,1,1,1,1,0,1,10,0.9777777777777776,0.9777777777777776,accuracy,133,45,42,2
0,1,1,1,1,1,0,1,1,1,0,1,1,10,0.9777777777777776,0.9777777777777776,accuracy,133,45,42,2
0,1,1,1,1,1,0,1,1,0,1,1,1,10,0.9555555555555556,0.9555555555555556,accuracy,133,45,42,3
0,1,1,1,1,1,0,1,0,1,1,1,1,10,0.9777777777777776,0.9777777777777776,accuracy,133,45,42,2
0,1,1,1,1,1,0,0,1,1,1,1,1,10,0.9777777777777776,0.9777777777777776,accuracy,133,45,42,2
0,1,1,1,1,0,1,1,1,1,1,1,0,10,0.9555555555555556,0.9555555555555556,accuracy,133,45,42,3
0,1,1,1,1,0,1,1,1,1,1,0,1,10,0.9777777777777776,0.9777777777777776,accuracy,133,45,42,2
0,1,1,1,1,0,1,1,1,1,0,1,1,10,0.9777777777777776,0.9777777777777776,accuracy,133,45,42,2
0,1,1,1,1,0,1,1,1,0,1,1,1,10,0.9777777777777776,0.9777777777777776,accuracy,133,45,42,2
0,1,1,1,1,0,1,1,0,1,1,1,1,10,0.9777777777777776,0.9777777777777776,accuracy,133,45,42,2
0,1,1,1,1,0,1,0,1,1,1,1,1,10,0.9777777777777776,0.9777777777777776,accuracy,133,45,42,2
0,1,1,1,1,0,0,1,1,1,1,1,1,10,0.9777777777777776,0.9777777777777776,accuracy,133,45,42,2
0,1,1,1,0,1,1,1,1,1,1,1,0,10,0.9333333333333332,0.9333333333333332,accuracy,133,45,42,4
0,1,1,1,0,1,1,1,1,1,1,0,1,10,0.9777777777777776,0.9777777777777776,accuracy,133,45,42,2
0,1,1,1,0,1,1,1,1,1,0,1,1,10,0.9777777777777776,0.9777777777777776,accuracy,133,45,42,2
0,1,1,1,0,1,1,1,1,0,1,1,1,10,0.9777777777777776,0.9777777777777776,accuracy,133,45,42,2
0,1,1,1,0,1,1,1,0,1,1,1,1,10,0.9777777777777776,0.9777777777777776,accuracy,133,45,42,2
0,1,1,1,0,1,1,0,1,1,1,1,1,10,1.0,1.0,accuracy,133,45,42,1
0,1,1,1,0,1,0,1,1,1,1,1,1,10,1.0,1.0,accuracy,133,45,42,1
0,1,1,1,0,0,1,1,1,1,1,1,1,10,0.9777777777777776,0.9777777777777776,accuracy,133,45,42,2
0,1,1,0,1,1,1,1,1,1,1,1,0,10,0.9555555555555556,0.9555555555555556,accuracy,133,45,42,3
0,1,1,0,1,1,1,1,1,1,1,0,1,10,0.9777777777777776,0.9777777777777776,accuracy,133,45,42,2
0,1,1,0,1,1,1,1,1,1,0,1,1,10,0.9777777777777776,0.9777777777777776,accuracy,133,45,42,2
0,1,1,0,1,1,1,1,1,0,1,1,1,10,0.9777777777777776,0.9777777777777776,accuracy,133,45,42,2
0,1,1,0,1,1,1,1,0,1,1,1,1,10,0.9777777777777776,0.9777777777777776,accuracy,133,45,42,2
0,1,1,0,1,1,1,0,1,1,1,1,1,10,0.9777777777777776,0.9777777777777776,accuracy,133,45,42,2
0,1,1,0,1,1,0,1,1,1,1,1,1,10,0.9777777777777776,0.9777777777777776,accuracy,133,45,42,2
0,1,1,0,1,0,1,1,1,1,1,1,1,10,0.9777777777777776,0.9777777777777776,accuracy,133,45,42,2
0,1,1,0,0,1,1,1,1,1,1,1,1,10,0.9777777777777776,0.9777777777777776,accuracy,133,45,42,2
0,1,0,1,1,1,1,1,1,1,1,1,0,10,0.9555555555555556,0.9555555555555556,accuracy,133,45,42,3
0,1,0,1,1,1,1,1,1,1,1,0,1,10,0.9777777777777776,0.9777777777777776,accuracy,133,45,42,2
0,1,0,1,1,1,1,1,1,1,0,1,1,10,0.9777777777777776,0.9777777777777776,accuracy,133,45,42,2
0,1,0,1,1,1,1,1,1,0,1,1,1,10,0.9777777777777776,0.9777777777777776,accuracy,133,45,42,2
0,1,0,1,1,1,1,1,0,1,1,1,1,10,0.9777777777777776,0.9777777777777776,accuracy,133,45,42,2
0,1,0,1,1,1,1,0,1,1,1,1,1,10,0.9777777777777776,0.9777777777777776,accuracy,133,45,42,2
0,1,0,1,1,1,0,1,1,1,1,1,1,10,0.9777777777777776,0.9777777777777776,accuracy,133,45,42,2
0,1,0,1,1,0,1,1,1,1,1,1,1,10,0.9777777777777776,0.9777777777777776,accuracy,133,45,42,2
0,1,0,1,0,1,1,1,1,1,1,1,1,10,1.0,1.0,accuracy,133,45,42,1
0,1,0,0,1,1,1,1,1,1,1,1,1,10,0.9777777777777776,0.9777777777777776,accuracy,133,45,42,2
0,0,1,1,1,1,1,1,1,1,1,1,0,10,0.9333333333333332,0.9333333333333332,accuracy,133,45,42,4
0,0,1,1,1,1,1,1,1,1,1,0,1,10,1.0,1.0,accuracy,133,45,42,1
0,0,1,1,1,1,1,1,1,1,0,1,1,10,0.9777777777777776,0.9777777777777776,accuracy,133,45,42,2
0,0,1,1,1,1,1,1,1,0,1,1,1,10,0.9555555555555556,0.9555555555555556,accuracy,133,45,42,3
0,0,1,1,1,1,1,1,0,1,1,1,1,10,1.0,1.0,accuracy,133,45,42,1
0,0,1,1,1,1,1,0,1,1,1,1,1,10,1.0,1.0,accuracy,133,45,42,1
0,0,1,1,1,1,0,1,1,1,1,1,1,10,1.0,1.0,accuracy,133,45,42,1
0,0,1,1,1,0,1,1,1,1,1,1,1,10,1.0,1.0,accuracy,133,45,42,1
0,0,1,1,0,1,1,1,1,1,1,1,1,10,1.0,1.0,accuracy,133,45,42,1
0,0,1,0,1,1,1,1,1,1,1,1,1,10,1.0,1.0,accuracy,133,45,42,1
0,0,0,1,1,1,1,1,1,1,1,1,1,10,1.0,1.0,accuracy,133,45,42,1
1,1,1,1,1,1,1,1,1,1,1,0,0,11,0.9555555555555556,0.9555555555555556,accuracy,133,45,42,3
1,1,1,1,1,1,1,1,1,1,0,1,0,11,0.9555555555555556,0.9555555555555556,accuracy,133,45,42,3
1,1,1,1,1,1,1,1,1,1,0,0,1,11,1.0,1.0,accuracy,133,45,42,1
1,1,1,1,1,1,1,1,1,0,1,1,0,11,0.9777777777777776,0.9777777777777776,accuracy,133,45,42,2
1,1,1,1,1,1,1,1,1,0,1,0,1,11,0.9777777777777776,0.9777777777777776,accuracy,133,45,42,2
1,1,1,1,1,1,1,1,1,0,0,1,1,11,0.9777777777777776,0.9777777777777776,accuracy,133,45,42,2
1,1,1,1,1,1,1,1,0,1,1,1,0,11,0.9555555555555556,0.9555555555555556,accuracy,133,45,42,3
1,1,1,1,1,1,1,1,0,1,1,0,1,11,1.0,1.0,accuracy,133,45,42,1
1,1,1,1,1,1,1,1,0,1,0,1,1,11,1.0,1.0,accuracy,133,45,42,1
1,1,1,1,1,1,1,1,0,0,1,1,1,11,0.9777777777777776,0.9777777777777776,accuracy,133,45,42,2
1,1,1,1,1,1,1,0,1,1,1,1,0,11,0.9555555555555556,0.9555555555555556,accuracy,133,45,42,3
1,1,1,1,1,1,1,0,1,1,1,0,1,11,1.0,1.0,accuracy,133,45,42,1
1,1,1,1,1,1,1,0,1,1,0,1,1,11,1.0,1.0,accuracy,133,45,42,1
1,1,1,1,1,1,1,0,1,0,1,1,1,11,0.9777777777777776,0.9777777777777776,accuracy,133,45,42,2
1,1,1,1,1,1,1,0,0,1,1,1,1,11,1.0,1.0,accuracy,133,45,42,1
1,1,1,1,1,1,0,1,1,1,1,1,0,11,0.9555555555555556,0.9555555555555556,accuracy,133,45,42,3
1,1,1,1,1,1,0,1,1,1,1,0,1,11,1.0,1.0,accuracy,133,45,42,1
1,1,1,1,1,1,0,1,1,1,0,1,1,11,0.9777777777777776,0.9777777777777776,accuracy,133,45,42,2
1,1,1,1,1,1,0,1,1,0,1,1,1,11,0.9777777777777776,0.9777777777777776,accuracy,133,45,42,2
1,1,1,1,1,1,0,1,0,1,1,1,1,11,1.0,1.0,accuracy,133,45,42,1
1,1,1,1,1,1,0,0,1,1,1,1,1,11,1.0,1.0,accuracy,133,45,42,1
1,1,1,1,1,0,1,1,1,1,1,1,0,11,0.9555555555555556,0.9555555555555556,accuracy,133,45,42,3
1,1,1,1,1,0,1,1,1,1,1,0,1,11,1.0,1.0,accuracy,133,45,42,1
1,1,1,1,1,0,1,1,1,1,0,1,1,11,1.0,1.0,accuracy,133,45,42,1
1,1,1,1,1,0,1,1,1,0,1,1,1,11,0.9777777777777776,0.9777777777777776,accuracy,133,45,42,2
1,1,1,1,1,0,1,1,0,1,1,1,1,11,1.0,1.0,accuracy,133,45,42,1
1,1,1,1,1,0,1,0,1,1,1,1,1,11,1.0,1.0,accuracy,133,45,42,1
1,1,1,1,1,0,0,1,1,1,1,1,1,11,1.0,1.0,accuracy,133,45,42,1
1,1,1,1,0,1,1,1,1,1,1,1,0,11,0.9333333333333332,0.9333333333333332,accuracy,133,45,42,4
1,1,1,1,0,1,1,1,1,1,1,0,1,11,1.0,1.0,accuracy,133,45,42,1
1,1,1,1,0,1,1,1,1,1,0,1,1,11,1.0,1.0,accuracy,133,45,42,1
1,1,1,1,0,1,1,1,1,0,1,1,1,11,0.9777777777777776,0.9777777777777776,accuracy,133,45,42,2
1,1,1,1,0,1,1,1,0,1,1,1,1,11,1.0,1.0,accuracy,133,45,42,1
1,1,1,1,0,1,1,0,1,1,1,1,1,11,1.0,1.0,accuracy,133,45,42,1
1,1,1,1,0,1,0,1,1,1,1,1,1,11,1.0,1.0,accuracy,133,45,42,1
1,1,1,1,0,0,1,1,1,1,1,1,1,11,1.0,1.0,accuracy,133,45,42,1
1,1,1,0,1,1,1,1,1,1,1,1,0,11,0.9555555555555556,0.9555555555555556,accuracy,133,45,42,3
1,1,1,0,1,1,1,1,1,1,1,0,1,11,1.0,1.0,accuracy,133,45,42,1
1,1,1,0,1,1,1,1,1,1,0,1,1,11,1.0,1.0,accuracy,133,45,42,1
1,1,1,0,1,1,1,1,1,0,1,1,1,11,0.9777777777777776,0.9777777777777776,accuracy,133,45,42,2
1,1,1,0,1,1,1,1,0,1,1,1,1,11,1.0,1.0,accuracy,133,45,42,1
1,1,1,0,1,1,1,0,1,1,1,1,1,11,1.0,1.0,accuracy,133,45,42,1
1,1,1,0,1,1,0,1,1,1,1,1,1,11,1.0,1.0,accuracy,133,45,42,1
1,1,1,0,1,0,1,1,1,1,1,1,1,11,1.0,1.0,accuracy,133,45,42,1
1,1,1,0,0,1,1,1,1,1,1,1,1,11,1.0,1.0,accuracy,133,45,42,1
1,1,0,1,1,1,1,1,1,1,1,1,0,11,0.9555555555555556,0.9555555555555556,accuracy,133,45,42,3
1,1,0,1,1,1,1,1,1,1,1,0,1,11,1.0,1.0,accuracy,133,45,42,1
1,1,0,1,1,1,1,1,1,1,0,1,1,11,1.0,1.0,accuracy,133,45,42,1
1,1,0,1,1,1,1,1,1,0,1,1,1,11,0.9777777777777776,0.9777777777777776,accuracy,133,45,42,2
1,1,0,1,1,1,1,1,0,1,1,1,1,11,1.0,1.0,accuracy,133,45,42,1
1,1,0,1,1,1,1,0,1,1,1,1,1,11,1.0,1.0,accuracy,133,45,42,1
1,1,0,1,1,1,0,1,1,1,1,1,1,11,1.0,1.0,accuracy,133,45,42,1
1,1,0,1,1,0,1,1,1,1,1,1,1,11,1.0,1.0,accuracy,133,45,42,1
1,1,0,1,0,1,1,1,1,1,1,1,1,11,1.0,1.0,accuracy,133,45,42,1
1,1,0,0,1,1,1,1,1,1,1,1,1,11,1.0,1.0,accuracy,133,45,42,1
1,0,1,1,1,1,1,1,1,1,1,1,0,11,0.9777777777777776,0.9777777777777776,accuracy,133,45,42,2
1,0,1,1,1,1,1,1,1,1,1,0,1,11,1.0,1.0,accuracy,133,45,42,1
1,0,1,1,1,1,1,1,1,1,0,1,1,11,1.0,1.0,accuracy,133,45,42,1
1,0,1,1,1,1,1,1,1,0,1,1,1,11,0.9777777777777776,0.9777777777777776,accuracy,133,45,42,2
1,0,1,1,1,1,1,1,0,1,1,1,1,11,1.0,1.0,accuracy,133,45,42,1
1,0,1,1,1,1,1,0,1,1,1,1,1,11,1.0,1.0,accuracy,133,45,42,1
1,0,1,1,1,1,0,1,1,1,1,1,1,11,1.0,1.0,accuracy,133,45,42,1
1,0,1,1,1,0,1,1,1,1,1,1,1,11,1.0,1.0,accuracy,133,45,42,1
1,0,1,1,0,1,1,1,1,1,1,1,1,11,0.9777777777777776,0.9777777777777776,accuracy,133,45,42,2
1,0,1,0,1,1,1,1,1,1,1,1,1,11,1.0,1.0,accuracy,133,45,42,1
1,0,0,1,1,1,1,1,1,1,1,1,1,11,1.0,1.0,accuracy,133,45,42,1
0,1,1,1,1,1,1,1,1,1,1,1,0,11,0.9555555555555556,0.9555555555555556,accuracy,133,45,42,3
0,1,1,1,1,1,1,1,1,1,1,0,1,11,0.9777777777777776,0.9777777777777776,accuracy,133,45,42,2
0,1,1,1,1,1,1,1,1,1,0,1,1,11,0.9777777777777776,0.9777777777777776,accuracy,133,45,42,2
0,1,1,1,1,1,1,1,1,0,1,1,1,11,0.9777777777777776,0.9777777777777776,accuracy,133,45,42,2
0,1,1,1,1,1,1,1,0,1,1,1,1,11,0.9777777777777776,0.9777777777777776,accuracy,133,45,42,2
0,1,1,1,1,1,1,0,1,1,1,1,1,11,0.9777777777777776,0.9777777777777776,accuracy,133,45,42,2
0,1,1,1,1,1,0,1,1,1,1,1,1,11,0.9777777777777776,0.9777777777777776,accuracy,133,45,42,2
0,1,1,1,1,0,1,1,1,1,1,1,1,11,0.9777777777777776,0.9777777777777776,accuracy,133,45,42,2
0,1,1,1,0,1,1,1,1,1,1,1,1,11,0.9777777777777776,0.9777777777777776,accuracy,133,45,42,2
0,1,1,0,1,1,1,1,1,1,1,1,1,11,0.9777777777777776,0.9777777777777776,accuracy,133,45,42,2
0,1,0,1,1,1,1,1,1,1,1,1,1,11,0.9777777777777776,0.9777777777777776,accuracy,133,45,42,2
0,0,1,1,1,1,1,1,1,1,1,1,1,11,1.0,1.0,accuracy,133,45,42,1
1,1,1,1,1,1,1,1,1,1,1,1,0,12,0.9555555555555556,0.9555555555555556,accuracy,133,45,42,3
1,1,1,1,1,1,1,1,1,1,1,0,1,12,1.0,1.0,accuracy,133,45,42,1
1,1,1,1,1,1,1,1,1,1,0,1,1,12,1.0,1.0,accuracy,133,45,42,1
1,1,1,1,1,1,1,1,1,0,1,1,1,12,0.9777777777777776,0.9777777777777776,accuracy,133,45,42,2
1,1,1,1,1,1,1,1,0,1,1,1,1,12,1.0,1.0,accuracy,133,45,42,1
1,1,1,1,1,1,1,0,1,1,1,1,1,12,1.0,1.0,accuracy,133,45,42,1
1,1,1,1,1,1,0,1,1,1,1,1,1,12,1.0,1.0,accuracy,133,45,42,1
1,1,1,1,1,0,1,1,1,1,1,1,1,12,1.0,1.0,accuracy,133,45,42,1
1,1,1,1,0,1,1,1,1,1,1,1,1,12,1.0,1.0,accuracy,133,45,42,1
1,1,1,0,1,1,1,1,1,1,1,1,1,12,1.0,1.0,accuracy,133,45,42,1
1,1,0,1,1,1,1,1,1,1,1,1,1,12,1.0,1.0,accuracy,133,45,42,1
1,0,1,1,1,1,1,1,1,1,1,1,1,12,1.0,1.0,accuracy,133,45,42,1
0,1,1,1,1,1,1,1,1,1,1,1,1,12,0.9777777777777776,0.9777777777777776,accuracy,133,45,42,2
1,1,1,1,1,1,1,1,1,1,1,1,1,13,1.0,1.0,accuracy,133,45,42,1
