C1M_on,C2M_on,C3M_on,C4M_on,C5M_on,C6M_on,C7M_on,C8EV_on,E1_on,H3_on,H6M_on,V3_on,V4_on,order,value,abs_value,metric,n_train,coalition_id,class_id,k_selected,class_score_max,class_score_min,class_size
0,0,0,0,0,0,0,0,0,0,0,1,0,1,0.6074776800260671,0.6074776800260671,rt_mean_next_mean,66,V3_on,3,10,0.6685232974910394,0.516774193548387,43
0,0,0,0,0,0,0,0,0,0,0,1,1,2,1.1863566308243727,1.1863566308243727,rt_mean_next_mean,6,V3_on|V4_on,8,10,1.269462365591398,1.120225806451613,75
0,0,0,0,0,0,0,0,0,0,1,1,0,2,0.6533784663271082,0.6533784663271082,rt_mean_next_mean,76,H6M_on|V3_on,3,10,0.6685232974910394,0.516774193548387,43
0,0,0,0,0,0,0,0,0,0,1,1,1,3,0.8219601859924441,0.8219601859924441,rt_mean_next_mean,37,H6M_on|V3_on|V4_on,5,10,0.907956989247312,0.8080637480798771,86
0,0,0,0,0,0,0,0,0,1,0,1,0,2,0.640665012406948,0.640665012406948,rt_mean_next_mean,13,H3_on|V3_on,3,10,0.6685232974910394,0.516774193548387,43
0,0,0,0,0,0,0,0,0,1,0,1,1,3,0.5488763440860215,0.5488763440860215,rt_mean_next_mean,8,H3_on|V3_on|V4_on,3,10,0.6685232974910394,0.516774193548387,43
0,0,0,0,0,0,0,0,0,1,1,1,0,3,0.6998549123582265,0.6998549123582265,rt_mean_next_mean,73,H3_on|H6M_on|V3_on,4,10,0.8024135944700461,0.6738709677419356,79
0,0,0,0,0,0,0,0,0,1,1,1,1,4,0.7186782464846981,0.7186782464846981,rt_mean_next_mean,26,H3_on|H6M_on|V3_on|V4_on,4,10,0.8024135944700461,0.6738709677419356,79
0,0,0,0,0,0,0,0,1,0,0,1,0,2,0.8628069892473118,0.8628069892473118,rt_mean_next_mean,20,E1_on|V3_on,5,10,0.907956989247312,0.8080637480798771,86
0,0,0,0,0,0,0,0,1,0,1,1,0,3,0.8810597057159028,0.8810597057159028,rt_mean_next_mean,38,E1_on|H6M_on|V3_on,5,10,0.907956989247312,0.8080637480798771,86
0,0,0,0,0,0,0,0,1,0,1,1,1,4,0.9229677419354838,0.9229677419354838,rt_mean_next_mean,9,E1_on|H6M_on|V3_on|V4_on,6,10,1.0068333333333332,0.9107816180235536,108
0,0,0,0,0,0,0,0,1,1,0,1,0,3,0.6935400238948626,0.6935400238948626,rt_mean_next_mean,9,E1_on|H3_on|V3_on,4,10,0.8024135944700461,0.6738709677419356,79
0,0,0,0,0,0,0,0,1,1,0,1,1,4,0.963,0.963,rt_mean_next_mean,1,E1_on|H3_on|V3_on|V4_on,6,10,1.0068333333333332,0.9107816180235536,108
0,0,0,0,0,0,0,0,1,1,1,1,0,4,0.7961245519713261,0.7961245519713261,rt_mean_next_mean,36,E1_on|H3_on|H6M_on|V3_on,4,10,0.8024135944700461,0.6738709677419356,79
0,0,0,0,0,0,0,0,1,1,1,1,1,5,0.977720430107527,0.977720430107527,rt_mean_next_mean,17,E1_on|H3_on|H6M_on|V3_on|V4_on,6,10,1.0068333333333332,0.9107816180235536,108
0,0,0,0,0,0,0,1,0,0,0,0,0,1,0.8456967741935484,0.8456967741935484,rt_mean_next_mean,10,C8EV_on,5,10,0.907956989247312,0.8080637480798771,86
0,0,0,0,0,0,0,1,0,0,0,1,0,2,0.4776003659528327,0.4776003659528327,rt_mean_next_mean,34,C8EV_on|V3_on,2,10,0.4776003659528327,0.2309354838709677,25
0,0,0,0,0,0,0,1,0,0,0,1,1,3,0.0125779569892473,0.0125779569892473,rt_mean_next_mean,8,C8EV_on|V3_on|V4_on,1,10,0.2043620071684588,0.0,30
0,0,0,0,0,0,0,1,0,0,1,0,0,2,0.917741935483871,0.917741935483871,rt_mean_next_mean,1,C8EV_on|H6M_on,6,10,1.0068333333333332,0.9107816180235536,108
0,0,0,0,0,0,0,1,0,0,1,1,0,3,0.5680767007732563,0.5680767007732563,rt_mean_next_mean,118,C8EV_on|H6M_on|V3_on,3,10,0.6685232974910394,0.516774193548387,43
0,0,0,0,0,0,0,1,0,0,1,1,1,4,0.6661379928315413,0.6661379928315413,rt_mean_next_mean,12,C8EV_on|H6M_on|V3_on|V4_on,3,10,0.6685232974910394,0.516774193548387,43
0,0,0,0,0,0,0,1,0,1,0,1,0,3,1.004504181600956,1.004504181600956,rt_mean_next_mean,9,C8EV_on|H3_on|V3_on,6,10,1.0068333333333332,0.9107816180235536,108
0,0,0,0,0,0,0,1,0,1,1,0,0,3,0.9767859447004608,0.9767859447004608,rt_mean_next_mean,10,C8EV_on|H3_on|H6M_on,6,10,1.0068333333333332,0.9107816180235536,108
0,0,0,0,0,0,0,1,0,1,1,1,0,4,0.7242907169842654,0.7242907169842654,rt_mean_next_mean,74,C8EV_on|H3_on|H6M_on|V3_on,4,10,0.8024135944700461,0.6738709677419356,79
0,0,0,0,0,0,0,1,0,1,1,1,1,5,0.7149012345679012,0.7149012345679012,rt_mean_next_mean,27,C8EV_on|H3_on|H6M_on|V3_on|V4_on,4,10,0.8024135944700461,0.6738709677419356,79
0,0,0,0,0,0,0,1,1,0,0,0,0,2,0.0266129032258064,0.0266129032258064,rt_mean_next_mean,2,C8EV_on|E1_on,1,10,0.2043620071684588,0.0,30
0,0,0,0,0,0,0,1,1,0,0,1,0,3,0.1133333333333333,0.1133333333333333,rt_mean_next_mean,1,C8EV_on|E1_on|V3_on,1,10,0.2043620071684588,0.0,30
0,0,0,0,0,0,0,1,1,0,1,0,0,3,0.881,0.881,rt_mean_next_mean,1,C8EV_on|E1_on|H6M_on,5,10,0.907956989247312,0.8080637480798771,86
0,0,0,0,0,0,0,1,1,0,1,1,0,4,0.6594854070660522,0.6594854070660522,rt_mean_next_mean,14,C8EV_on|E1_on|H6M_on|V3_on,3,10,0.6685232974910394,0.516774193548387,43
0,0,0,0,0,0,0,1,1,0,1,1,1,5,0.4091290322580646,0.4091290322580646,rt_mean_next_mean,5,C8EV_on|E1_on|H6M_on|V3_on|V4_on,2,10,0.4776003659528327,0.2309354838709677,25
0,0,0,0,0,0,0,1,1,1,0,0,0,3,1.043548387096774,1.043548387096774,rt_mean_next_mean,2,C8EV_on|E1_on|H3_on,7,10,1.1125806451612903,1.0075612903225806,101
0,0,0,0,0,0,0,1,1,1,0,1,0,4,1.0395960061443932,1.0395960061443932,rt_mean_next_mean,7,C8EV_on|E1_on|H3_on|V3_on,7,10,1.1125806451612903,1.0075612903225806,101
0,0,0,0,0,0,0,1,1,1,0,1,1,5,0.7562244623655914,0.7562244623655914,rt_mean_next_mean,8,C8EV_on|E1_on|H3_on|V3_on|V4_on,4,10,0.8024135944700461,0.6738709677419356,79
0,0,0,0,0,0,0,1,1,1,1,0,0,4,0.6154055299539171,0.6154055299539171,rt_mean_next_mean,14,C8EV_on|E1_on|H3_on|H6M_on,3,10,0.6685232974910394,0.516774193548387,43
0,0,0,0,0,0,0,1,1,1,1,1,0,5,0.875428924316021,0.875428924316021,rt_mean_next_mean,37,C8EV_on|E1_on|H3_on|H6M_on|V3_on,5,10,0.907956989247312,0.8080637480798771,86
0,0,0,0,0,0,0,1,1,1,1,1,1,6,0.9330798039645966,0.9330798039645966,rt_mean_next_mean,21,C8EV_on|E1_on|H3_on|H6M_on|V3_on|V4_on,6,10,1.0068333333333332,0.9107816180235536,108
0,0,0,0,0,0,1,1,0,0,1,1,0,4,0.9466021505376344,0.9466021505376344,rt_mean_next_mean,8,C7M_on|C8EV_on|H6M_on|V3_on,6,10,1.0068333333333332,0.9107816180235536,108
0,0,0,0,0,0,1,1,0,0,1,1,1,5,1.528709677419355,1.528709677419355,rt_mean_next_mean,2,C7M_on|C8EV_on|H6M_on|V3_on|V4_on,10,10,1.7748387096774194,1.52,11
0,0,0,0,0,0,1,1,0,1,1,0,0,4,0.7431218637992831,0.7431218637992831,rt_mean_next_mean,3,C7M_on|C8EV_on|H3_on|H6M_on,4,10,0.8024135944700461,0.6738709677419356,79
0,0,0,0,0,0,1,1,0,1,1,1,0,5,0.8923387096774194,0.8923387096774194,rt_mean_next_mean,4,C7M_on|C8EV_on|H3_on|H6M_on|V3_on,5,10,0.907956989247312,0.8080637480798771,86
0,0,0,0,0,0,1,1,0,1,1,1,1,6,1.095357142857143,1.095357142857143,rt_mean_next_mean,1,C7M_on|C8EV_on|H3_on|H6M_on|V3_on|V4_on,7,10,1.1125806451612903,1.0075612903225806,101
0,0,0,0,0,0,1,1,1,0,1,1,0,5,1.0129032258064516,1.0129032258064516,rt_mean_next_mean,1,C7M_on|C8EV_on|E1_on|H6M_on|V3_on,7,10,1.1125806451612903,1.0075612903225806,101
0,0,0,0,0,0,1,1,1,1,1,0,0,5,0.8956666666666667,0.8956666666666667,rt_mean_next_mean,1,C7M_on|C8EV_on|E1_on|H3_on|H6M_on,5,10,0.907956989247312,0.8080637480798771,86
0,0,0,0,0,0,1,1,1,1,1,1,0,6,0.3893333333333333,0.3893333333333333,rt_mean_next_mean,1,C7M_on|C8EV_on|E1_on|H3_on|H6M_on|V3_on,2,10,0.4776003659528327,0.2309354838709677,25
0,0,0,0,0,1,0,1,0,0,1,0,0,3,0.8853602150537634,0.8853602150537634,rt_mean_next_mean,2,C6M_on|C8EV_on|H6M_on,5,10,0.907956989247312,0.8080637480798771,86
0,0,0,0,0,1,0,1,0,0,1,1,0,4,0.2836160714285714,0.2836160714285714,rt_mean_next_mean,8,C6M_on|C8EV_on|H6M_on|V3_on,2,10,0.4776003659528327,0.2309354838709677,25
0,0,0,0,0,1,0,1,0,1,1,0,0,4,1.0098814132104454,1.0098814132104454,rt_mean_next_mean,5,C6M_on|C8EV_on|H3_on|H6M_on,7,10,1.1125806451612903,1.0075612903225806,101
0,0,0,0,0,1,0,1,0,1,1,1,0,5,0.9145483870967742,0.9145483870967742,rt_mean_next_mean,3,C6M_on|C8EV_on|H3_on|H6M_on|V3_on,6,10,1.0068333333333332,0.9107816180235536,108
0,0,0,0,0,1,0,1,0,1,1,1,1,6,0.2027060931899641,0.2027060931899641,rt_mean_next_mean,3,C6M_on|C8EV_on|H3_on|H6M_on|V3_on|V4_on,1,10,0.2043620071684588,0.0,30
0,0,0,0,0,1,0,1,1,0,1,0,0,4,0.2828571428571428,0.2828571428571428,rt_mean_next_mean,1,C6M_on|C8EV_on|E1_on|H6M_on,2,10,0.4776003659528327,0.2309354838709677,25
0,0,0,0,0,1,0,1,1,0,1,1,0,5,1.5556666666666668,1.5556666666666668,rt_mean_next_mean,1,C6M_on|C8EV_on|E1_on|H6M_on|V3_on,10,10,1.7748387096774194,1.52,11
0,0,0,0,0,1,0,1,1,1,1,0,0,5,0.7859677419354839,0.7859677419354839,rt_mean_next_mean,2,C6M_on|C8EV_on|E1_on|H3_on|H6M_on,4,10,0.8024135944700461,0.6738709677419356,79
0,0,0,0,0,1,0,1,1,1,1,1,0,6,1.0068333333333332,1.0068333333333332,rt_mean_next_mean,8,C6M_on|C8EV_on|E1_on|H3_on|H6M_on|V3_on,6,10,1.0068333333333332,0.9107816180235536,108
0,0,0,0,0,1,1,1,0,1,1,0,0,5,1.0687917050691245,1.0687917050691245,rt_mean_next_mean,5,C6M_on|C7M_on|C8EV_on|H3_on|H6M_on,7,10,1.1125806451612903,1.0075612903225806,101
0,0,0,0,1,0,0,0,0,0,1,1,0,3,0.6000000000000001,0.6000000000000001,rt_mean_next_mean,1,C5M_on|H6M_on|V3_on,3,10,0.6685232974910394,0.516774193548387,43
0,0,0,0,1,0,0,1,0,0,1,1,0,4,0.7795000000000001,0.7795000000000001,rt_mean_next_mean,2,C5M_on|C8EV_on|H6M_on|V3_on,4,10,0.8024135944700461,0.6738709677419356,79
0,0,0,0,1,0,0,1,0,1,1,1,1,6,1.0589247311827958,1.0589247311827958,rt_mean_next_mean,2,C5M_on|C8EV_on|H3_on|H6M_on|V3_on|V4_on,7,10,1.1125806451612903,1.0075612903225806,101
0,0,0,0,1,0,0,1,1,1,1,1,1,7,0.7944139784946237,0.7944139784946237,rt_mean_next_mean,4,C5M_on|C8EV_on|E1_on|H3_on|H6M_on|V3_on|V4_on,4,10,0.8024135944700461,0.6738709677419356,79
0,0,0,1,0,0,0,0,0,0,1,1,0,3,1.4216129032258065,1.4216129032258065,rt_mean_next_mean,1,C4M_on|H6M_on|V3_on,9,10,1.4780645161290322,1.2796774193548388,21
0,0,0,1,0,0,0,1,0,0,1,1,0,4,0.6058064516129033,0.6058064516129033,rt_mean_next_mean,1,C4M_on|C8EV_on|H6M_on|V3_on,3,10,0.6685232974910394,0.516774193548387,43
0,0,0,1,0,0,0,1,0,1,1,1,0,5,1.1512817204301076,1.1512817204301076,rt_mean_next_mean,5,C4M_on|C8EV_on|H3_on|H6M_on|V3_on,8,10,1.269462365591398,1.120225806451613,75
0,0,0,1,0,0,0,1,0,1,1,1,1,6,1.4138709677419354,1.4138709677419354,rt_mean_next_mean,1,C4M_on|C8EV_on|H3_on|H6M_on|V3_on|V4_on,9,10,1.4780645161290322,1.2796774193548388,21
0,0,0,1,0,0,0,1,1,1,1,0,0,5,0.7370967741935485,0.7370967741935485,rt_mean_next_mean,1,C4M_on|C8EV_on|E1_on|H3_on|H6M_on,4,10,0.8024135944700461,0.6738709677419356,79
0,0,0,1,0,0,0,1,1,1,1,1,0,6,0.7139187574671446,0.7139187574671446,rt_mean_next_mean,9,C4M_on|C8EV_on|E1_on|H3_on|H6M_on|V3_on,4,10,0.8024135944700461,0.6738709677419356,79
0,0,0,1,0,1,0,1,0,0,1,1,0,5,0.02,0.02,rt_mean_next_mean,1,C4M_on|C6M_on|C8EV_on|H6M_on|V3_on,1,10,0.2043620071684588,0.0,30
0,0,0,1,0,1,0,1,1,1,1,0,0,6,1.174146953405018,1.174146953405018,rt_mean_next_mean,3,C4M_on|C6M_on|C8EV_on|E1_on|H3_on|H6M_on,8,10,1.269462365591398,1.120225806451613,75
0,0,0,1,0,1,0,1,1,1,1,1,0,7,1.5561290322580643,1.5561290322580643,rt_mean_next_mean,1,C4M_on|C6M_on|C8EV_on|E1_on|H3_on|H6M_on|V3_on,10,10,1.7748387096774194,1.52,11
0,0,0,1,1,0,0,1,1,1,1,1,0,7,0.5516129032258065,0.5516129032258065,rt_mean_next_mean,1,C4M_on|C5M_on|C8EV_on|E1_on|H3_on|H6M_on|V3_on,3,10,0.6685232974910394,0.516774193548387,43
0,0,0,1,1,0,0,1,1,1,1,1,1,8,1.0809677419354835,1.0809677419354835,rt_mean_next_mean,1,C4M_on|C5M_on|C8EV_on|E1_on|H3_on|H6M_on|V3_on|V4_on,7,10,1.1125806451612903,1.0075612903225806,101
0,0,1,0,0,0,0,0,0,0,1,1,0,3,0.8590322580645161,0.8590322580645161,rt_mean_next_mean,1,C3M_on|H6M_on|V3_on,5,10,0.907956989247312,0.8080637480798771,86
0,0,1,0,0,0,0,1,0,0,1,1,0,4,0.8610783410138249,0.8610783410138249,rt_mean_next_mean,14,C3M_on|C8EV_on|H6M_on|V3_on,5,10,0.907956989247312,0.8080637480798771,86
0,0,1,0,0,0,0,1,0,1,1,0,0,4,0.7374193548387097,0.7374193548387097,rt_mean_next_mean,1,C3M_on|C8EV_on|H3_on|H6M_on,4,10,0.8024135944700461,0.6738709677419356,79
0,0,1,0,0,0,0,1,0,1,1,1,0,5,0.9274095622119816,0.9274095622119816,rt_mean_next_mean,4,C3M_on|C8EV_on|H3_on|H6M_on|V3_on,6,10,1.0068333333333332,0.9107816180235536,108
0,0,1,0,0,0,0,1,1,1,0,1,0,5,0.8704758064516129,0.8704758064516129,rt_mean_next_mean,8,C3M_on|C8EV_on|E1_on|H3_on|V3_on,5,10,0.907956989247312,0.8080637480798771,86
0,0,1,0,0,0,0,1,1,1,1,0,0,5,1.153801075268817,1.153801075268817,rt_mean_next_mean,2,C3M_on|C8EV_on|E1_on|H3_on|H6M_on,8,10,1.269462365591398,1.120225806451613,75
0,0,1,0,0,0,0,1,1,1,1,1,0,6,1.7748387096774194,1.7748387096774194,rt_mean_next_mean,1,C3M_on|C8EV_on|E1_on|H3_on|H6M_on|V3_on,10,10,1.7748387096774194,1.52,11
0,0,1,0,0,0,1,1,0,1,1,1,0,6,0.974,0.974,rt_mean_next_mean,1,C3M_on|C7M_on|C8EV_on|H3_on|H6M_on|V3_on,6,10,1.0068333333333332,0.9107816180235536,108
0,0,1,0,0,1,0,0,0,0,0,1,0,3,0.0664516129032258,0.0664516129032258,rt_mean_next_mean,1,C3M_on|C6M_on|V3_on,1,10,0.2043620071684588,0.0,30
0,0,1,0,0,1,0,1,0,1,1,0,0,5,1.0351612903225809,1.0351612903225809,rt_mean_next_mean,1,C3M_on|C6M_on|C8EV_on|H3_on|H6M_on,7,10,1.1125806451612903,1.0075612903225806,101
0,0,1,0,0,1,0,1,1,1,1,1,1,8,1.2336935483870968,1.2336935483870968,rt_mean_next_mean,2,C3M_on|C6M_on|C8EV_on|E1_on|H3_on|H6M_on|V3_on|V4_on,8,10,1.269462365591398,1.120225806451613,75
0,0,1,0,1,0,0,0,0,0,1,1,0,4,0.9173333333333332,0.9173333333333332,rt_mean_next_mean,1,C3M_on|C5M_on|H6M_on|V3_on,6,10,1.0068333333333332,0.9107816180235536,108
0,0,1,1,0,0,0,0,1,1,1,1,0,6,0.8374336917562725,0.8374336917562725,rt_mean_next_mean,3,C3M_on|C4M_on|E1_on|H3_on|H6M_on|V3_on,5,10,0.907956989247312,0.8080637480798771,86
0,0,1,1,0,0,0,1,0,0,1,1,0,5,0.4090913978494623,0.4090913978494623,rt_mean_next_mean,6,C3M_on|C4M_on|C8EV_on|H6M_on|V3_on,2,10,0.4776003659528327,0.2309354838709677,25
0,0,1,1,0,0,0,1,0,1,1,0,0,5,0.7792419354838709,0.7792419354838709,rt_mean_next_mean,2,C3M_on|C4M_on|C8EV_on|H3_on|H6M_on,4,10,0.8024135944700461,0.6738709677419356,79
0,0,1,1,0,0,0,1,0,1,1,1,0,6,0.5860964362519201,0.5860964362519201,rt_mean_next_mean,25,C3M_on|C4M_on|C8EV_on|H3_on|H6M_on|V3_on,3,10,0.6685232974910394,0.516774193548387,43
0,0,1,1,0,0,0,1,0,1,1,1,1,7,1.2909247311827958,1.2909247311827958,rt_mean_next_mean,3,C3M_on|C4M_on|C8EV_on|H3_on|H6M_on|V3_on|V4_on,9,10,1.4780645161290322,1.2796774193548388,21
0,0,1,1,0,0,0,1,1,1,0,0,0,5,0.5286666666666666,0.5286666666666666,rt_mean_next_mean,1,C3M_on|C4M_on|C8EV_on|E1_on|H3_on,3,10,0.6685232974910394,0.516774193548387,43
0,0,1,1,0,0,0,1,1,1,1,0,0,6,1.089688940092166,1.089688940092166,rt_mean_next_mean,2,C3M_on|C4M_on|C8EV_on|E1_on|H3_on|H6M_on,7,10,1.1125806451612903,1.0075612903225806,101
0,0,1,1,0,0,0,1,1,1,1,1,0,7,0.3203932411674347,0.3203932411674347,rt_mean_next_mean,7,C3M_on|C4M_on|C8EV_on|E1_on|H3_on|H6M_on|V3_on,2,10,0.4776003659528327,0.2309354838709677,25
0,0,1,1,0,0,0,1,1,1,1,1,1,8,1.0516666666666667,1.0516666666666667,rt_mean_next_mean,1,C3M_on|C4M_on|C8EV_on|E1_on|H3_on|H6M_on|V3_on|V4_on,7,10,1.1125806451612903,1.0075612903225806,101
0,0,1,1,0,0,1,1,0,0,1,1,1,7,0.8676666666666667,0.8676666666666667,rt_mean_next_mean,1,C3M_on|C4M_on|C7M_on|C8EV_on|H6M_on|V3_on|V4_on,5,10,0.907956989247312,0.8080637480798771,86
0,0,1,1,0,0,1,1,0,1,1,1,1,8,0.6293548387096775,0.6293548387096775,rt_mean_next_mean,1,C3M_on|C4M_on|C7M_on|C8EV_on|H3_on|H6M_on|V3_on|V4_on,3,10,0.6685232974910394,0.516774193548387,43
0,0,1,1,0,0,1,1,1,1,1,1,0,8,0.6884336917562724,0.6884336917562724,rt_mean_next_mean,3,C3M_on|C4M_on|C7M_on|C8EV_on|E1_on|H3_on|H6M_on|V3_on,4,10,0.8024135944700461,0.6738709677419356,79
0,0,1,1,0,1,0,1,0,0,1,1,0,6,0.9552311827956989,0.9552311827956989,rt_mean_next_mean,2,C3M_on|C4M_on|C6M_on|C8EV_on|H6M_on|V3_on,6,10,1.0068333333333332,0.9107816180235536,108
0,0,1,1,0,1,0,1,0,0,1,1,1,7,0.8145161290322581,0.8145161290322581,rt_mean_next_mean,1,C3M_on|C4M_on|C6M_on|C8EV_on|H6M_on|V3_on|V4_on,5,10,0.907956989247312,0.8080637480798771,86
0,0,1,1,0,1,0,1,0,1,1,0,0,6,0.9942554810780616,0.9942554810780616,rt_mean_next_mean,11,C3M_on|C4M_on|C6M_on|C8EV_on|H3_on|H6M_on,6,10,1.0068333333333332,0.9107816180235536,108
0,0,1,1,0,1,0,1,0,1,1,1,0,7,1.038842741935484,1.038842741935484,rt_mean_next_mean,8,C3M_on|C4M_on|C6M_on|C8EV_on|H3_on|H6M_on|V3_on,7,10,1.1125806451612903,1.0075612903225806,101
0,0,1,1,0,1,0,1,0,1,1,1,1,8,0.9250007680491552,0.9250007680491552,rt_mean_next_mean,5,C3M_on|C4M_on|C6M_on|C8EV_on|H3_on|H6M_on|V3_on|V4_on,6,10,1.0068333333333332,0.9107816180235536,108
0,0,1,1,0,1,0,1,1,0,0,1,0,6,1.0821559139784944,1.0821559139784944,rt_mean_next_mean,2,C3M_on|C4M_on|C6M_on|C8EV_on|E1_on|V3_on,7,10,1.1125806451612903,1.0075612903225806,101
0,0,1,1,0,1,0,1,1,1,0,1,0,7,1.344516129032258,1.344516129032258,rt_mean_next_mean,1,C3M_on|C4M_on|C6M_on|C8EV_on|E1_on|H3_on|V3_on,9,10,1.4780645161290322,1.2796774193548388,21
0,0,1,1,0,1,0,1,1,1,1,1,0,8,1.1034231950844855,1.1034231950844855,rt_mean_next_mean,4,C3M_on|C4M_on|C6M_on|C8EV_on|E1_on|H3_on|H6M_on|V3_on,7,10,1.1125806451612903,1.0075612903225806,101
0,0,1,1,0,1,0,1,1,1,1,1,1,9,1.4332258064516128,1.4332258064516128,rt_mean_next_mean,1,C3M_on|C4M_on|C6M_on|C8EV_on|E1_on|H3_on|H6M_on|V3_on|V4_on,9,10,1.4780645161290322,1.2796774193548388,21
0,0,1,1,0,1,1,1,0,0,1,0,0,6,1.058,1.058,rt_mean_next_mean,1,C3M_on|C4M_on|C6M_on|C7M_on|C8EV_on|H6M_on,7,10,1.1125806451612903,1.0075612903225806,101
0,0,1,1,0,1,1,1,0,0,1,1,0,7,0.9107816180235536,0.9107816180235536,rt_mean_next_mean,3,C3M_on|C4M_on|C6M_on|C7M_on|C8EV_on|H6M_on|V3_on,6,10,1.0068333333333332,0.9107816180235536,108
0,0,1,1,0,1,1,1,0,0,1,1,1,8,0.6374193548387097,0.6374193548387097,rt_mean_next_mean,1,C3M_on|C4M_on|C6M_on|C7M_on|C8EV_on|H6M_on|V3_on|V4_on,3,10,0.6685232974910394,0.516774193548387,43
0,0,1,1,0,1,1,1,1,1,1,1,0,9,0.7801111111111111,0.7801111111111111,rt_mean_next_mean,3,C3M_on|C4M_on|C6M_on|C7M_on|C8EV_on|E1_on|H3_on|H6M_on|V3_on,4,10,0.8024135944700461,0.6738709677419356,79
0,0,1,1,1,0,0,1,0,1,1,1,0,7,0.8400286738351254,0.8400286738351254,rt_mean_next_mean,3,C3M_on|C4M_on|C5M_on|C8EV_on|H3_on|H6M_on|V3_on,5,10,0.907956989247312,0.8080637480798771,86
0,0,1,1,1,0,0,1,1,0,1,1,0,7,0.4313333333333333,0.4313333333333333,rt_mean_next_mean,1,C3M_on|C4M_on|C5M_on|C8EV_on|E1_on|H6M_on|V3_on,2,10,0.4776003659528327,0.2309354838709677,25
0,0,1,1,1,0,0,1,1,1,1,0,0,7,0.8138709677419355,0.8138709677419355,rt_mean_next_mean,1,C3M_on|C4M_on|C5M_on|C8EV_on|E1_on|H3_on|H6M_on,5,10,0.907956989247312,0.8080637480798771,86
0,0,1,1,1,0,1,1,0,0,1,1,0,7,0.624,0.624,rt_mean_next_mean,1,C3M_on|C4M_on|C5M_on|C7M_on|C8EV_on|H6M_on|V3_on,3,10,0.6685232974910394,0.516774193548387,43
0,0,1,1,1,0,1,1,0,1,1,0,0,7,0.9451612903225808,0.9451612903225808,rt_mean_next_mean,1,C3M_on|C4M_on|C5M_on|C7M_on|C8EV_on|H3_on|H6M_on,6,10,1.0068333333333332,0.9107816180235536,108
0,0,1,1,1,0,1,1,1,1,1,0,0,8,0.9461290322580644,0.9461290322580644,rt_mean_next_mean,1,C3M_on|C4M_on|C5M_on|C7M_on|C8EV_on|E1_on|H3_on|H6M_on,6,10,1.0068333333333332,0.9107816180235536,108
0,0,1,1,1,0,1,1,1,1,1,1,0,9,1.0660000000000005,1.0660000000000005,rt_mean_next_mean,2,C3M_on|C4M_on|C5M_on|C7M_on|C8EV_on|E1_on|H3_on|H6M_on|V3_on,7,10,1.1125806451612903,1.0075612903225806,101
0,0,1,1,1,1,0,1,1,1,1,1,0,9,1.177878136200717,1.177878136200717,rt_mean_next_mean,3,C3M_on|C4M_on|C5M_on|C6M_on|C8EV_on|E1_on|H3_on|H6M_on|V3_on,8,10,1.269462365591398,1.120225806451613,75
0,0,1,1,1,1,1,1,0,0,1,0,0,7,1.1393548387096777,1.1393548387096777,rt_mean_next_mean,1,C3M_on|C4M_on|C5M_on|C6M_on|C7M_on|C8EV_on|H6M_on,8,10,1.269462365591398,1.120225806451613,75
0,0,1,1,1,1,1,1,0,0,1,1,0,8,0.874505376344086,0.874505376344086,rt_mean_next_mean,2,C3M_on|C4M_on|C5M_on|C6M_on|C7M_on|C8EV_on|H6M_on|V3_on,5,10,0.907956989247312,0.8080637480798771,86
0,0,1,1,1,1,1,1,0,1,1,0,0,8,0.9610752688172044,0.9610752688172044,rt_mean_next_mean,5,C3M_on|C4M_on|C5M_on|C6M_on|C7M_on|C8EV_on|H3_on|H6M_on,6,10,1.0068333333333332,0.9107816180235536,108
0,1,0,0,0,0,0,0,0,0,1,1,0,3,1.1316505376344086,1.1316505376344086,rt_mean_next_mean,2,C2M_on|H6M_on|V3_on,8,10,1.269462365591398,1.120225806451613,75
0,1,0,0,0,0,0,0,1,0,1,1,0,4,0.0,0.0,rt_mean_next_mean,2,C2M_on|E1_on|H6M_on|V3_on,1,10,0.2043620071684588,0.0,30
0,1,0,0,0,0,0,0,1,0,1,1,1,5,0.0,0.0,rt_mean_next_mean,3,C2M_on|E1_on|H6M_on|V3_on|V4_on,1,10,0.2043620071684588,0.0,30
0,1,0,0,0,0,0,0,1,1,1,1,0,5,0.9257388632872504,0.9257388632872504,rt_mean_next_mean,7,C2M_on|E1_on|H3_on|H6M_on|V3_on,6,10,1.0068333333333332,0.9107816180235536,108
0,1,0,0,0,0,0,0,1,1,1,1,1,6,0.9838548387096776,0.9838548387096776,rt_mean_next_mean,2,C2M_on|E1_on|H3_on|H6M_on|V3_on|V4_on,6,10,1.0068333333333332,0.9107816180235536,108
0,1,0,0,0,0,0,1,0,0,1,1,0,4,0.7961605674527875,0.7961605674527875,rt_mean_next_mean,17,C2M_on|C8EV_on|H6M_on|V3_on,4,10,0.8024135944700461,0.6738709677419356,79
0,1,0,0,0,0,0,1,0,0,1,1,1,5,0.060016129032258,0.060016129032258,rt_mean_next_mean,2,C2M_on|C8EV_on|H6M_on|V3_on|V4_on,1,10,0.2043620071684588,0.0,30
0,1,0,0,0,0,0,1,0,1,1,0,0,4,1.1283333333333334,1.1283333333333334,rt_mean_next_mean,1,C2M_on|C8EV_on|H3_on|H6M_on,8,10,1.269462365591398,1.120225806451613,75
0,1,0,0,0,0,0,1,0,1,1,1,0,5,0.9691397849462364,0.9691397849462364,rt_mean_next_mean,3,C2M_on|C8EV_on|H3_on|H6M_on|V3_on,6,10,1.0068333333333332,0.9107816180235536,108
0,1,0,0,0,0,0,1,0,1,1,1,1,6,0.9349333333333334,0.9349333333333334,rt_mean_next_mean,5,C2M_on|C8EV_on|H3_on|H6M_on|V3_on|V4_on,6,10,1.0068333333333332,0.9107816180235536,108
0,1,0,0,0,0,0,1,1,0,1,0,0,4,0.9702258064516128,0.9702258064516128,rt_mean_next_mean,6,C2M_on|C8EV_on|E1_on|H6M_on,6,10,1.0068333333333332,0.9107816180235536,108
0,1,0,0,0,0,0,1,1,0,1,1,0,5,0.7245967741935484,0.7245967741935484,rt_mean_next_mean,2,C2M_on|C8EV_on|E1_on|H6M_on|V3_on,4,10,0.8024135944700461,0.6738709677419356,79
0,1,0,0,0,0,0,1,1,0,1,1,1,6,0.531,0.531,rt_mean_next_mean,3,C2M_on|C8EV_on|E1_on|H6M_on|V3_on|V4_on,3,10,0.6685232974910394,0.516774193548387,43
0,1,0,0,0,0,0,1,1,1,1,1,0,6,0.8496290322580645,0.8496290322580645,rt_mean_next_mean,8,C2M_on|C8EV_on|E1_on|H3_on|H6M_on|V3_on,5,10,0.907956989247312,0.8080637480798771,86
0,1,0,0,0,0,0,1,1,1,1,1,1,7,1.022706093189964,1.022706093189964,rt_mean_next_mean,3,C2M_on|C8EV_on|E1_on|H3_on|H6M_on|V3_on|V4_on,7,10,1.1125806451612903,1.0075612903225806,101
0,1,0,0,0,0,1,1,0,1,1,1,0,6,1.1271236559139786,1.1271236559139786,rt_mean_next_mean,2,C2M_on|C7M_on|C8EV_on|H3_on|H6M_on|V3_on,8,10,1.269462365591398,1.120225806451613,75
0,1,0,0,0,0,1,1,1,0,1,1,0,6,0.8630702764976959,0.8630702764976959,rt_mean_next_mean,2,C2M_on|C7M_on|C8EV_on|E1_on|H6M_on|V3_on,5,10,0.907956989247312,0.8080637480798771,86
0,1,0,0,0,1,0,0,0,0,0,0,0,2,1.2006666666666668,1.2006666666666668,rt_mean_next_mean,1,C2M_on|C6M_on,8,10,1.269462365591398,1.120225806451613,75
0,1,0,0,0,1,0,0,1,1,1,1,1,7,1.2138709677419357,1.2138709677419357,rt_mean_next_mean,1,C2M_on|C6M_on|E1_on|H3_on|H6M_on|V3_on|V4_on,8,10,1.269462365591398,1.120225806451613,75
0,1,0,0,0,1,0,1,0,0,1,1,1,6,1.0773172043010752,1.0773172043010752,rt_mean_next_mean,2,C2M_on|C6M_on|C8EV_on|H6M_on|V3_on|V4_on,7,10,1.1125806451612903,1.0075612903225806,101
0,1,0,0,0,1,0,1,0,1,1,1,0,6,1.259733870967742,1.259733870967742,rt_mean_next_mean,4,C2M_on|C6M_on|C8EV_on|H3_on|H6M_on|V3_on,8,10,1.269462365591398,1.120225806451613,75
0,1,0,0,0,1,0,1,1,1,1,0,0,6,0.3080645161290323,0.3080645161290323,rt_mean_next_mean,1,C2M_on|C6M_on|C8EV_on|E1_on|H3_on|H6M_on,2,10,0.4776003659528327,0.2309354838709677,25
0,1,0,0,0,1,1,1,0,1,1,1,1,8,0.8148924731182796,0.8148924731182796,rt_mean_next_mean,4,C2M_on|C6M_on|C7M_on|C8EV_on|H3_on|H6M_on|V3_on|V4_on,5,10,0.907956989247312,0.8080637480798771,86
0,1,0,0,1,0,0,1,0,0,1,1,0,5,0.0717784946236559,0.0717784946236559,rt_mean_next_mean,5,C2M_on|C5M_on|C8EV_on|H6M_on|V3_on,1,10,0.2043620071684588,0.0,30
0,1,0,0,1,0,0,1,0,1,1,1,1,7,1.1988100358422935,1.1988100358422935,rt_mean_next_mean,3,C2M_on|C5M_on|C8EV_on|H3_on|H6M_on|V3_on|V4_on,8,10,1.269462365591398,1.120225806451613,75
0,1,0,0,1,0,0,1,1,1,1,1,1,8,0.5917569892473118,0.5917569892473118,rt_mean_next_mean,5,C2M_on|C5M_on|C8EV_on|E1_on|H3_on|H6M_on|V3_on|V4_on,3,10,0.6685232974910394,0.516774193548387,43
0,1,0,0,1,1,1,1,0,0,1,1,0,7,1.264,1.264,rt_mean_next_mean,1,C2M_on|C5M_on|C6M_on|C7M_on|C8EV_on|H6M_on|V3_on,8,10,1.269462365591398,1.120225806451613,75
0,1,0,1,0,0,0,0,1,1,1,1,0,6,0.2737670250896057,0.2737670250896057,rt_mean_next_mean,3,C2M_on|C4M_on|E1_on|H3_on|H6M_on|V3_on,2,10,0.4776003659528327,0.2309354838709677,25
0,1,0,1,0,0,0,1,0,1,1,0,0,5,1.179032258064516,1.179032258064516,rt_mean_next_mean,1,C2M_on|C4M_on|C8EV_on|H3_on|H6M_on,8,10,1.269462365591398,1.120225806451613,75
0,1,0,1,0,0,0,1,1,1,1,0,0,6,1.03,1.03,rt_mean_next_mean,1,C2M_on|C4M_on|C8EV_on|E1_on|H3_on|H6M_on,7,10,1.1125806451612903,1.0075612903225806,101
0,1,0,1,0,0,0,1,1,1,1,1,1,8,0.9050716845878136,0.9050716845878136,rt_mean_next_mean,3,C2M_on|C4M_on|C8EV_on|E1_on|H3_on|H6M_on|V3_on|V4_on,5,10,0.907956989247312,0.8080637480798771,86
0,1,0,1,0,0,1,1,1,1,1,1,1,9,1.0729032258064517,1.0729032258064517,rt_mean_next_mean,1,C2M_on|C4M_on|C7M_on|C8EV_on|E1_on|H3_on|H6M_on|V3_on|V4_on,7,10,1.1125806451612903,1.0075612903225806,101
0,1,0,1,0,1,0,1,0,1,1,1,0,7,0.9182142857142858,0.9182142857142858,rt_mean_next_mean,1,C2M_on|C4M_on|C6M_on|C8EV_on|H3_on|H6M_on|V3_on,6,10,1.0068333333333332,0.9107816180235536,108
0,1,0,1,1,0,0,1,0,0,1,1,0,6,0.7245483870967742,0.7245483870967742,rt_mean_next_mean,2,C2M_on|C4M_on|C5M_on|C8EV_on|H6M_on|V3_on,4,10,0.8024135944700461,0.6738709677419356,79
0,1,0,1,1,0,0,1,1,1,1,1,1,9,0.7932142857142858,0.7932142857142858,rt_mean_next_mean,1,C2M_on|C4M_on|C5M_on|C8EV_on|E1_on|H3_on|H6M_on|V3_on|V4_on,4,10,0.8024135944700461,0.6738709677419356,79
0,1,1,0,0,0,0,1,0,0,0,1,0,4,1.4603225806451614,1.4603225806451614,rt_mean_next_mean,1,C2M_on|C3M_on|C8EV_on|V3_on,9,10,1.4780645161290322,1.2796774193548388,21
0,1,1,0,0,0,0,1,0,0,1,0,0,4,0.8208271889400922,0.8208271889400922,rt_mean_next_mean,4,C2M_on|C3M_on|C8EV_on|H6M_on,5,10,0.907956989247312,0.8080637480798771,86
0,1,1,0,0,0,0,1,0,0,1,1,0,5,1.1475806451612904,1.1475806451612904,rt_mean_next_mean,2,C2M_on|C3M_on|C8EV_on|H6M_on|V3_on,8,10,1.269462365591398,1.120225806451613,75
0,1,1,0,0,0,0,1,0,0,1,1,1,6,0.7107688172043012,0.7107688172043012,rt_mean_next_mean,4,C2M_on|C3M_on|C8EV_on|H6M_on|V3_on|V4_on,4,10,0.8024135944700461,0.6738709677419356,79
0,1,1,0,0,0,0,1,0,1,1,1,0,6,0.8227864823348694,0.8227864823348694,rt_mean_next_mean,7,C2M_on|C3M_on|C8EV_on|H3_on|H6M_on|V3_on,5,10,0.907956989247312,0.8080637480798771,86
0,1,1,0,0,0,0,1,1,0,1,1,0,6,0.8889408602150537,0.8889408602150537,rt_mean_next_mean,2,C2M_on|C3M_on|C8EV_on|E1_on|H6M_on|V3_on,5,10,0.907956989247312,0.8080637480798771,86
0,1,1,0,0,0,0,1,1,0,1,1,1,7,0.0006666666666666,0.0006666666666666,rt_mean_next_mean,2,C2M_on|C3M_on|C8EV_on|E1_on|H6M_on|V3_on|V4_on,1,10,0.2043620071684588,0.0,30
0,1,1,0,0,0,0,1,1,1,1,1,0,7,0.7388490783410139,0.7388490783410139,rt_mean_next_mean,8,C2M_on|C3M_on|C8EV_on|E1_on|H3_on|H6M_on|V3_on,4,10,0.8024135944700461,0.6738709677419356,79
0,1,1,0,0,0,0,1,1,1,1,1,1,8,0.03,0.03,rt_mean_next_mean,1,C2M_on|C3M_on|C8EV_on|E1_on|H3_on|H6M_on|V3_on|V4_on,1,10,0.2043620071684588,0.0,30
0,1,1,0,0,0,1,1,0,0,1,1,0,6,0.4439032258064516,0.4439032258064516,rt_mean_next_mean,8,C2M_on|C3M_on|C7M_on|C8EV_on|H6M_on|V3_on,2,10,0.4776003659528327,0.2309354838709677,25
0,1,1,0,0,0,1,1,0,1,1,0,0,6,1.1951612903225808,1.1951612903225808,rt_mean_next_mean,1,C2M_on|C3M_on|C7M_on|C8EV_on|H3_on|H6M_on,8,10,1.269462365591398,1.120225806451613,75
0,1,1,0,0,0,1,1,0,1,1,1,0,7,0.432258064516129,0.432258064516129,rt_mean_next_mean,1,C2M_on|C3M_on|C7M_on|C8EV_on|H3_on|H6M_on|V3_on,2,10,0.4776003659528327,0.2309354838709677,25
0,1,1,0,0,0,1,1,1,0,1,1,1,8,0.8522580645161291,0.8522580645161291,rt_mean_next_mean,1,C2M_on|C3M_on|C7M_on|C8EV_on|E1_on|H6M_on|V3_on|V4_on,5,10,0.907956989247312,0.8080637480798771,86
0,1,1,0,0,1,0,1,0,0,1,1,0,6,0.015,0.015,rt_mean_next_mean,1,C2M_on|C3M_on|C6M_on|C8EV_on|H6M_on|V3_on,1,10,0.2043620071684588,0.0,30
0,1,1,0,0,1,0,1,0,1,1,1,0,7,0.719,0.719,rt_mean_next_mean,1,C2M_on|C3M_on|C6M_on|C8EV_on|H3_on|H6M_on|V3_on,4,10,0.8024135944700461,0.6738709677419356,79
0,1,1,0,0,1,0,1,1,1,1,1,0,8,0.955,0.955,rt_mean_next_mean,1,C2M_on|C3M_on|C6M_on|C8EV_on|E1_on|H3_on|H6M_on|V3_on,6,10,1.0068333333333332,0.9107816180235536,108
0,1,1,0,0,1,1,1,0,0,1,1,0,7,0.5691612903225807,0.5691612903225807,rt_mean_next_mean,2,C2M_on|C3M_on|C6M_on|C7M_on|C8EV_on|H6M_on|V3_on,3,10,0.6685232974910394,0.516774193548387,43
0,1,1,0,0,1,1,1,0,1,1,0,0,7,0.7693548387096775,0.7693548387096775,rt_mean_next_mean,1,C2M_on|C3M_on|C6M_on|C7M_on|C8EV_on|H3_on|H6M_on,4,10,0.8024135944700461,0.6738709677419356,79
0,1,1,0,0,1,1,1,0,1,1,1,0,8,0.8956935483870968,0.8956935483870968,rt_mean_next_mean,2,C2M_on|C3M_on|C6M_on|C7M_on|C8EV_on|H3_on|H6M_on|V3_on,5,10,0.907956989247312,0.8080637480798771,86
0,1,1,0,0,1,1,1,0,1,1,1,1,9,0.8683010752688172,0.8683010752688172,rt_mean_next_mean,4,C2M_on|C3M_on|C6M_on|C7M_on|C8EV_on|H3_on|H6M_on|V3_on|V4_on,5,10,0.907956989247312,0.8080637480798771,86
0,1,1,0,0,1,1,1,1,1,1,1,1,10,0.1695663082437276,0.1695663082437276,rt_mean_next_mean,3,C2M_on|C3M_on|C6M_on|C7M_on|C8EV_on|E1_on|H3_on|H6M_on|V3_on|V4_on,1,10,0.2043620071684588,0.0,30
0,1,1,0,1,0,0,0,0,0,1,1,0,5,1.0703548387096773,1.0703548387096773,rt_mean_next_mean,5,C2M_on|C3M_on|C5M_on|H6M_on|V3_on,7,10,1.1125806451612903,1.0075612903225806,101
0,1,1,0,1,0,0,0,0,1,1,1,1,7,1.2400537634408604,1.2400537634408604,rt_mean_next_mean,2,C2M_on|C3M_on|C5M_on|H3_on|H6M_on|V3_on|V4_on,8,10,1.269462365591398,1.120225806451613,75
0,1,1,0,1,0,0,1,0,0,1,1,0,6,1.0864960500329164,1.0864960500329164,rt_mean_next_mean,7,C2M_on|C3M_on|C5M_on|C8EV_on|H6M_on|V3_on,7,10,1.1125806451612903,1.0075612903225806,101
0,1,1,0,1,0,0,1,0,1,1,1,0,7,0.8709677419354839,0.8709677419354839,rt_mean_next_mean,1,C2M_on|C3M_on|C5M_on|C8EV_on|H3_on|H6M_on|V3_on,5,10,0.907956989247312,0.8080637480798771,86
0,1,1,0,1,0,0,1,0,1,1,1,1,8,1.1640322580645162,1.1640322580645162,rt_mean_next_mean,2,C2M_on|C3M_on|C5M_on|C8EV_on|H3_on|H6M_on|V3_on|V4_on,8,10,1.269462365591398,1.120225806451613,75
0,1,1,0,1,0,0,1,1,1,1,1,1,9,0.516774193548387,0.516774193548387,rt_mean_next_mean,1,C2M_on|C3M_on|C5M_on|C8EV_on|E1_on|H3_on|H6M_on|V3_on|V4_on,3,10,0.6685232974910394,0.516774193548387,43
0,1,1,1,0,0,0,0,0,0,1,1,0,5,1.019032258064516,1.019032258064516,rt_mean_next_mean,1,C2M_on|C3M_on|C4M_on|H6M_on|V3_on,7,10,1.1125806451612903,1.0075612903225806,101
0,1,1,1,0,0,0,0,0,1,1,1,0,6,0.8242811059907834,0.8242811059907834,rt_mean_next_mean,7,C2M_on|C3M_on|C4M_on|H3_on|H6M_on|V3_on,5,10,0.907956989247312,0.8080637480798771,86
0,1,1,1,0,0,0,1,0,0,1,1,0,6,0.5516515456989247,0.5516515456989247,rt_mean_next_mean,32,C2M_on|C3M_on|C4M_on|C8EV_on|H6M_on|V3_on,3,10,0.6685232974910394,0.516774193548387,43
0,1,1,1,0,0,0,1,0,0,1,1,1,7,0.655834182229768,0.655834182229768,rt_mean_next_mean,19,C2M_on|C3M_on|C4M_on|C8EV_on|H6M_on|V3_on|V4_on,3,10,0.6685232974910394,0.516774193548387,43
0,1,1,1,0,0,0,1,0,1,0,0,0,5,1.6786666666666668,1.6786666666666668,rt_mean_next_mean,1,C2M_on|C3M_on|C4M_on|C8EV_on|H3_on,10,10,1.7748387096774194,1.52,11
0,1,1,1,0,0,0,1,0,1,0,1,1,7,0.8312903225806452,0.8312903225806452,rt_mean_next_mean,1,C2M_on|C3M_on|C4M_on|C8EV_on|H3_on|V3_on|V4_on,5,10,0.907956989247312,0.8080637480798771,86
0,1,1,1,0,0,0,1,0,1,1,0,0,6,1.2175,1.2175,rt_mean_next_mean,4,C2M_on|C3M_on|C4M_on|C8EV_on|H3_on|H6M_on,8,10,1.269462365591398,1.120225806451613,75
0,1,1,1,0,0,0,1,0,1,1,1,0,7,0.8135957421274962,0.8135957421274962,rt_mean_next_mean,32,C2M_on|C3M_on|C4M_on|C8EV_on|H3_on|H6M_on|V3_on,5,10,0.907956989247312,0.8080637480798771,86
0,1,1,1,0,0,0,1,0,1,1,1,1,8,0.7231174261819423,0.7231174261819423,rt_mean_next_mean,9,C2M_on|C3M_on|C4M_on|C8EV_on|H3_on|H6M_on|V3_on|V4_on,4,10,0.8024135944700461,0.6738709677419356,79
0,1,1,1,0,0,0,1,1,0,1,1,0,7,0.9879501865262236,0.9879501865262236,rt_mean_next_mean,14,C2M_on|C3M_on|C4M_on|C8EV_on|E1_on|H6M_on|V3_on,6,10,1.0068333333333332,0.9107816180235536,108
0,1,1,1,0,0,0,1,1,0,1,1,1,8,0.541347499573306,0.541347499573306,rt_mean_next_mean,9,C2M_on|C3M_on|C4M_on|C8EV_on|E1_on|H6M_on|V3_on|V4_on,3,10,0.6685232974910394,0.516774193548387,43
0,1,1,1,0,0,0,1,1,1,0,0,0,6,1.198,1.198,rt_mean_next_mean,1,C2M_on|C3M_on|C4M_on|C8EV_on|E1_on|H3_on,8,10,1.269462365591398,1.120225806451613,75
0,1,1,1,0,0,0,1,1,1,1,0,0,7,1.1618387096774194,1.1618387096774194,rt_mean_next_mean,2,C2M_on|C3M_on|C4M_on|C8EV_on|E1_on|H3_on|H6M_on,8,10,1.269462365591398,1.120225806451613,75
0,1,1,1,0,0,0,1,1,1,1,1,0,8,1.0303931617140738,1.0303931617140738,rt_mean_next_mean,29,C2M_on|C3M_on|C4M_on|C8EV_on|E1_on|H3_on|H6M_on|V3_on,7,10,1.1125806451612903,1.0075612903225806,101
0,1,1,1,0,0,0,1,1,1,1,1,1,9,0.7530384024577572,0.7530384024577572,rt_mean_next_mean,7,C2M_on|C3M_on|C4M_on|C8EV_on|E1_on|H3_on|H6M_on|V3_on|V4_on,4,10,0.8024135944700461,0.6738709677419356,79
0,1,1,1,0,0,1,1,0,1,1,1,0,8,1.241,1.241,rt_mean_next_mean,1,C2M_on|C3M_on|C4M_on|C7M_on|C8EV_on|H3_on|H6M_on|V3_on,8,10,1.269462365591398,1.120225806451613,75
0,1,1,1,0,0,1,1,1,1,1,1,0,9,1.3409677419354835,1.3409677419354835,rt_mean_next_mean,4,C2M_on|C3M_on|C4M_on|C7M_on|C8EV_on|E1_on|H3_on|H6M_on|V3_on,9,10,1.4780645161290322,1.2796774193548388,21
0,1,1,1,0,0,1,1,1,1,1,1,1,10,1.024333333333333,1.024333333333333,rt_mean_next_mean,1,C2M_on|C3M_on|C4M_on|C7M_on|C8EV_on|E1_on|H3_on|H6M_on|V3_on|V4_on,7,10,1.1125806451612903,1.0075612903225806,101
0,1,1,1,0,1,0,1,0,0,1,0,0,6,0.817741935483871,0.817741935483871,rt_mean_next_mean,1,C2M_on|C3M_on|C4M_on|C6M_on|C8EV_on|H6M_on,5,10,0.907956989247312,0.8080637480798771,86
0,1,1,1,0,1,0,1,0,0,1,1,0,7,0.9865102589422866,0.9865102589422866,rt_mean_next_mean,14,C2M_on|C3M_on|C4M_on|C6M_on|C8EV_on|H6M_on|V3_on,6,10,1.0068333333333332,0.9107816180235536,108
0,1,1,1,0,1,0,1,0,0,1,1,1,8,0.954163082437276,0.954163082437276,rt_mean_next_mean,6,C2M_on|C3M_on|C4M_on|C6M_on|C8EV_on|H6M_on|V3_on|V4_on,6,10,1.0068333333333332,0.9107816180235536,108
0,1,1,1,0,1,0,1,0,1,1,0,0,7,0.9052460317460316,0.9052460317460316,rt_mean_next_mean,3,C2M_on|C3M_on|C4M_on|C6M_on|C8EV_on|H3_on|H6M_on,5,10,0.907956989247312,0.8080637480798771,86
0,1,1,1,0,1,0,1,0,1,1,1,0,8,0.9597065647990944,0.9597065647990944,rt_mean_next_mean,38,C2M_on|C3M_on|C4M_on|C6M_on|C8EV_on|H3_on|H6M_on|V3_on,6,10,1.0068333333333332,0.9107816180235536,108
0,1,1,1,0,1,0,1,0,1,1,1,1,9,0.6348387096774194,0.6348387096774194,rt_mean_next_mean,1,C2M_on|C3M_on|C4M_on|C6M_on|C8EV_on|H3_on|H6M_on|V3_on|V4_on,3,10,0.6685232974910394,0.516774193548387,43
0,1,1,1,0,1,0,1,1,0,1,1,0,8,0.9896666666666668,0.9896666666666668,rt_mean_next_mean,1,C2M_on|C3M_on|C4M_on|C6M_on|C8EV_on|E1_on|H6M_on|V3_on,6,10,1.0068333333333332,0.9107816180235536,108
0,1,1,1,0,1,0,1,1,0,1,1,1,9,0.4539324116743472,0.4539324116743472,rt_mean_next_mean,3,C2M_on|C3M_on|C4M_on|C6M_on|C8EV_on|E1_on|H6M_on|V3_on|V4_on,2,10,0.4776003659528327,0.2309354838709677,25
0,1,1,1,0,1,0,1,1,1,1,0,0,8,1.188279569892473,1.188279569892473,rt_mean_next_mean,3,C2M_on|C3M_on|C4M_on|C6M_on|C8EV_on|E1_on|H3_on|H6M_on,8,10,1.269462365591398,1.120225806451613,75
0,1,1,1,0,1,0,1,1,1,1,1,0,9,0.8650714285714286,0.8650714285714286,rt_mean_next_mean,18,C2M_on|C3M_on|C4M_on|C6M_on|C8EV_on|E1_on|H3_on|H6M_on|V3_on,5,10,0.907956989247312,0.8080637480798771,86
0,1,1,1,0,1,0,1,1,1,1,1,1,10,0.5518279569892474,0.5518279569892474,rt_mean_next_mean,3,C2M_on|C3M_on|C4M_on|C6M_on|C8EV_on|E1_on|H3_on|H6M_on|V3_on|V4_on,3,10,0.6685232974910394,0.516774193548387,43
0,1,1,1,0,1,1,0,0,0,1,1,0,7,0.3816129032258064,0.3816129032258064,rt_mean_next_mean,1,C2M_on|C3M_on|C4M_on|C6M_on|C7M_on|H6M_on|V3_on,2,10,0.4776003659528327,0.2309354838709677,25
0,1,1,1,0,1,1,1,0,0,1,1,0,8,1.0102044107965766,1.0102044107965766,rt_mean_next_mean,7,C2M_on|C3M_on|C4M_on|C6M_on|C7M_on|C8EV_on|H6M_on|V3_on,7,10,1.1125806451612903,1.0075612903225806,101
0,1,1,1,0,1,1,1,0,0,1,1,1,9,0.5490437788018433,0.5490437788018433,rt_mean_next_mean,3,C2M_on|C3M_on|C4M_on|C6M_on|C7M_on|C8EV_on|H6M_on|V3_on|V4_on,3,10,0.6685232974910394,0.516774193548387,43
0,1,1,1,0,1,1,1,0,1,1,1,0,9,0.7441935483870968,0.7441935483870968,rt_mean_next_mean,1,C2M_on|C3M_on|C4M_on|C6M_on|C7M_on|C8EV_on|H3_on|H6M_on|V3_on,4,10,0.8024135944700461,0.6738709677419356,79
0,1,1,1,0,1,1,1,0,1,1,1,1,10,0.6685232974910394,0.6685232974910394,rt_mean_next_mean,3,C2M_on|C3M_on|C4M_on|C6M_on|C7M_on|C8EV_on|H3_on|H6M_on|V3_on|V4_on,3,10,0.6685232974910394,0.516774193548387,43
0,1,1,1,0,1,1,1,1,0,1,1,0,9,1.1388709677419353,1.1388709677419353,rt_mean_next_mean,2,C2M_on|C3M_on|C4M_on|C6M_on|C7M_on|C8EV_on|E1_on|H6M_on|V3_on,8,10,1.269462365591398,1.120225806451613,75
0,1,1,1,0,1,1,1,1,0,1,1,1,10,0.6893118279569892,0.6893118279569892,rt_mean_next_mean,2,C2M_on|C3M_on|C4M_on|C6M_on|C7M_on|C8EV_on|E1_on|H6M_on|V3_on|V4_on,4,10,0.8024135944700461,0.6738709677419356,79
0,1,1,1,0,1,1,1,1,1,0,0,0,8,1.042,1.042,rt_mean_next_mean,1,C2M_on|C3M_on|C4M_on|C6M_on|C7M_on|C8EV_on|E1_on|H3_on,7,10,1.1125806451612903,1.0075612903225806,101
0,1,1,1,0,1,1,1,1,1,1,0,0,9,1.229,1.229,rt_mean_next_mean,2,C2M_on|C3M_on|C4M_on|C6M_on|C7M_on|C8EV_on|E1_on|H3_on|H6M_on,8,10,1.269462365591398,1.120225806451613,75
0,1,1,1,0,1,1,1,1,1,1,1,0,10,0.9506076366030284,0.9506076366030284,rt_mean_next_mean,14,C2M_on|C3M_on|C4M_on|C6M_on|C7M_on|C8EV_on|E1_on|H3_on|H6M_on|V3_on,6,10,1.0068333333333332,0.9107816180235536,108
0,1,1,1,0,1,1,1,1,1,1,1,1,11,1.1371428571428572,1.1371428571428572,rt_mean_next_mean,1,C2M_on|C3M_on|C4M_on|C6M_on|C7M_on|C8EV_on|E1_on|H3_on|H6M_on|V3_on|V4_on,8,10,1.269462365591398,1.120225806451613,75
0,1,1,1,1,0,0,1,0,0,1,1,0,7,0.2043620071684588,0.2043620071684588,rt_mean_next_mean,6,C2M_on|C3M_on|C4M_on|C5M_on|C8EV_on|H6M_on|V3_on,1,10,0.2043620071684588,0.0,30
0,1,1,1,1,0,0,1,0,1,1,0,0,7,0.5726785714285714,0.5726785714285714,rt_mean_next_mean,2,C2M_on|C3M_on|C4M_on|C5M_on|C8EV_on|H3_on|H6M_on,3,10,0.6685232974910394,0.516774193548387,43
0,1,1,1,1,0,0,1,0,1,1,1,0,8,0.9113333333333332,0.9113333333333332,rt_mean_next_mean,3,C2M_on|C3M_on|C4M_on|C5M_on|C8EV_on|H3_on|H6M_on|V3_on,6,10,1.0068333333333332,0.9107816180235536,108
0,1,1,1,1,0,0,1,0,1,1,1,1,9,1.068736559139785,1.068736559139785,rt_mean_next_mean,2,C2M_on|C3M_on|C4M_on|C5M_on|C8EV_on|H3_on|H6M_on|V3_on|V4_on,7,10,1.1125806451612903,1.0075612903225806,101
0,1,1,1,1,0,0,1,1,1,1,0,0,8,0.523,0.523,rt_mean_next_mean,1,C2M_on|C3M_on|C4M_on|C5M_on|C8EV_on|E1_on|H3_on|H6M_on,3,10,0.6685232974910394,0.516774193548387,43
0,1,1,1,1,0,0,1,1,1,1,1,0,9,1.1208231780167264,1.1208231780167264,rt_mean_next_mean,9,C2M_on|C3M_on|C4M_on|C5M_on|C8EV_on|E1_on|H3_on|H6M_on|V3_on,8,10,1.269462365591398,1.120225806451613,75
0,1,1,1,1,0,1,1,0,1,1,1,0,9,0.8080637480798771,0.8080637480798771,rt_mean_next_mean,4,C2M_on|C3M_on|C4M_on|C5M_on|C7M_on|C8EV_on|H3_on|H6M_on|V3_on,5,10,0.907956989247312,0.8080637480798771,86
0,1,1,1,1,0,1,1,0,1,1,1,1,10,1.1258897849462366,1.1258897849462366,rt_mean_next_mean,4,C2M_on|C3M_on|C4M_on|C5M_on|C7M_on|C8EV_on|H3_on|H6M_on|V3_on|V4_on,8,10,1.269462365591398,1.120225806451613,75
0,1,1,1,1,0,1,1,1,1,1,1,0,10,1.0806272401433692,1.0806272401433692,rt_mean_next_mean,3,C2M_on|C3M_on|C4M_on|C5M_on|C7M_on|C8EV_on|E1_on|H3_on|H6M_on|V3_on,7,10,1.1125806451612903,1.0075612903225806,101
0,1,1,1,1,1,0,1,0,0,1,0,0,7,1.2431774193548386,1.2431774193548386,rt_mean_next_mean,2,C2M_on|C3M_on|C4M_on|C5M_on|C6M_on|C8EV_on|H6M_on,8,10,1.269462365591398,1.120225806451613,75
0,1,1,1,1,1,0,1,0,1,1,1,0,9,0.9356804217288088,0.9356804217288088,rt_mean_next_mean,11,C2M_on|C3M_on|C4M_on|C5M_on|C6M_on|C8EV_on|H3_on|H6M_on|V3_on,6,10,1.0068333333333332,0.9107816180235536,108
0,1,1,1,1,1,0,1,0,1,1,1,1,10,1.1016666666666666,1.1016666666666666,rt_mean_next_mean,1,C2M_on|C3M_on|C4M_on|C5M_on|C6M_on|C8EV_on|H3_on|H6M_on|V3_on|V4_on,7,10,1.1125806451612903,1.0075612903225806,101
0,1,1,1,1,1,0,1,1,1,1,1,0,10,0.8776088435374149,0.8776088435374149,rt_mean_next_mean,7,C2M_on|C3M_on|C4M_on|C5M_on|C6M_on|C8EV_on|E1_on|H3_on|H6M_on|V3_on,5,10,0.907956989247312,0.8080637480798771,86
0,1,1,1,1,1,1,1,0,0,1,1,0,9,0.9354336917562724,0.9354336917562724,rt_mean_next_mean,9,C2M_on|C3M_on|C4M_on|C5M_on|C6M_on|C7M_on|C8EV_on|H6M_on|V3_on,6,10,1.0068333333333332,0.9107816180235536,108
0,1,1,1,1,1,1,1,0,0,1,1,1,10,0.7803154121863799,0.7803154121863799,rt_mean_next_mean,3,C2M_on|C3M_on|C4M_on|C5M_on|C6M_on|C7M_on|C8EV_on|H6M_on|V3_on|V4_on,4,10,0.8024135944700461,0.6738709677419356,79
0,1,1,1,1,1,1,1,0,1,1,0,0,9,0.9514678699436764,0.9514678699436764,rt_mean_next_mean,6,C2M_on|C3M_on|C4M_on|C5M_on|C6M_on|C7M_on|C8EV_on|H3_on|H6M_on,6,10,1.0068333333333332,0.9107816180235536,108
0,1,1,1,1,1,1,1,0,1,1,1,0,10,0.8578348694316437,0.8578348694316437,rt_mean_next_mean,7,C2M_on|C3M_on|C4M_on|C5M_on|C6M_on|C7M_on|C8EV_on|H3_on|H6M_on|V3_on,5,10,0.907956989247312,0.8080637480798771,86
0,1,1,1,1,1,1,1,0,1,1,1,1,11,1.045498271889401,1.045498271889401,rt_mean_next_mean,4,C2M_on|C3M_on|C4M_on|C5M_on|C6M_on|C7M_on|C8EV_on|H3_on|H6M_on|V3_on|V4_on,7,10,1.1125806451612903,1.0075612903225806,101
0,1,1,1,1,1,1,1,1,1,1,0,0,10,0.4658064516129032,0.4658064516129032,rt_mean_next_mean,1,C2M_on|C3M_on|C4M_on|C5M_on|C6M_on|C7M_on|C8EV_on|E1_on|H3_on|H6M_on,2,10,0.4776003659528327,0.2309354838709677,25
0,1,1,1,1,1,1,1,1,1,1,1,0,11,0.9272791509565704,0.9272791509565704,rt_mean_next_mean,11,C2M_on|C3M_on|C4M_on|C5M_on|C6M_on|C7M_on|C8EV_on|E1_on|H3_on|H6M_on|V3_on,6,10,1.0068333333333332,0.9107816180235536,108
1,0,0,0,0,0,0,0,0,0,0,0,0,1,0.3606451612903226,0.3606451612903226,rt_mean_next_mean,1,C1M_on,2,10,0.4776003659528327,0.2309354838709677,25
1,0,0,0,0,0,0,0,0,0,1,1,1,4,1.0162755376344086,1.0162755376344086,rt_mean_next_mean,8,C1M_on|H6M_on|V3_on|V4_on,7,10,1.1125806451612903,1.0075612903225806,101
1,0,0,0,0,0,0,0,0,1,1,0,0,3,1.092258064516129,1.092258064516129,rt_mean_next_mean,1,C1M_on|H3_on|H6M_on,7,10,1.1125806451612903,1.0075612903225806,101
1,0,0,0,0,0,0,0,0,1,1,1,0,4,0.5966612903225806,0.5966612903225806,rt_mean_next_mean,2,C1M_on|H3_on|H6M_on|V3_on,3,10,0.6685232974910394,0.516774193548387,43
1,0,0,0,0,0,0,0,1,0,1,1,1,5,1.2326559139784945,1.2326559139784945,rt_mean_next_mean,2,C1M_on|E1_on|H6M_on|V3_on|V4_on,8,10,1.269462365591398,1.120225806451613,75
1,0,0,0,0,0,0,0,1,1,1,1,0,5,0.9034254992319508,0.9034254992319508,rt_mean_next_mean,7,C1M_on|E1_on|H3_on|H6M_on|V3_on,5,10,0.907956989247312,0.8080637480798771,86
1,0,0,0,0,0,0,1,0,0,0,0,0,2,1.0363440860215054,1.0363440860215054,rt_mean_next_mean,3,C1M_on|C8EV_on,7,10,1.1125806451612903,1.0075612903225806,101
1,0,0,0,0,0,0,1,0,0,0,1,0,3,0.8292956989247312,0.8292956989247312,rt_mean_next_mean,2,C1M_on|C8EV_on|V3_on,5,10,0.907956989247312,0.8080637480798771,86
1,0,0,0,0,0,0,1,0,0,1,0,0,3,0.4045631720430107,0.4045631720430107,rt_mean_next_mean,8,C1M_on|C8EV_on|H6M_on,2,10,0.4776003659528327,0.2309354838709677,25
1,0,0,0,0,0,0,1,0,0,1,1,1,5,0.9299014976958524,0.9299014976958524,rt_mean_next_mean,4,C1M_on|C8EV_on|H6M_on|V3_on|V4_on,6,10,1.0068333333333332,0.9107816180235536,108
1,0,0,0,0,0,0,1,0,1,0,0,0,3,1.4266666666666663,1.4266666666666663,rt_mean_next_mean,1,C1M_on|C8EV_on|H3_on,9,10,1.4780645161290322,1.2796774193548388,21
1,0,0,0,0,0,0,1,0,1,1,0,0,4,0.7876747311827956,0.7876747311827956,rt_mean_next_mean,8,C1M_on|C8EV_on|H3_on|H6M_on,4,10,0.8024135944700461,0.6738709677419356,79
1,0,0,0,0,0,0,1,0,1,1,1,0,5,0.9611175883256527,0.9611175883256527,rt_mean_next_mean,10,C1M_on|C8EV_on|H3_on|H6M_on|V3_on,6,10,1.0068333333333332,0.9107816180235536,108
1,0,0,0,0,0,0,1,0,1,1,1,1,6,0.7797016129032258,0.7797016129032258,rt_mean_next_mean,4,C1M_on|C8EV_on|H3_on|H6M_on|V3_on|V4_on,4,10,0.8024135944700461,0.6738709677419356,79
1,0,0,0,0,0,0,1,1,0,1,1,0,5,0.1625806451612903,0.1625806451612903,rt_mean_next_mean,1,C1M_on|C8EV_on|E1_on|H6M_on|V3_on,1,10,0.2043620071684588,0.0,30
1,0,0,0,0,0,0,1,1,0,1,1,1,6,0.9021505376344088,0.9021505376344088,rt_mean_next_mean,2,C1M_on|C8EV_on|E1_on|H6M_on|V3_on|V4_on,5,10,0.907956989247312,0.8080637480798771,86
1,0,0,0,0,0,0,1,1,1,0,0,0,4,1.4180716845878136,1.4180716845878136,rt_mean_next_mean,3,C1M_on|C8EV_on|E1_on|H3_on,9,10,1.4780645161290322,1.2796774193548388,21
1,0,0,0,0,0,0,1,1,1,0,1,0,5,1.139709677419355,1.139709677419355,rt_mean_next_mean,2,C1M_on|C8EV_on|E1_on|H3_on|V3_on,8,10,1.269462365591398,1.120225806451613,75
1,0,0,0,0,0,0,1,1,1,1,0,0,5,0.730583237327189,0.730583237327189,rt_mean_next_mean,16,C1M_on|C8EV_on|E1_on|H3_on|H6M_on,4,10,0.8024135944700461,0.6738709677419356,79
1,0,0,0,0,0,0,1,1,1,1,1,0,6,1.022785151049667,1.022785151049667,rt_mean_next_mean,15,C1M_on|C8EV_on|E1_on|H3_on|H6M_on|V3_on,7,10,1.1125806451612903,1.0075612903225806,101
1,0,0,0,0,0,0,1,1,1,1,1,1,7,0.9708602150537634,0.9708602150537634,rt_mean_next_mean,3,C1M_on|C8EV_on|E1_on|H3_on|H6M_on|V3_on|V4_on,6,10,1.0068333333333332,0.9107816180235536,108
1,0,0,0,0,0,1,1,0,0,1,1,0,5,1.180516129032258,1.180516129032258,rt_mean_next_mean,2,C1M_on|C7M_on|C8EV_on|H6M_on|V3_on,8,10,1.269462365591398,1.120225806451613,75
1,0,0,0,0,0,1,1,1,0,1,1,1,7,0.7183870967741935,0.7183870967741935,rt_mean_next_mean,1,C1M_on|C7M_on|C8EV_on|E1_on|H6M_on|V3_on|V4_on,4,10,0.8024135944700461,0.6738709677419356,79
1,0,0,0,0,0,1,1,1,1,1,1,0,7,0.637655529953917,0.637655529953917,rt_mean_next_mean,2,C1M_on|C7M_on|C8EV_on|E1_on|H3_on|H6M_on|V3_on,3,10,0.6685232974910394,0.516774193548387,43
1,0,0,0,0,1,0,1,0,1,1,0,0,5,1.0971428571428572,1.0971428571428572,rt_mean_next_mean,1,C1M_on|C6M_on|C8EV_on|H3_on|H6M_on,7,10,1.1125806451612903,1.0075612903225806,101
1,0,0,0,0,1,0,1,0,1,1,1,1,7,1.0045125448028676,1.0045125448028676,rt_mean_next_mean,3,C1M_on|C6M_on|C8EV_on|H3_on|H6M_on|V3_on|V4_on,6,10,1.0068333333333332,0.9107816180235536,108
1,0,0,0,0,1,0,1,1,1,1,0,0,6,1.0052096774193549,1.0052096774193549,rt_mean_next_mean,2,C1M_on|C6M_on|C8EV_on|E1_on|H3_on|H6M_on,6,10,1.0068333333333332,0.9107816180235536,108
1,0,0,0,0,1,0,1,1,1,1,1,0,7,0.8790322580645161,0.8790322580645161,rt_mean_next_mean,1,C1M_on|C6M_on|C8EV_on|E1_on|H3_on|H6M_on|V3_on,5,10,0.907956989247312,0.8080637480798771,86
1,0,0,0,0,1,1,1,0,1,1,0,0,6,0.6338709677419354,0.6338709677419354,rt_mean_next_mean,1,C1M_on|C6M_on|C7M_on|C8EV_on|H3_on|H6M_on,3,10,0.6685232974910394,0.516774193548387,43
1,0,0,0,0,1,1,1,1,1,1,1,0,8,0.2309354838709677,0.2309354838709677,rt_mean_next_mean,2,C1M_on|C6M_on|C7M_on|C8EV_on|E1_on|H3_on|H6M_on|V3_on,2,10,0.4776003659528327,0.2309354838709677,25
1,0,0,0,1,0,0,0,0,1,1,1,0,5,0.3973333333333333,0.3973333333333333,rt_mean_next_mean,2,C1M_on|C5M_on|H3_on|H6M_on|V3_on,2,10,0.4776003659528327,0.2309354838709677,25
1,0,0,0,1,0,0,1,0,0,1,1,0,5,0.9662177419354838,0.9662177419354838,rt_mean_next_mean,4,C1M_on|C5M_on|C8EV_on|H6M_on|V3_on,6,10,1.0068333333333332,0.9107816180235536,108
1,0,0,0,1,0,0,1,0,0,1,1,1,6,0.6796774193548387,0.6796774193548387,rt_mean_next_mean,1,C1M_on|C5M_on|C8EV_on|H6M_on|V3_on|V4_on,4,10,0.8024135944700461,0.6738709677419356,79
1,0,0,0,1,0,0,1,0,1,1,1,0,6,0.941431899641577,0.941431899641577,rt_mean_next_mean,6,C1M_on|C5M_on|C8EV_on|H3_on|H6M_on|V3_on,6,10,1.0068333333333332,0.9107816180235536,108
1,0,0,0,1,0,1,1,0,0,1,1,0,6,0.89,0.89,rt_mean_next_mean,1,C1M_on|C5M_on|C7M_on|C8EV_on|H6M_on|V3_on,5,10,0.907956989247312,0.8080637480798771,86
1,0,0,0,1,1,0,1,0,1,1,1,0,7,1.3106451612903227,1.3106451612903227,rt_mean_next_mean,1,C1M_on|C5M_on|C6M_on|C8EV_on|H3_on|H6M_on|V3_on,9,10,1.4780645161290322,1.2796774193548388,21
1,0,0,0,1,1,0,1,1,1,1,1,0,8,0.8813333333333334,0.8813333333333334,rt_mean_next_mean,1,C1M_on|C5M_on|C6M_on|C8EV_on|E1_on|H3_on|H6M_on|V3_on,5,10,0.907956989247312,0.8080637480798771,86
1,0,0,1,0,0,0,1,0,0,1,1,0,5,0.0,0.0,rt_mean_next_mean,2,C1M_on|C4M_on|C8EV_on|H6M_on|V3_on,1,10,0.2043620071684588,0.0,30
1,0,0,1,0,0,0,1,0,1,1,1,0,6,1.195715053763441,1.195715053763441,rt_mean_next_mean,2,C1M_on|C4M_on|C8EV_on|H3_on|H6M_on|V3_on,8,10,1.269462365591398,1.120225806451613,75
1,0,0,1,0,0,0,1,1,0,1,1,0,6,0.9761290322580644,0.9761290322580644,rt_mean_next_mean,1,C1M_on|C4M_on|C8EV_on|E1_on|H6M_on|V3_on,6,10,1.0068333333333332,0.9107816180235536,108
1,0,0,1,0,0,0,1,1,1,1,0,0,6,1.2000000000000002,1.2000000000000002,rt_mean_next_mean,1,C1M_on|C4M_on|C8EV_on|E1_on|H3_on|H6M_on,8,10,1.269462365591398,1.120225806451613,75
1,0,0,1,0,0,0,1,1,1,1,1,0,7,1.3826666666666665,1.3826666666666665,rt_mean_next_mean,1,C1M_on|C4M_on|C8EV_on|E1_on|H3_on|H6M_on|V3_on,9,10,1.4780645161290322,1.2796774193548388,21
1,0,0,1,0,0,0,1,1,1,1,1,1,8,0.9696774193548388,0.9696774193548388,rt_mean_next_mean,1,C1M_on|C4M_on|C8EV_on|E1_on|H3_on|H6M_on|V3_on|V4_on,6,10,1.0068333333333332,0.9107816180235536,108
1,0,0,1,0,0,1,1,1,1,1,0,0,7,0.7301479262672811,0.7301479262672811,rt_mean_next_mean,5,C1M_on|C4M_on|C7M_on|C8EV_on|E1_on|H3_on|H6M_on,4,10,0.8024135944700461,0.6738709677419356,79
1,0,0,1,0,1,0,1,0,1,1,0,0,6,1.1714139784946238,1.1714139784946238,rt_mean_next_mean,2,C1M_on|C4M_on|C6M_on|C8EV_on|H3_on|H6M_on,8,10,1.269462365591398,1.120225806451613,75
1,0,0,1,0,1,0,1,1,1,1,0,0,7,0.5366301843317972,0.5366301843317972,rt_mean_next_mean,4,C1M_on|C4M_on|C6M_on|C8EV_on|E1_on|H3_on|H6M_on,3,10,0.6685232974910394,0.516774193548387,43
1,0,0,1,0,1,1,1,0,1,1,0,0,7,1.033870967741935,1.033870967741935,rt_mean_next_mean,1,C1M_on|C4M_on|C6M_on|C7M_on|C8EV_on|H3_on|H6M_on,7,10,1.1125806451612903,1.0075612903225806,101
1,0,0,1,1,0,0,1,1,1,1,1,0,8,1.2287096774193549,1.2287096774193549,rt_mean_next_mean,1,C1M_on|C4M_on|C5M_on|C8EV_on|E1_on|H3_on|H6M_on|V3_on,8,10,1.269462365591398,1.120225806451613,75
1,0,1,0,0,0,0,0,0,1,1,1,0,5,0.5393548387096774,0.5393548387096774,rt_mean_next_mean,1,C1M_on|C3M_on|H3_on|H6M_on|V3_on,3,10,0.6685232974910394,0.516774193548387,43
1,0,1,0,0,0,0,1,0,0,1,1,0,5,0.4586666666666666,0.4586666666666666,rt_mean_next_mean,1,C1M_on|C3M_on|C8EV_on|H6M_on|V3_on,2,10,0.4776003659528327,0.2309354838709677,25
1,0,1,0,0,0,0,1,0,1,1,0,0,5,0.1964516129032258,0.1964516129032258,rt_mean_next_mean,1,C1M_on|C3M_on|C8EV_on|H3_on|H6M_on,1,10,0.2043620071684588,0.0,30
1,0,1,0,0,0,0,1,0,1,1,1,0,6,0.8149569892473117,0.8149569892473117,rt_mean_next_mean,8,C1M_on|C3M_on|C8EV_on|H3_on|H6M_on|V3_on,5,10,0.907956989247312,0.8080637480798771,86
1,0,1,0,0,0,0,1,1,1,0,0,0,5,0.1821827956989247,0.1821827956989247,rt_mean_next_mean,3,C1M_on|C3M_on|C8EV_on|E1_on|H3_on,1,10,0.2043620071684588,0.0,30
1,0,1,0,0,0,0,1,1,1,1,0,0,6,0.9758064516129032,0.9758064516129032,rt_mean_next_mean,1,C1M_on|C3M_on|C8EV_on|E1_on|H3_on|H6M_on,6,10,1.0068333333333332,0.9107816180235536,108
1,0,1,0,0,0,0,1,1,1,1,1,0,7,0.7532891705069125,0.7532891705069125,rt_mean_next_mean,2,C1M_on|C3M_on|C8EV_on|E1_on|H3_on|H6M_on|V3_on,4,10,0.8024135944700461,0.6738709677419356,79
1,0,1,0,0,0,1,1,1,1,1,0,0,7,1.5474193548387096,1.5474193548387096,rt_mean_next_mean,1,C1M_on|C3M_on|C7M_on|C8EV_on|E1_on|H3_on|H6M_on,10,10,1.7748387096774194,1.52,11
1,0,1,0,0,0,1,1,1,1,1,1,0,8,1.1693548387096775,1.1693548387096775,rt_mean_next_mean,1,C1M_on|C3M_on|C7M_on|C8EV_on|E1_on|H3_on|H6M_on|V3_on,8,10,1.269462365591398,1.120225806451613,75
1,0,1,0,0,1,0,0,1,1,0,0,0,5,1.186774193548387,1.186774193548387,rt_mean_next_mean,1,C1M_on|C3M_on|C6M_on|E1_on|H3_on,8,10,1.269462365591398,1.120225806451613,75
1,0,1,0,0,1,0,1,1,1,0,0,0,6,1.2348387096774194,1.2348387096774194,rt_mean_next_mean,2,C1M_on|C3M_on|C6M_on|C8EV_on|E1_on|H3_on,8,10,1.269462365591398,1.120225806451613,75
1,0,1,0,0,1,0,1,1,1,1,0,0,7,1.2929032258064517,1.2929032258064517,rt_mean_next_mean,1,C1M_on|C3M_on|C6M_on|C8EV_on|E1_on|H3_on|H6M_on,9,10,1.4780645161290322,1.2796774193548388,21
1,0,1,0,0,1,1,1,1,1,1,0,0,8,1.17247311827957,1.17247311827957,rt_mean_next_mean,2,C1M_on|C3M_on|C6M_on|C7M_on|C8EV_on|E1_on|H3_on|H6M_on,8,10,1.269462365591398,1.120225806451613,75
1,0,1,0,1,0,0,1,1,1,0,0,0,6,1.7496666666666667,1.7496666666666667,rt_mean_next_mean,1,C1M_on|C3M_on|C5M_on|C8EV_on|E1_on|H3_on,10,10,1.7748387096774194,1.52,11
1,0,1,0,1,0,1,1,0,1,1,1,0,8,0.897,0.897,rt_mean_next_mean,1,C1M_on|C3M_on|C5M_on|C7M_on|C8EV_on|H3_on|H6M_on|V3_on,5,10,0.907956989247312,0.8080637480798771,86
1,0,1,0,1,1,0,1,1,1,1,1,0,9,1.417741935483871,1.417741935483871,rt_mean_next_mean,1,C1M_on|C3M_on|C5M_on|C6M_on|C8EV_on|E1_on|H3_on|H6M_on|V3_on,9,10,1.4780645161290322,1.2796774193548388,21
1,0,1,1,0,0,0,0,0,0,1,1,0,5,1.0233870967741936,1.0233870967741936,rt_mean_next_mean,6,C1M_on|C3M_on|C4M_on|H6M_on|V3_on,7,10,1.1125806451612903,1.0075612903225806,101
1,0,1,1,0,0,0,0,0,1,1,0,0,5,0.0230645161290322,0.0230645161290322,rt_mean_next_mean,2,C1M_on|C3M_on|C4M_on|H3_on|H6M_on,1,10,0.2043620071684588,0.0,30
1,0,1,1,0,0,0,1,0,0,1,0,0,5,0.1813978494623655,0.1813978494623655,rt_mean_next_mean,3,C1M_on|C3M_on|C4M_on|C8EV_on|H6M_on,1,10,0.2043620071684588,0.0,30
1,0,1,1,0,0,0,1,0,0,1,1,0,6,0.3438709677419355,0.3438709677419355,rt_mean_next_mean,1,C1M_on|C3M_on|C4M_on|C8EV_on|H6M_on|V3_on,2,10,0.4776003659528327,0.2309354838709677,25
1,0,1,1,0,0,0,1,0,0,1,1,1,7,1.111125448028674,1.111125448028674,rt_mean_next_mean,3,C1M_on|C3M_on|C4M_on|C8EV_on|H6M_on|V3_on|V4_on,7,10,1.1125806451612903,1.0075612903225806,101
1,0,1,1,0,0,0,1,0,1,0,0,0,5,0.7176666666666667,0.7176666666666667,rt_mean_next_mean,1,C1M_on|C3M_on|C4M_on|C8EV_on|H3_on,4,10,0.8024135944700461,0.6738709677419356,79
1,0,1,1,0,0,0,1,0,1,1,0,0,6,0.8143185209567697,0.8143185209567697,rt_mean_next_mean,7,C1M_on|C3M_on|C4M_on|C8EV_on|H3_on|H6M_on,5,10,0.907956989247312,0.8080637480798771,86
1,0,1,1,0,0,0,1,0,1,1,1,0,7,0.7260412186379929,0.7260412186379929,rt_mean_next_mean,6,C1M_on|C3M_on|C4M_on|C8EV_on|H3_on|H6M_on|V3_on,4,10,0.8024135944700461,0.6738709677419356,79
1,0,1,1,0,0,0,1,1,0,1,1,1,8,1.1932258064516128,1.1932258064516128,rt_mean_next_mean,2,C1M_on|C3M_on|C4M_on|C8EV_on|E1_on|H6M_on|V3_on|V4_on,8,10,1.269462365591398,1.120225806451613,75
1,0,1,1,0,0,0,1,1,1,0,0,0,6,1.0216774193548388,1.0216774193548388,rt_mean_next_mean,4,C1M_on|C3M_on|C4M_on|C8EV_on|E1_on|H3_on,7,10,1.1125806451612903,1.0075612903225806,101
1,0,1,1,0,0,0,1,1,1,1,0,0,7,1.00199623655914,1.00199623655914,rt_mean_next_mean,20,C1M_on|C3M_on|C4M_on|C8EV_on|E1_on|H3_on|H6M_on,6,10,1.0068333333333332,0.9107816180235536,108
1,0,1,1,0,0,0,1,1,1,1,1,0,8,0.8481347040056717,0.8481347040056717,rt_mean_next_mean,13,C1M_on|C3M_on|C4M_on|C8EV_on|E1_on|H3_on|H6M_on|V3_on,5,10,0.907956989247312,0.8080637480798771,86
1,0,1,1,0,0,0,1,1,1,1,1,1,9,0.8977841781874041,0.8977841781874041,rt_mean_next_mean,3,C1M_on|C3M_on|C4M_on|C8EV_on|E1_on|H3_on|H6M_on|V3_on|V4_on,5,10,0.907956989247312,0.8080637480798771,86
1,0,1,1,0,0,1,1,0,1,0,0,0,6,0.7774193548387097,0.7774193548387097,rt_mean_next_mean,1,C1M_on|C3M_on|C4M_on|C7M_on|C8EV_on|H3_on,4,10,0.8024135944700461,0.6738709677419356,79
1,0,1,1,0,0,1,1,0,1,1,0,0,7,0.7585806451612904,0.7585806451612904,rt_mean_next_mean,2,C1M_on|C3M_on|C4M_on|C7M_on|C8EV_on|H3_on|H6M_on,4,10,0.8024135944700461,0.6738709677419356,79
1,0,1,1,0,0,1,1,1,0,1,1,1,9,0.6301036866359446,0.6301036866359446,rt_mean_next_mean,2,C1M_on|C3M_on|C4M_on|C7M_on|C8EV_on|E1_on|H6M_on|V3_on|V4_on,3,10,0.6685232974910394,0.516774193548387,43
1,0,1,1,0,0,1,1,1,1,1,0,0,8,0.5331132323897301,0.5331132323897301,rt_mean_next_mean,7,C1M_on|C3M_on|C4M_on|C7M_on|C8EV_on|E1_on|H3_on|H6M_on,3,10,0.6685232974910394,0.516774193548387,43
1,0,1,1,0,0,1,1,1,1,1,1,0,9,1.0193548387096774,1.0193548387096774,rt_mean_next_mean,1,C1M_on|C3M_on|C4M_on|C7M_on|C8EV_on|E1_on|H3_on|H6M_on|V3_on,7,10,1.1125806451612903,1.0075612903225806,101
1,0,1,1,0,1,0,1,0,1,1,0,0,7,0.8657655913978495,0.8657655913978495,rt_mean_next_mean,10,C1M_on|C3M_on|C4M_on|C6M_on|C8EV_on|H3_on|H6M_on,5,10,0.907956989247312,0.8080637480798771,86
1,0,1,1,0,1,0,1,1,1,0,0,0,7,1.1274032258064517,1.1274032258064517,rt_mean_next_mean,2,C1M_on|C3M_on|C4M_on|C6M_on|C8EV_on|E1_on|H3_on,8,10,1.269462365591398,1.120225806451613,75
1,0,1,1,0,1,0,1,1,1,0,1,0,8,0.8683333333333334,0.8683333333333334,rt_mean_next_mean,1,C1M_on|C3M_on|C4M_on|C6M_on|C8EV_on|E1_on|H3_on|V3_on,5,10,0.907956989247312,0.8080637480798771,86
1,0,1,1,0,1,0,1,1,1,1,0,0,8,1.2031612903225806,1.2031612903225806,rt_mean_next_mean,5,C1M_on|C3M_on|C4M_on|C6M_on|C8EV_on|E1_on|H3_on|H6M_on,8,10,1.269462365591398,1.120225806451613,75
1,0,1,1,0,1,0,1,1,1,1,1,0,9,0.8707718894009217,0.8707718894009217,rt_mean_next_mean,4,C1M_on|C3M_on|C4M_on|C6M_on|C8EV_on|E1_on|H3_on|H6M_on|V3_on,5,10,0.907956989247312,0.8080637480798771,86
1,0,1,1,0,1,1,1,0,1,1,0,0,8,1.0027980030721968,1.0027980030721968,rt_mean_next_mean,3,C1M_on|C3M_on|C4M_on|C6M_on|C7M_on|C8EV_on|H3_on|H6M_on,6,10,1.0068333333333332,0.9107816180235536,108
1,0,1,1,0,1,1,1,1,1,0,0,0,8,1.120951612903226,1.120951612903226,rt_mean_next_mean,2,C1M_on|C3M_on|C4M_on|C6M_on|C7M_on|C8EV_on|E1_on|H3_on,8,10,1.269462365591398,1.120225806451613,75
1,0,1,1,0,1,1,1,1,1,1,0,0,9,0.6380645161290321,0.6380645161290321,rt_mean_next_mean,2,C1M_on|C3M_on|C4M_on|C6M_on|C7M_on|C8EV_on|E1_on|H3_on|H6M_on,3,10,0.6685232974910394,0.516774193548387,43
1,0,1,1,1,0,0,0,0,1,1,1,0,7,1.0218064516129033,1.0218064516129033,rt_mean_next_mean,4,C1M_on|C3M_on|C4M_on|C5M_on|H3_on|H6M_on|V3_on,7,10,1.1125806451612903,1.0075612903225806,101
1,0,1,1,1,0,0,1,0,0,1,1,0,7,0.9167741935483872,0.9167741935483872,rt_mean_next_mean,1,C1M_on|C3M_on|C4M_on|C5M_on|C8EV_on|H6M_on|V3_on,6,10,1.0068333333333332,0.9107816180235536,108
1,0,1,1,1,0,0,1,0,1,1,0,0,7,1.037179723502304,1.037179723502304,rt_mean_next_mean,5,C1M_on|C3M_on|C4M_on|C5M_on|C8EV_on|H3_on|H6M_on,7,10,1.1125806451612903,1.0075612903225806,101
1,0,1,1,1,0,0,1,0,1,1,1,0,8,0.8383870967741935,0.8383870967741935,rt_mean_next_mean,1,C1M_on|C3M_on|C4M_on|C5M_on|C8EV_on|H3_on|H6M_on|V3_on,5,10,0.907956989247312,0.8080637480798771,86
1,0,1,1,1,0,0,1,1,1,0,0,0,7,1.1696774193548387,1.1696774193548387,rt_mean_next_mean,1,C1M_on|C3M_on|C4M_on|C5M_on|C8EV_on|E1_on|H3_on,8,10,1.269462365591398,1.120225806451613,75
1,0,1,1,1,0,0,1,1,1,1,0,0,8,0.6051612903225807,0.6051612903225807,rt_mean_next_mean,1,C1M_on|C3M_on|C4M_on|C5M_on|C8EV_on|E1_on|H3_on|H6M_on,3,10,0.6685232974910394,0.516774193548387,43
1,0,1,1,1,0,0,1,1,1,1,1,0,9,1.120225806451613,1.120225806451613,rt_mean_next_mean,2,C1M_on|C3M_on|C4M_on|C5M_on|C8EV_on|E1_on|H3_on|H6M_on|V3_on,8,10,1.269462365591398,1.120225806451613,75
1,0,1,1,1,0,1,1,0,1,1,0,0,8,0.9475770609318998,0.9475770609318998,rt_mean_next_mean,3,C1M_on|C3M_on|C4M_on|C5M_on|C7M_on|C8EV_on|H3_on|H6M_on,6,10,1.0068333333333332,0.9107816180235536,108
1,0,1,1,1,0,1,1,1,0,1,1,0,9,0.8986666666666667,0.8986666666666667,rt_mean_next_mean,1,C1M_on|C3M_on|C4M_on|C5M_on|C7M_on|C8EV_on|E1_on|H6M_on|V3_on,5,10,0.907956989247312,0.8080637480798771,86
1,0,1,1,1,0,1,1,1,0,1,1,1,10,0.907956989247312,0.907956989247312,rt_mean_next_mean,2,C1M_on|C3M_on|C4M_on|C5M_on|C7M_on|C8EV_on|E1_on|H6M_on|V3_on|V4_on,5,10,0.907956989247312,0.8080637480798771,86
1,0,1,1,1,0,1,1,1,1,1,0,0,9,0.9348136200716844,0.9348136200716844,rt_mean_next_mean,3,C1M_on|C3M_on|C4M_on|C5M_on|C7M_on|C8EV_on|E1_on|H3_on|H6M_on,6,10,1.0068333333333332,0.9107816180235536,108
1,0,1,1,1,1,0,1,0,1,1,0,0,8,1.3103279569892474,1.3103279569892474,rt_mean_next_mean,2,C1M_on|C3M_on|C4M_on|C5M_on|C6M_on|C8EV_on|H3_on|H6M_on,9,10,1.4780645161290322,1.2796774193548388,21
1,0,1,1,1,1,0,1,0,1,1,1,0,9,0.9926666666666668,0.9926666666666668,rt_mean_next_mean,1,C1M_on|C3M_on|C4M_on|C5M_on|C6M_on|C8EV_on|H3_on|H6M_on|V3_on,6,10,1.0068333333333332,0.9107816180235536,108
1,0,1,1,1,1,0,1,1,1,1,0,0,9,1.2504444444444445,1.2504444444444445,rt_mean_next_mean,3,C1M_on|C3M_on|C4M_on|C5M_on|C6M_on|C8EV_on|E1_on|H3_on|H6M_on,8,10,1.269462365591398,1.120225806451613,75
1,0,1,1,1,1,1,1,0,0,1,0,0,8,1.167,1.167,rt_mean_next_mean,1,C1M_on|C3M_on|C4M_on|C5M_on|C6M_on|C7M_on|C8EV_on|H6M_on,8,10,1.269462365591398,1.120225806451613,75
1,0,1,1,1,1,1,1,0,0,1,1,0,9,1.0390322580645162,1.0390322580645162,rt_mean_next_mean,2,C1M_on|C3M_on|C4M_on|C5M_on|C6M_on|C7M_on|C8EV_on|H6M_on|V3_on,7,10,1.1125806451612903,1.0075612903225806,101
1,0,1,1,1,1,1,1,0,1,0,0,0,8,0.8016666666666666,0.8016666666666666,rt_mean_next_mean,1,C1M_on|C3M_on|C4M_on|C5M_on|C6M_on|C7M_on|C8EV_on|H3_on,4,10,0.8024135944700461,0.6738709677419356,79
1,0,1,1,1,1,1,1,0,1,1,0,0,9,0.9653333333333334,0.9653333333333334,rt_mean_next_mean,1,C1M_on|C3M_on|C4M_on|C5M_on|C6M_on|C7M_on|C8EV_on|H3_on|H6M_on,6,10,1.0068333333333332,0.9107816180235536,108
1,0,1,1,1,1,1,1,0,1,1,1,0,10,1.6290322580645162,1.6290322580645162,rt_mean_next_mean,1,C1M_on|C3M_on|C4M_on|C5M_on|C6M_on|C7M_on|C8EV_on|H3_on|H6M_on|V3_on,10,10,1.7748387096774194,1.52,11
1,0,1,1,1,1,1,1,1,0,1,0,0,9,1.1551612903225807,1.1551612903225807,rt_mean_next_mean,1,C1M_on|C3M_on|C4M_on|C5M_on|C6M_on|C7M_on|C8EV_on|E1_on|H6M_on,8,10,1.269462365591398,1.120225806451613,75
1,0,1,1,1,1,1,1,1,1,1,0,0,10,1.147333333333333,1.147333333333333,rt_mean_next_mean,1,C1M_on|C3M_on|C4M_on|C5M_on|C6M_on|C7M_on|C8EV_on|E1_on|H3_on|H6M_on,8,10,1.269462365591398,1.120225806451613,75
1,1,0,0,0,0,0,0,0,0,1,1,1,5,1.625,1.625,rt_mean_next_mean,1,C1M_on|C2M_on|H6M_on|V3_on|V4_on,10,10,1.7748387096774194,1.52,11
1,1,0,0,0,0,0,0,0,1,1,0,0,4,1.2289175627240143,1.2289175627240143,rt_mean_next_mean,3,C1M_on|C2M_on|H3_on|H6M_on,8,10,1.269462365591398,1.120225806451613,75
1,1,0,0,0,0,0,0,0,1,1,1,0,5,1.050150537634409,1.050150537634409,rt_mean_next_mean,2,C1M_on|C2M_on|H3_on|H6M_on|V3_on,7,10,1.1125806451612903,1.0075612903225806,101
1,1,0,0,0,0,0,0,1,1,1,1,0,6,0.7478870967741935,0.7478870967741935,rt_mean_next_mean,2,C1M_on|C2M_on|E1_on|H3_on|H6M_on|V3_on,4,10,0.8024135944700461,0.6738709677419356,79
1,1,0,0,0,0,0,0,1,1,1,1,1,7,0.9543010752688174,0.9543010752688174,rt_mean_next_mean,3,C1M_on|C2M_on|E1_on|H3_on|H6M_on|V3_on|V4_on,6,10,1.0068333333333332,0.9107816180235536,108
1,1,0,0,0,0,0,1,0,0,0,0,0,3,0.7198100358422939,0.7198100358422939,rt_mean_next_mean,3,C1M_on|C2M_on|C8EV_on,4,10,0.8024135944700461,0.6738709677419356,79
1,1,0,0,0,0,0,1,0,0,0,1,1,5,0.0,0.0,rt_mean_next_mean,1,C1M_on|C2M_on|C8EV_on|V3_on|V4_on,1,10,0.2043620071684588,0.0,30
1,1,0,0,0,0,0,1,0,0,1,0,0,4,1.1914516129032258,1.1914516129032258,rt_mean_next_mean,2,C1M_on|C2M_on|C8EV_on|H6M_on,8,10,1.269462365591398,1.120225806451613,75
1,1,0,0,0,0,0,1,0,0,1,1,0,5,1.1719605734767025,1.1719605734767025,rt_mean_next_mean,3,C1M_on|C2M_on|C8EV_on|H6M_on|V3_on,8,10,1.269462365591398,1.120225806451613,75
1,1,0,0,0,0,0,1,0,0,1,1,1,6,0.0004301075268817,0.0004301075268817,rt_mean_next_mean,3,C1M_on|C2M_on|C8EV_on|H6M_on|V3_on|V4_on,1,10,0.2043620071684588,0.0,30
1,1,0,0,0,0,0,1,0,1,1,0,0,5,1.073209677419355,1.073209677419355,rt_mean_next_mean,6,C1M_on|C2M_on|C8EV_on|H3_on|H6M_on,7,10,1.1125806451612903,1.0075612903225806,101
1,1,0,0,0,0,0,1,0,1,1,1,0,6,0.7984026284348865,0.7984026284348865,rt_mean_next_mean,18,C1M_on|C2M_on|C8EV_on|H3_on|H6M_on|V3_on,4,10,0.8024135944700461,0.6738709677419356,79
1,1,0,0,0,0,0,1,0,1,1,1,1,7,1.0516016897081415,1.0516016897081415,rt_mean_next_mean,5,C1M_on|C2M_on|C8EV_on|H3_on|H6M_on|V3_on|V4_on,7,10,1.1125806451612903,1.0075612903225806,101
1,1,0,0,0,0,0,1,1,0,1,1,0,6,0.7180123985077902,0.7180123985077902,rt_mean_next_mean,7,C1M_on|C2M_on|C8EV_on|E1_on|H6M_on|V3_on,4,10,0.8024135944700461,0.6738709677419356,79
1,1,0,0,0,0,0,1,1,1,1,0,0,6,0.8958678955453149,0.8958678955453149,rt_mean_next_mean,3,C1M_on|C2M_on|C8EV_on|E1_on|H3_on|H6M_on,5,10,0.907956989247312,0.8080637480798771,86
1,1,0,0,0,0,0,1,1,1,1,1,0,7,1.103779025857655,1.103779025857655,rt_mean_next_mean,24,C1M_on|C2M_on|C8EV_on|E1_on|H3_on|H6M_on|V3_on,7,10,1.1125806451612903,1.0075612903225806,101
1,1,0,0,0,0,0,1,1,1,1,1,1,8,0.9196290322580644,0.9196290322580644,rt_mean_next_mean,2,C1M_on|C2M_on|C8EV_on|E1_on|H3_on|H6M_on|V3_on|V4_on,6,10,1.0068333333333332,0.9107816180235536,108
1,1,0,0,0,0,1,1,0,0,1,1,0,6,0.8865752688172043,0.8865752688172043,rt_mean_next_mean,2,C1M_on|C2M_on|C7M_on|C8EV_on|H6M_on|V3_on,5,10,0.907956989247312,0.8080637480798771,86
1,1,0,0,0,0,1,1,0,1,1,1,1,8,1.52,1.52,rt_mean_next_mean,1,C1M_on|C2M_on|C7M_on|C8EV_on|H3_on|H6M_on|V3_on|V4_on,10,10,1.7748387096774194,1.52,11
1,1,0,0,0,1,0,0,1,1,1,0,0,6,0.9141935483870968,0.9141935483870968,rt_mean_next_mean,1,C1M_on|C2M_on|C6M_on|E1_on|H3_on|H6M_on,6,10,1.0068333333333332,0.9107816180235536,108
1,1,0,0,0,1,0,1,0,1,1,0,0,6,1.0239285714285715,1.0239285714285715,rt_mean_next_mean,1,C1M_on|C2M_on|C6M_on|C8EV_on|H3_on|H6M_on,7,10,1.1125806451612903,1.0075612903225806,101
1,1,0,0,0,1,0,1,0,1,1,1,1,8,1.0258763440860217,1.0258763440860217,rt_mean_next_mean,2,C1M_on|C2M_on|C6M_on|C8EV_on|H3_on|H6M_on|V3_on|V4_on,7,10,1.1125806451612903,1.0075612903225806,101
1,1,0,0,0,1,0,1,1,1,1,0,0,7,0.958,0.958,rt_mean_next_mean,1,C1M_on|C2M_on|C6M_on|C8EV_on|E1_on|H3_on|H6M_on,6,10,1.0068333333333332,0.9107816180235536,108
1,1,0,0,0,1,1,1,0,1,1,1,1,9,1.095483870967742,1.095483870967742,rt_mean_next_mean,1,C1M_on|C2M_on|C6M_on|C7M_on|C8EV_on|H3_on|H6M_on|V3_on|V4_on,7,10,1.1125806451612903,1.0075612903225806,101
1,1,0,0,0,1,1,1,1,1,1,1,0,9,0.5626666666666666,0.5626666666666666,rt_mean_next_mean,1,C1M_on|C2M_on|C6M_on|C7M_on|C8EV_on|E1_on|H3_on|H6M_on|V3_on,3,10,0.6685232974910394,0.516774193548387,43
1,1,0,0,1,0,0,1,0,1,1,1,1,8,0.7745349462365592,0.7745349462365592,rt_mean_next_mean,4,C1M_on|C2M_on|C5M_on|C8EV_on|H3_on|H6M_on|V3_on|V4_on,4,10,0.8024135944700461,0.6738709677419356,79
1,1,0,0,1,1,0,1,0,1,1,1,1,9,0.9053333333333332,0.9053333333333332,rt_mean_next_mean,1,C1M_on|C2M_on|C5M_on|C6M_on|C8EV_on|H3_on|H6M_on|V3_on|V4_on,5,10,0.907956989247312,0.8080637480798771,86
1,1,0,0,1,1,1,1,0,0,1,0,0,7,1.014516129032258,1.014516129032258,rt_mean_next_mean,1,C1M_on|C2M_on|C5M_on|C6M_on|C7M_on|C8EV_on|H6M_on,7,10,1.1125806451612903,1.0075612903225806,101
1,1,0,0,1,1,1,1,0,1,1,1,0,9,0.7675,0.7675,rt_mean_next_mean,4,C1M_on|C2M_on|C5M_on|C6M_on|C7M_on|C8EV_on|H3_on|H6M_on|V3_on,4,10,0.8024135944700461,0.6738709677419356,79
1,1,0,0,1,1,1,1,1,1,1,0,0,9,1.15,1.15,rt_mean_next_mean,1,C1M_on|C2M_on|C5M_on|C6M_on|C7M_on|C8EV_on|E1_on|H3_on|H6M_on,8,10,1.269462365591398,1.120225806451613,75
1,1,0,1,0,0,0,0,0,0,0,1,0,4,0.0,0.0,rt_mean_next_mean,1,C1M_on|C2M_on|C4M_on|V3_on,1,10,0.2043620071684588,0.0,30
1,1,0,1,0,0,0,0,0,0,1,1,0,5,0.09815821812596,0.09815821812596,rt_mean_next_mean,7,C1M_on|C2M_on|C4M_on|H6M_on|V3_on,1,10,0.2043620071684588,0.0,30
1,1,0,1,0,0,0,1,0,0,1,0,0,5,1.25,1.25,rt_mean_next_mean,1,C1M_on|C2M_on|C4M_on|C8EV_on|H6M_on,8,10,1.269462365591398,1.120225806451613,75
1,1,0,1,0,0,0,1,0,0,1,1,0,6,0.7470833333333333,0.7470833333333333,rt_mean_next_mean,4,C1M_on|C2M_on|C4M_on|C8EV_on|H6M_on|V3_on,4,10,0.8024135944700461,0.6738709677419356,79
1,1,0,1,0,0,0,1,0,0,1,1,1,7,0.3273163402457757,0.3273163402457757,rt_mean_next_mean,8,C1M_on|C2M_on|C4M_on|C8EV_on|H6M_on|V3_on|V4_on,2,10,0.4776003659528327,0.2309354838709677,25
1,1,0,1,0,0,0,1,0,1,1,0,0,6,0.8282296466973885,0.8282296466973885,rt_mean_next_mean,3,C1M_on|C2M_on|C4M_on|C8EV_on|H3_on|H6M_on,5,10,0.907956989247312,0.8080637480798771,86
1,1,0,1,0,0,0,1,0,1,1,1,0,7,0.5405089605734767,0.5405089605734767,rt_mean_next_mean,3,C1M_on|C2M_on|C4M_on|C8EV_on|H3_on|H6M_on|V3_on,3,10,0.6685232974910394,0.516774193548387,43
1,1,0,1,0,0,0,1,0,1,1,1,1,8,0.8024135944700461,0.8024135944700461,rt_mean_next_mean,2,C1M_on|C2M_on|C4M_on|C8EV_on|H3_on|H6M_on|V3_on|V4_on,4,10,0.8024135944700461,0.6738709677419356,79
1,1,0,1,0,0,0,1,1,1,1,0,0,7,1.269462365591398,1.269462365591398,rt_mean_next_mean,5,C1M_on|C2M_on|C4M_on|C8EV_on|E1_on|H3_on|H6M_on,8,10,1.269462365591398,1.120225806451613,75
1,1,0,1,0,0,1,1,1,1,0,0,0,7,1.2077419354838708,1.2077419354838708,rt_mean_next_mean,2,C1M_on|C2M_on|C4M_on|C7M_on|C8EV_on|E1_on|H3_on,8,10,1.269462365591398,1.120225806451613,75
1,1,0,1,0,0,1,1,1,1,1,0,0,8,1.2515967741935483,1.2515967741935483,rt_mean_next_mean,4,C1M_on|C2M_on|C4M_on|C7M_on|C8EV_on|E1_on|H3_on|H6M_on,8,10,1.269462365591398,1.120225806451613,75
1,1,0,1,0,1,0,1,0,0,1,0,0,6,1.4780645161290322,1.4780645161290322,rt_mean_next_mean,1,C1M_on|C2M_on|C4M_on|C6M_on|C8EV_on|H6M_on,9,10,1.4780645161290322,1.2796774193548388,21
1,1,0,1,0,1,0,1,0,0,1,1,0,7,0.7574193548387097,0.7574193548387097,rt_mean_next_mean,1,C1M_on|C2M_on|C4M_on|C6M_on|C8EV_on|H6M_on|V3_on,4,10,0.8024135944700461,0.6738709677419356,79
1,1,0,1,0,1,0,1,0,1,1,1,0,8,0.7167741935483871,0.7167741935483871,rt_mean_next_mean,2,C1M_on|C2M_on|C4M_on|C6M_on|C8EV_on|H3_on|H6M_on|V3_on,4,10,0.8024135944700461,0.6738709677419356,79
1,1,0,1,0,1,0,1,1,1,1,1,0,9,0.95402688172043,0.95402688172043,rt_mean_next_mean,2,C1M_on|C2M_on|C4M_on|C6M_on|C8EV_on|E1_on|H3_on|H6M_on|V3_on,6,10,1.0068333333333332,0.9107816180235536,108
1,1,0,1,0,1,1,1,0,1,1,0,0,8,1.0453333333333332,1.0453333333333332,rt_mean_next_mean,1,C1M_on|C2M_on|C4M_on|C6M_on|C7M_on|C8EV_on|H3_on|H6M_on,7,10,1.1125806451612903,1.0075612903225806,101
1,1,0,1,1,0,0,1,0,1,1,1,1,9,0.714516129032258,0.714516129032258,rt_mean_next_mean,1,C1M_on|C2M_on|C4M_on|C5M_on|C8EV_on|H3_on|H6M_on|V3_on|V4_on,4,10,0.8024135944700461,0.6738709677419356,79
1,1,0,1,1,0,0,1,1,1,1,0,0,8,0.7695827956989247,0.7695827956989247,rt_mean_next_mean,5,C1M_on|C2M_on|C4M_on|C5M_on|C8EV_on|E1_on|H3_on|H6M_on,4,10,0.8024135944700461,0.6738709677419356,79
1,1,0,1,1,0,1,1,0,0,0,0,0,6,0.7463333333333334,0.7463333333333334,rt_mean_next_mean,1,C1M_on|C2M_on|C4M_on|C5M_on|C7M_on|C8EV_on,4,10,0.8024135944700461,0.6738709677419356,79
1,1,0,1,1,1,0,1,0,1,1,1,1,10,0.869,0.869,rt_mean_next_mean,1,C1M_on|C2M_on|C4M_on|C5M_on|C6M_on|C8EV_on|H3_on|H6M_on|V3_on|V4_on,5,10,0.907956989247312,0.8080637480798771,86
1,1,0,1,1,1,0,1,1,1,1,0,0,9,0.7822956989247312,0.7822956989247312,rt_mean_next_mean,4,C1M_on|C2M_on|C4M_on|C5M_on|C6M_on|C8EV_on|E1_on|H3_on|H6M_on,4,10,0.8024135944700461,0.6738709677419356,79
1,1,0,1,1,1,1,1,0,1,0,0,0,8,0.9980645161290324,0.9980645161290324,rt_mean_next_mean,1,C1M_on|C2M_on|C4M_on|C5M_on|C6M_on|C7M_on|C8EV_on|H3_on,6,10,1.0068333333333332,0.9107816180235536,108
1,1,0,1,1,1,1,1,0,1,1,0,0,9,0.920731182795699,0.920731182795699,rt_mean_next_mean,2,C1M_on|C2M_on|C4M_on|C5M_on|C6M_on|C7M_on|C8EV_on|H3_on|H6M_on,6,10,1.0068333333333332,0.9107816180235536,108
1,1,0,1,1,1,1,1,0,1,1,1,0,10,1.1480645161290322,1.1480645161290322,rt_mean_next_mean,1,C1M_on|C2M_on|C4M_on|C5M_on|C6M_on|C7M_on|C8EV_on|H3_on|H6M_on|V3_on,8,10,1.269462365591398,1.120225806451613,75
1,1,0,1,1,1,1,1,1,1,1,0,0,10,1.2467741935483871,1.2467741935483871,rt_mean_next_mean,1,C1M_on|C2M_on|C4M_on|C5M_on|C6M_on|C7M_on|C8EV_on|E1_on|H3_on|H6M_on,8,10,1.269462365591398,1.120225806451613,75
1,1,1,0,0,0,0,0,0,1,1,1,0,6,0.0,0.0,rt_mean_next_mean,1,C1M_on|C2M_on|C3M_on|H3_on|H6M_on|V3_on,1,10,0.2043620071684588,0.0,30
1,1,1,0,0,0,0,0,1,0,1,1,1,7,1.0524551971326164,1.0524551971326164,rt_mean_next_mean,3,C1M_on|C2M_on|C3M_on|E1_on|H6M_on|V3_on|V4_on,7,10,1.1125806451612903,1.0075612903225806,101
1,1,1,0,0,0,0,1,0,0,0,1,1,6,1.059736559139785,1.059736559139785,rt_mean_next_mean,2,C1M_on|C2M_on|C3M_on|C8EV_on|V3_on|V4_on,7,10,1.1125806451612903,1.0075612903225806,101
1,1,1,0,0,0,0,1,0,0,1,1,0,6,0.9434602951980232,0.9434602951980232,rt_mean_next_mean,23,C1M_on|C2M_on|C3M_on|C8EV_on|H6M_on|V3_on,6,10,1.0068333333333332,0.9107816180235536,108
1,1,1,0,0,0,0,1,0,1,1,1,0,7,1.0664576132872503,1.0664576132872503,rt_mean_next_mean,16,C1M_on|C2M_on|C3M_on|C8EV_on|H3_on|H6M_on|V3_on,7,10,1.1125806451612903,1.0075612903225806,101
1,1,1,0,0,0,0,1,0,1,1,1,1,8,0.349293728711681,0.349293728711681,rt_mean_next_mean,23,C1M_on|C2M_on|C3M_on|C8EV_on|H3_on|H6M_on|V3_on|V4_on,2,10,0.4776003659528327,0.2309354838709677,25
1,1,1,0,0,0,0,1,1,0,1,1,0,7,0.9450308755760368,0.9450308755760368,rt_mean_next_mean,5,C1M_on|C2M_on|C3M_on|C8EV_on|E1_on|H6M_on|V3_on,6,10,1.0068333333333332,0.9107816180235536,108
1,1,1,0,0,0,0,1,1,0,1,1,1,8,1.0812903225806452,1.0812903225806452,rt_mean_next_mean,2,C1M_on|C2M_on|C3M_on|C8EV_on|E1_on|H6M_on|V3_on|V4_on,7,10,1.1125806451612903,1.0075612903225806,101
1,1,1,0,0,0,0,1,1,1,1,0,0,7,1.1432434017595308,1.1432434017595308,rt_mean_next_mean,11,C1M_on|C2M_on|C3M_on|C8EV_on|E1_on|H3_on|H6M_on,8,10,1.269462365591398,1.120225806451613,75
1,1,1,0,0,0,0,1,1,1,1,1,0,8,1.0151490381098676,1.0151490381098676,rt_mean_next_mean,21,C1M_on|C2M_on|C3M_on|C8EV_on|E1_on|H3_on|H6M_on|V3_on,7,10,1.1125806451612903,1.0075612903225806,101
1,1,1,0,0,0,0,1,1,1,1,1,1,9,1.0259183673469388,1.0259183673469388,rt_mean_next_mean,21,C1M_on|C2M_on|C3M_on|C8EV_on|E1_on|H3_on|H6M_on|V3_on|V4_on,7,10,1.1125806451612903,1.0075612903225806,101
1,1,1,0,0,0,1,1,0,0,1,1,0,7,0.6792803379416282,0.6792803379416282,rt_mean_next_mean,4,C1M_on|C2M_on|C3M_on|C7M_on|C8EV_on|H6M_on|V3_on,4,10,0.8024135944700461,0.6738709677419356,79
1,1,1,0,0,0,1,1,0,1,1,0,0,7,0.7447311827956988,0.7447311827956988,rt_mean_next_mean,2,C1M_on|C2M_on|C3M_on|C7M_on|C8EV_on|H3_on|H6M_on,4,10,0.8024135944700461,0.6738709677419356,79
1,1,1,0,0,0,1,1,0,1,1,1,0,8,0.8944247311827958,0.8944247311827958,rt_mean_next_mean,2,C1M_on|C2M_on|C3M_on|C7M_on|C8EV_on|H3_on|H6M_on|V3_on,5,10,0.907956989247312,0.8080637480798771,86
1,1,1,0,0,0,1,1,0,1,1,1,1,9,0.0059677419354838,0.0059677419354838,rt_mean_next_mean,2,C1M_on|C2M_on|C3M_on|C7M_on|C8EV_on|H3_on|H6M_on|V3_on|V4_on,1,10,0.2043620071684588,0.0,30
1,1,1,0,0,0,1,1,1,0,1,1,0,8,0.9543333333333331,0.9543333333333331,rt_mean_next_mean,1,C1M_on|C2M_on|C3M_on|C7M_on|C8EV_on|E1_on|H6M_on|V3_on,6,10,1.0068333333333332,0.9107816180235536,108
1,1,1,0,0,0,1,1,1,1,0,0,0,7,1.1516666666666666,1.1516666666666666,rt_mean_next_mean,1,C1M_on|C2M_on|C3M_on|C7M_on|C8EV_on|E1_on|H3_on,8,10,1.269462365591398,1.120225806451613,75
1,1,1,0,0,0,1,1,1,1,1,0,0,8,0.4597956989247312,0.4597956989247312,rt_mean_next_mean,2,C1M_on|C2M_on|C3M_on|C7M_on|C8EV_on|E1_on|H3_on|H6M_on,2,10,0.4776003659528327,0.2309354838709677,25
1,1,1,0,0,0,1,1,1,1,1,1,1,10,1.18258064516129,1.18258064516129,rt_mean_next_mean,1,C1M_on|C2M_on|C3M_on|C7M_on|C8EV_on|E1_on|H3_on|H6M_on|V3_on|V4_on,8,10,1.269462365591398,1.120225806451613,75
1,1,1,0,0,1,0,1,0,0,0,0,0,5,0.7351612903225806,0.7351612903225806,rt_mean_next_mean,1,C1M_on|C2M_on|C3M_on|C6M_on|C8EV_on,4,10,0.8024135944700461,0.6738709677419356,79
1,1,1,0,0,1,0,1,0,0,1,1,0,7,0.7494253456221198,0.7494253456221198,rt_mean_next_mean,10,C1M_on|C2M_on|C3M_on|C6M_on|C8EV_on|H6M_on|V3_on,4,10,0.8024135944700461,0.6738709677419356,79
1,1,1,0,0,1,0,1,1,1,1,0,0,8,1.024333333333333,1.024333333333333,rt_mean_next_mean,1,C1M_on|C2M_on|C3M_on|C6M_on|C8EV_on|E1_on|H3_on|H6M_on,7,10,1.1125806451612903,1.0075612903225806,101
1,1,1,0,0,1,0,1,1,1,1,1,0,9,1.1917231182795698,1.1917231182795698,rt_mean_next_mean,4,C1M_on|C2M_on|C3M_on|C6M_on|C8EV_on|E1_on|H3_on|H6M_on|V3_on,8,10,1.269462365591398,1.120225806451613,75
1,1,1,0,0,1,1,0,1,1,1,0,0,8,0.7625806451612903,0.7625806451612903,rt_mean_next_mean,1,C1M_on|C2M_on|C3M_on|C6M_on|C7M_on|E1_on|H3_on|H6M_on,4,10,0.8024135944700461,0.6738709677419356,79
1,1,1,0,0,1,1,1,0,0,0,0,0,6,0.9122580645161292,0.9122580645161292,rt_mean_next_mean,1,C1M_on|C2M_on|C3M_on|C6M_on|C7M_on|C8EV_on,6,10,1.0068333333333332,0.9107816180235536,108
1,1,1,0,0,1,1,1,0,0,1,1,0,8,0.8086666666666668,0.8086666666666668,rt_mean_next_mean,1,C1M_on|C2M_on|C3M_on|C6M_on|C7M_on|C8EV_on|H6M_on|V3_on,5,10,0.907956989247312,0.8080637480798771,86
1,1,1,0,0,1,1,1,0,1,1,0,0,8,1.1332258064516127,1.1332258064516127,rt_mean_next_mean,1,C1M_on|C2M_on|C3M_on|C6M_on|C7M_on|C8EV_on|H3_on|H6M_on,8,10,1.269462365591398,1.120225806451613,75
1,1,1,0,0,1,1,1,0,1,1,1,0,9,0.7838727598566307,0.7838727598566307,rt_mean_next_mean,6,C1M_on|C2M_on|C3M_on|C6M_on|C7M_on|C8EV_on|H3_on|H6M_on|V3_on,4,10,0.8024135944700461,0.6738709677419356,79
1,1,1,0,0,1,1,1,0,1,1,1,1,10,0.7661075268817205,0.7661075268817205,rt_mean_next_mean,2,C1M_on|C2M_on|C3M_on|C6M_on|C7M_on|C8EV_on|H3_on|H6M_on|V3_on|V4_on,4,10,0.8024135944700461,0.6738709677419356,79
1,1,1,0,0,1,1,1,1,0,1,0,0,8,0.9361290322580644,0.9361290322580644,rt_mean_next_mean,1,C1M_on|C2M_on|C3M_on|C6M_on|C7M_on|C8EV_on|E1_on|H6M_on,6,10,1.0068333333333332,0.9107816180235536,108
1,1,1,0,0,1,1,1,1,1,1,0,0,9,0.9523966973886328,0.9523966973886328,rt_mean_next_mean,6,C1M_on|C2M_on|C3M_on|C6M_on|C7M_on|C8EV_on|E1_on|H3_on|H6M_on,6,10,1.0068333333333332,0.9107816180235536,108
1,1,1,0,0,1,1,1,1,1,1,1,0,10,0.7019354838709677,0.7019354838709677,rt_mean_next_mean,2,C1M_on|C2M_on|C3M_on|C6M_on|C7M_on|C8EV_on|E1_on|H3_on|H6M_on|V3_on,4,10,0.8024135944700461,0.6738709677419356,79
1,1,1,0,0,1,1,1,1,1,1,1,1,11,0.9667857142857142,0.9667857142857142,rt_mean_next_mean,1,C1M_on|C2M_on|C3M_on|C6M_on|C7M_on|C8EV_on|E1_on|H3_on|H6M_on|V3_on|V4_on,6,10,1.0068333333333332,0.9107816180235536,108
1,1,1,0,1,0,0,0,0,1,1,1,0,7,0.8990322580645161,0.8990322580645161,rt_mean_next_mean,1,C1M_on|C2M_on|C3M_on|C5M_on|H3_on|H6M_on|V3_on,5,10,0.907956989247312,0.8080637480798771,86
1,1,1,0,1,0,0,1,0,0,1,1,0,7,1.1508064516129033,1.1508064516129033,rt_mean_next_mean,2,C1M_on|C2M_on|C3M_on|C5M_on|C8EV_on|H6M_on|V3_on,8,10,1.269462365591398,1.120225806451613,75
1,1,1,0,1,0,0,1,0,1,1,1,0,8,0.85115,0.85115,rt_mean_next_mean,20,C1M_on|C2M_on|C3M_on|C5M_on|C8EV_on|H3_on|H6M_on|V3_on,5,10,0.907956989247312,0.8080637480798771,86
1,1,1,0,1,0,0,1,0,1,1,1,1,9,0.5838495836365106,0.5838495836365106,rt_mean_next_mean,19,C1M_on|C2M_on|C3M_on|C5M_on|C8EV_on|H3_on|H6M_on|V3_on|V4_on,3,10,0.6685232974910394,0.516774193548387,43
1,1,1,0,1,0,0,1,1,1,1,0,0,8,0.8561290322580645,0.8561290322580645,rt_mean_next_mean,1,C1M_on|C2M_on|C3M_on|C5M_on|C8EV_on|E1_on|H3_on|H6M_on,5,10,0.907956989247312,0.8080637480798771,86
1,1,1,0,1,0,0,1,1,1,1,1,0,9,1.0581397849462366,1.0581397849462366,rt_mean_next_mean,4,C1M_on|C2M_on|C3M_on|C5M_on|C8EV_on|E1_on|H3_on|H6M_on|V3_on,7,10,1.1125806451612903,1.0075612903225806,101
1,1,1,0,1,0,0,1,1,1,1,1,1,10,0.7967741935483871,0.7967741935483871,rt_mean_next_mean,1,C1M_on|C2M_on|C3M_on|C5M_on|C8EV_on|E1_on|H3_on|H6M_on|V3_on|V4_on,4,10,0.8024135944700461,0.6738709677419356,79
1,1,1,0,1,0,1,0,0,0,0,0,0,5,0.8556666666666667,0.8556666666666667,rt_mean_next_mean,1,C1M_on|C2M_on|C3M_on|C5M_on|C7M_on,5,10,0.907956989247312,0.8080637480798771,86
1,1,1,0,1,0,1,1,0,0,0,1,1,8,0.749258064516129,0.749258064516129,rt_mean_next_mean,2,C1M_on|C2M_on|C3M_on|C5M_on|C7M_on|C8EV_on|V3_on|V4_on,4,10,0.8024135944700461,0.6738709677419356,79
1,1,1,0,1,0,1,1,0,0,1,1,1,9,1.0016129032258063,1.0016129032258063,rt_mean_next_mean,1,C1M_on|C2M_on|C3M_on|C5M_on|C7M_on|C8EV_on|H6M_on|V3_on|V4_on,6,10,1.0068333333333332,0.9107816180235536,108
1,1,1,0,1,0,1,1,0,1,0,1,1,9,1.128064516129032,1.128064516129032,rt_mean_next_mean,1,C1M_on|C2M_on|C3M_on|C5M_on|C7M_on|C8EV_on|H3_on|V3_on|V4_on,8,10,1.269462365591398,1.120225806451613,75
1,1,1,0,1,0,1,1,1,1,1,1,0,10,0.9683333333333334,0.9683333333333334,rt_mean_next_mean,1,C1M_on|C2M_on|C3M_on|C5M_on|C7M_on|C8EV_on|E1_on|H3_on|H6M_on|V3_on,6,10,1.0068333333333332,0.9107816180235536,108
1,1,1,0,1,0,1,1,1,1,1,1,1,11,0.8912903225806451,0.8912903225806451,rt_mean_next_mean,1,C1M_on|C2M_on|C3M_on|C5M_on|C7M_on|C8EV_on|E1_on|H3_on|H6M_on|V3_on|V4_on,5,10,0.907956989247312,0.8080637480798771,86
1,1,1,0,1,1,0,1,0,1,1,1,1,10,1.1556666666666666,1.1556666666666666,rt_mean_next_mean,1,C1M_on|C2M_on|C3M_on|C5M_on|C6M_on|C8EV_on|H3_on|H6M_on|V3_on|V4_on,8,10,1.269462365591398,1.120225806451613,75
1,1,1,0,1,1,0,1,1,1,1,0,0,9,0.6861132872503841,0.6861132872503841,rt_mean_next_mean,4,C1M_on|C2M_on|C3M_on|C5M_on|C6M_on|C8EV_on|E1_on|H3_on|H6M_on,4,10,0.8024135944700461,0.6738709677419356,79
1,1,1,0,1,1,0,1,1,1,1,1,0,10,1.0396426377002417,1.0396426377002417,rt_mean_next_mean,7,C1M_on|C2M_on|C3M_on|C5M_on|C6M_on|C8EV_on|E1_on|H3_on|H6M_on|V3_on,7,10,1.1125806451612903,1.0075612903225806,101
1,1,1,0,1,1,0,1,1,1,1,1,1,11,1.4253333333333331,1.4253333333333331,rt_mean_next_mean,1,C1M_on|C2M_on|C3M_on|C5M_on|C6M_on|C8EV_on|E1_on|H3_on|H6M_on|V3_on|V4_on,9,10,1.4780645161290322,1.2796774193548388,21
1,1,1,0,1,1,1,0,1,0,0,0,0,7,1.0725806451612905,1.0725806451612905,rt_mean_next_mean,2,C1M_on|C2M_on|C3M_on|C5M_on|C6M_on|C7M_on|E1_on,7,10,1.1125806451612903,1.0075612903225806,101
1,1,1,0,1,1,1,1,0,1,1,0,0,9,1.100462365591398,1.100462365591398,rt_mean_next_mean,3,C1M_on|C2M_on|C3M_on|C5M_on|C6M_on|C7M_on|C8EV_on|H3_on|H6M_on,7,10,1.1125806451612903,1.0075612903225806,101
1,1,1,0,1,1,1,1,0,1,1,1,0,10,1.0006157011191574,1.0006157011191574,rt_mean_next_mean,14,C1M_on|C2M_on|C3M_on|C5M_on|C6M_on|C7M_on|C8EV_on|H3_on|H6M_on|V3_on,6,10,1.0068333333333332,0.9107816180235536,108
1,1,1,0,1,1,1,1,0,1,1,1,1,11,1.421240399385561,1.421240399385561,rt_mean_next_mean,3,C1M_on|C2M_on|C3M_on|C5M_on|C6M_on|C7M_on|C8EV_on|H3_on|H6M_on|V3_on|V4_on,9,10,1.4780645161290322,1.2796774193548388,21
1,1,1,0,1,1,1,1,1,1,0,0,0,9,0.9780903225806452,0.9780903225806452,rt_mean_next_mean,5,C1M_on|C2M_on|C3M_on|C5M_on|C6M_on|C7M_on|C8EV_on|E1_on|H3_on,6,10,1.0068333333333332,0.9107816180235536,108
1,1,1,0,1,1,1,1,1,1,1,0,0,10,0.9520698924731184,0.9520698924731184,rt_mean_next_mean,6,C1M_on|C2M_on|C3M_on|C5M_on|C6M_on|C7M_on|C8EV_on|E1_on|H3_on|H6M_on,6,10,1.0068333333333332,0.9107816180235536,108
1,1,1,0,1,1,1,1,1,1,1,1,0,11,0.969473835125448,0.969473835125448,rt_mean_next_mean,15,C1M_on|C2M_on|C3M_on|C5M_on|C6M_on|C7M_on|C8EV_on|E1_on|H3_on|H6M_on|V3_on,6,10,1.0068333333333332,0.9107816180235536,108
1,1,1,0,1,1,1,1,1,1,1,1,1,12,0.7899569892473117,0.7899569892473117,rt_mean_next_mean,3,C1M_on|C2M_on|C3M_on|C5M_on|C6M_on|C7M_on|C8EV_on|E1_on|H3_on|H6M_on|V3_on|V4_on,4,10,0.8024135944700461,0.6738709677419356,79
1,1,1,1,0,0,0,0,0,0,1,1,0,6,0.0,0.0,rt_mean_next_mean,2,C1M_on|C2M_on|C3M_on|C4M_on|H6M_on|V3_on,1,10,0.2043620071684588,0.0,30
1,1,1,1,0,0,0,0,0,1,1,1,0,7,0.008,0.008,rt_mean_next_mean,2,C1M_on|C2M_on|C3M_on|C4M_on|H3_on|H6M_on|V3_on,1,10,0.2043620071684588,0.0,30
1,1,1,1,0,0,0,0,1,1,1,1,0,8,1.0917834101382489,1.0917834101382489,rt_mean_next_mean,7,C1M_on|C2M_on|C3M_on|C4M_on|E1_on|H3_on|H6M_on|V3_on,7,10,1.1125806451612903,1.0075612903225806,101
1,1,1,1,0,0,0,1,0,0,1,0,0,6,0.864428475422427,0.864428475422427,rt_mean_next_mean,8,C1M_on|C2M_on|C3M_on|C4M_on|C8EV_on|H6M_on,5,10,0.907956989247312,0.8080637480798771,86
1,1,1,1,0,0,0,1,0,0,1,1,0,7,0.8203080467919178,0.8203080467919178,rt_mean_next_mean,26,C1M_on|C2M_on|C3M_on|C4M_on|C8EV_on|H6M_on|V3_on,5,10,0.907956989247312,0.8080637480798771,86
1,1,1,1,0,0,0,1,0,0,1,1,1,8,0.9697606246799796,0.9697606246799796,rt_mean_next_mean,3,C1M_on|C2M_on|C3M_on|C4M_on|C8EV_on|H6M_on|V3_on|V4_on,6,10,1.0068333333333332,0.9107816180235536,108
1,1,1,1,0,0,0,1,0,1,1,0,0,7,1.0385593781450289,1.0385593781450289,rt_mean_next_mean,29,C1M_on|C2M_on|C3M_on|C4M_on|C8EV_on|H3_on|H6M_on,7,10,1.1125806451612903,1.0075612903225806,101
1,1,1,1,0,0,0,1,0,1,1,1,0,8,0.969302598979238,0.969302598979238,rt_mean_next_mean,62,C1M_on|C2M_on|C3M_on|C4M_on|C8EV_on|H3_on|H6M_on|V3_on,6,10,1.0068333333333332,0.9107816180235536,108
1,1,1,1,0,0,0,1,0,1,1,1,1,9,1.0663419215193408,1.0663419215193408,rt_mean_next_mean,11,C1M_on|C2M_on|C3M_on|C4M_on|C8EV_on|H3_on|H6M_on|V3_on|V4_on,7,10,1.1125806451612903,1.0075612903225806,101
1,1,1,1,0,0,0,1,1,0,1,0,0,7,1.1206451612903223,1.1206451612903223,rt_mean_next_mean,2,C1M_on|C2M_on|C3M_on|C4M_on|C8EV_on|E1_on|H6M_on,8,10,1.269462365591398,1.120225806451613,75
1,1,1,1,0,0,0,1,1,0,1,1,0,8,0.9197771560236998,0.9197771560236998,rt_mean_next_mean,28,C1M_on|C2M_on|C3M_on|C4M_on|C8EV_on|E1_on|H6M_on|V3_on,6,10,1.0068333333333332,0.9107816180235536,108
1,1,1,1,0,0,0,1,1,0,1,1,1,9,1.0774792626728111,1.0774792626728111,rt_mean_next_mean,5,C1M_on|C2M_on|C3M_on|C4M_on|C8EV_on|E1_on|H6M_on|V3_on|V4_on,7,10,1.1125806451612903,1.0075612903225806,101
1,1,1,1,0,0,0,1,1,1,0,0,0,7,1.0156451612903226,1.0156451612903226,rt_mean_next_mean,6,C1M_on|C2M_on|C3M_on|C4M_on|C8EV_on|E1_on|H3_on,7,10,1.1125806451612903,1.0075612903225806,101
1,1,1,1,0,0,0,1,1,1,1,0,0,8,1.0679121507320772,1.0679121507320772,rt_mean_next_mean,79,C1M_on|C2M_on|C3M_on|C4M_on|C8EV_on|E1_on|H3_on|H6M_on,7,10,1.1125806451612903,1.0075612903225806,101
1,1,1,1,0,0,0,1,1,1,1,1,0,9,1.0718912135176653,1.0718912135176653,rt_mean_next_mean,150,C1M_on|C2M_on|C3M_on|C4M_on|C8EV_on|E1_on|H3_on|H6M_on|V3_on,7,10,1.1125806451612903,1.0075612903225806,101
1,1,1,1,0,0,0,1,1,1,1,1,1,10,0.9142005511882172,0.9142005511882172,rt_mean_next_mean,17,C1M_on|C2M_on|C3M_on|C4M_on|C8EV_on|E1_on|H3_on|H6M_on|V3_on|V4_on,6,10,1.0068333333333332,0.9107816180235536,108
1,1,1,1,0,0,1,0,1,0,1,0,0,7,1.306774193548387,1.306774193548387,rt_mean_next_mean,1,C1M_on|C2M_on|C3M_on|C4M_on|C7M_on|E1_on|H6M_on,9,10,1.4780645161290322,1.2796774193548388,21
1,1,1,1,0,0,1,1,0,0,1,0,0,7,1.0339354838709678,1.0339354838709678,rt_mean_next_mean,2,C1M_on|C2M_on|C3M_on|C4M_on|C7M_on|C8EV_on|H6M_on,7,10,1.1125806451612903,1.0075612903225806,101
1,1,1,1,0,0,1,1,0,0,1,1,0,8,0.7925268817204301,0.7925268817204301,rt_mean_next_mean,2,C1M_on|C2M_on|C3M_on|C4M_on|C7M_on|C8EV_on|H6M_on|V3_on,4,10,0.8024135944700461,0.6738709677419356,79
1,1,1,1,0,0,1,1,0,0,1,1,1,9,0.901146953405018,0.901146953405018,rt_mean_next_mean,3,C1M_on|C2M_on|C3M_on|C4M_on|C7M_on|C8EV_on|H6M_on|V3_on|V4_on,5,10,0.907956989247312,0.8080637480798771,86
1,1,1,1,0,0,1,1,0,1,0,0,0,7,1.0158136200716843,1.0158136200716843,rt_mean_next_mean,3,C1M_on|C2M_on|C3M_on|C4M_on|C7M_on|C8EV_on|H3_on,7,10,1.1125806451612903,1.0075612903225806,101
1,1,1,1,0,0,1,1,0,1,1,0,0,8,0.968831093189964,0.968831093189964,rt_mean_next_mean,12,C1M_on|C2M_on|C3M_on|C4M_on|C7M_on|C8EV_on|H3_on|H6M_on,6,10,1.0068333333333332,0.9107816180235536,108
1,1,1,1,0,0,1,1,0,1,1,1,0,9,0.6587996295292311,0.6587996295292311,rt_mean_next_mean,17,C1M_on|C2M_on|C3M_on|C4M_on|C7M_on|C8EV_on|H3_on|H6M_on|V3_on,3,10,0.6685232974910394,0.516774193548387,43
1,1,1,1,0,0,1,1,0,1,1,1,1,10,0.7615898617511521,0.7615898617511521,rt_mean_next_mean,2,C1M_on|C2M_on|C3M_on|C4M_on|C7M_on|C8EV_on|H3_on|H6M_on|V3_on|V4_on,4,10,0.8024135944700461,0.6738709677419356,79
1,1,1,1,0,0,1,1,1,0,1,1,0,9,0.849925307219662,0.849925307219662,rt_mean_next_mean,4,C1M_on|C2M_on|C3M_on|C4M_on|C7M_on|C8EV_on|E1_on|H6M_on|V3_on,5,10,0.907956989247312,0.8080637480798771,86
1,1,1,1,0,0,1,1,1,0,1,1,1,10,0.9484070660522274,0.9484070660522274,rt_mean_next_mean,7,C1M_on|C2M_on|C3M_on|C4M_on|C7M_on|C8EV_on|E1_on|H6M_on|V3_on|V4_on,6,10,1.0068333333333332,0.9107816180235536,108
1,1,1,1,0,0,1,1,1,1,0,0,0,8,0.9993333333333332,0.9993333333333332,rt_mean_next_mean,1,C1M_on|C2M_on|C3M_on|C4M_on|C7M_on|C8EV_on|E1_on|H3_on,6,10,1.0068333333333332,0.9107816180235536,108
1,1,1,1,0,0,1,1,1,1,1,0,0,9,1.162238508803025,1.162238508803025,rt_mean_next_mean,13,C1M_on|C2M_on|C3M_on|C4M_on|C7M_on|C8EV_on|E1_on|H3_on|H6M_on,8,10,1.269462365591398,1.120225806451613,75
1,1,1,1,0,0,1,1,1,1,1,1,0,10,0.9836236154903388,0.9836236154903388,rt_mean_next_mean,19,C1M_on|C2M_on|C3M_on|C4M_on|C7M_on|C8EV_on|E1_on|H3_on|H6M_on|V3_on,6,10,1.0068333333333332,0.9107816180235536,108
1,1,1,1,0,0,1,1,1,1,1,1,1,11,1.3038491551459293,1.3038491551459293,rt_mean_next_mean,5,C1M_on|C2M_on|C3M_on|C4M_on|C7M_on|C8EV_on|E1_on|H3_on|H6M_on|V3_on|V4_on,9,10,1.4780645161290322,1.2796774193548388,21
1,1,1,1,0,1,0,0,1,0,1,1,0,8,1.0433333333333334,1.0433333333333334,rt_mean_next_mean,1,C1M_on|C2M_on|C3M_on|C4M_on|C6M_on|E1_on|H6M_on|V3_on,7,10,1.1125806451612903,1.0075612903225806,101
1,1,1,1,0,1,0,0,1,1,1,1,0,9,1.5666129032258065,1.5666129032258065,rt_mean_next_mean,2,C1M_on|C2M_on|C3M_on|C4M_on|C6M_on|E1_on|H3_on|H6M_on|V3_on,10,10,1.7748387096774194,1.52,11
1,1,1,1,0,1,0,1,0,0,0,0,0,6,0.8853333333333333,0.8853333333333333,rt_mean_next_mean,1,C1M_on|C2M_on|C3M_on|C4M_on|C6M_on|C8EV_on,5,10,0.907956989247312,0.8080637480798771,86
1,1,1,1,0,1,0,1,0,0,0,1,0,7,0.6738709677419356,0.6738709677419356,rt_mean_next_mean,1,C1M_on|C2M_on|C3M_on|C4M_on|C6M_on|C8EV_on|V3_on,4,10,0.8024135944700461,0.6738709677419356,79
1,1,1,1,0,1,0,1,0,0,1,0,0,7,0.8534012707722386,0.8534012707722386,rt_mean_next_mean,11,C1M_on|C2M_on|C3M_on|C4M_on|C6M_on|C8EV_on|H6M_on,5,10,0.907956989247312,0.8080637480798771,86
1,1,1,1,0,1,0,1,0,0,1,1,0,8,1.0294086021505378,1.0294086021505378,rt_mean_next_mean,5,C1M_on|C2M_on|C3M_on|C4M_on|C6M_on|C8EV_on|H6M_on|V3_on,7,10,1.1125806451612903,1.0075612903225806,101
1,1,1,1,0,1,0,1,0,1,0,0,0,7,0.9313333333333332,0.9313333333333332,rt_mean_next_mean,1,C1M_on|C2M_on|C3M_on|C4M_on|C6M_on|C8EV_on|H3_on,6,10,1.0068333333333332,0.9107816180235536,108
1,1,1,1,0,1,0,1,0,1,1,0,0,8,0.8580475038402458,0.8580475038402458,rt_mean_next_mean,20,C1M_on|C2M_on|C3M_on|C4M_on|C6M_on|C8EV_on|H3_on|H6M_on,5,10,0.907956989247312,0.8080637480798771,86
1,1,1,1,0,1,0,1,0,1,1,1,0,9,0.8763545122887864,0.8763545122887864,rt_mean_next_mean,40,C1M_on|C2M_on|C3M_on|C4M_on|C6M_on|C8EV_on|H3_on|H6M_on|V3_on,5,10,0.907956989247312,0.8080637480798771,86
1,1,1,1,0,1,0,1,0,1,1,1,1,10,1.1203454301075269,1.1203454301075269,rt_mean_next_mean,12,C1M_on|C2M_on|C3M_on|C4M_on|C6M_on|C8EV_on|H3_on|H6M_on|V3_on|V4_on,8,10,1.269462365591398,1.120225806451613,75
1,1,1,1,0,1,0,1,1,0,0,0,0,7,0.8261290322580644,0.8261290322580644,rt_mean_next_mean,1,C1M_on|C2M_on|C3M_on|C4M_on|C6M_on|C8EV_on|E1_on,5,10,0.907956989247312,0.8080637480798771,86
1,1,1,1,0,1,0,1,1,0,1,0,0,8,0.8364032258064515,0.8364032258064515,rt_mean_next_mean,4,C1M_on|C2M_on|C3M_on|C4M_on|C6M_on|C8EV_on|E1_on|H6M_on,5,10,0.907956989247312,0.8080637480798771,86
1,1,1,1,0,1,0,1,1,0,1,1,0,9,0.9177299880525688,0.9177299880525688,rt_mean_next_mean,9,C1M_on|C2M_on|C3M_on|C4M_on|C6M_on|C8EV_on|E1_on|H6M_on|V3_on,6,10,1.0068333333333332,0.9107816180235536,108
1,1,1,1,0,1,0,1,1,0,1,1,1,10,0.839,0.839,rt_mean_next_mean,2,C1M_on|C2M_on|C3M_on|C4M_on|C6M_on|C8EV_on|E1_on|H6M_on|V3_on|V4_on,5,10,0.907956989247312,0.8080637480798771,86
1,1,1,1,0,1,0,1,1,1,0,0,0,8,1.0827634408602151,1.0827634408602151,rt_mean_next_mean,3,C1M_on|C2M_on|C3M_on|C4M_on|C6M_on|C8EV_on|E1_on|H3_on,7,10,1.1125806451612903,1.0075612903225806,101
1,1,1,1,0,1,0,1,1,1,1,0,0,9,1.041085578747628,1.041085578747628,rt_mean_next_mean,85,C1M_on|C2M_on|C3M_on|C4M_on|C6M_on|C8EV_on|E1_on|H3_on|H6M_on,7,10,1.1125806451612903,1.0075612903225806,101
1,1,1,1,0,1,0,1,1,1,1,1,0,10,1.0232622272252905,1.0232622272252905,rt_mean_next_mean,131,C1M_on|C2M_on|C3M_on|C4M_on|C6M_on|C8EV_on|E1_on|H3_on|H6M_on|V3_on,7,10,1.1125806451612903,1.0075612903225806,101
1,1,1,1,0,1,0,1,1,1,1,1,1,11,1.0630894777265745,1.0630894777265745,rt_mean_next_mean,6,C1M_on|C2M_on|C3M_on|C4M_on|C6M_on|C8EV_on|E1_on|H3_on|H6M_on|V3_on|V4_on,7,10,1.1125806451612903,1.0075612903225806,101
1,1,1,1,0,1,1,0,1,1,1,0,0,9,1.3638709677419356,1.3638709677419356,rt_mean_next_mean,1,C1M_on|C2M_on|C3M_on|C4M_on|C6M_on|C7M_on|E1_on|H3_on|H6M_on,9,10,1.4780645161290322,1.2796774193548388,21
1,1,1,1,0,1,1,1,0,0,1,0,0,8,1.0314193548387096,1.0314193548387096,rt_mean_next_mean,4,C1M_on|C2M_on|C3M_on|C4M_on|C6M_on|C7M_on|C8EV_on|H6M_on,7,10,1.1125806451612903,1.0075612903225806,101
1,1,1,1,0,1,1,1,0,0,1,1,0,9,0.7271140552995392,0.7271140552995392,rt_mean_next_mean,2,C1M_on|C2M_on|C3M_on|C4M_on|C6M_on|C7M_on|C8EV_on|H6M_on|V3_on,4,10,0.8024135944700461,0.6738709677419356,79
1,1,1,1,0,1,1,1,0,0,1,1,1,10,0.839663594470046,0.839663594470046,rt_mean_next_mean,5,C1M_on|C2M_on|C3M_on|C4M_on|C6M_on|C7M_on|C8EV_on|H6M_on|V3_on|V4_on,5,10,0.907956989247312,0.8080637480798771,86
1,1,1,1,0,1,1,1,0,1,0,0,0,8,1.2796774193548388,1.2796774193548388,rt_mean_next_mean,2,C1M_on|C2M_on|C3M_on|C4M_on|C6M_on|C7M_on|C8EV_on|H3_on,9,10,1.4780645161290322,1.2796774193548388,21
1,1,1,1,0,1,1,1,0,1,1,0,0,9,1.0347713613671274,1.0347713613671274,rt_mean_next_mean,32,C1M_on|C2M_on|C3M_on|C4M_on|C6M_on|C7M_on|C8EV_on|H3_on|H6M_on,7,10,1.1125806451612903,1.0075612903225806,101
1,1,1,1,0,1,1,1,0,1,1,1,0,10,1.0002882628124563,1.0002882628124563,rt_mean_next_mean,44,C1M_on|C2M_on|C3M_on|C4M_on|C6M_on|C7M_on|C8EV_on|H3_on|H6M_on|V3_on,6,10,1.0068333333333332,0.9107816180235536,108
1,1,1,1,0,1,1,1,0,1,1,1,1,11,0.8374783239460659,0.8374783239460659,rt_mean_next_mean,9,C1M_on|C2M_on|C3M_on|C4M_on|C6M_on|C7M_on|C8EV_on|H3_on|H6M_on|V3_on|V4_on,5,10,0.907956989247312,0.8080637480798771,86
1,1,1,1,0,1,1,1,1,0,0,0,0,8,0.8232258064516129,0.8232258064516129,rt_mean_next_mean,1,C1M_on|C2M_on|C3M_on|C4M_on|C6M_on|C7M_on|C8EV_on|E1_on,5,10,0.907956989247312,0.8080637480798771,86
1,1,1,1,0,1,1,1,1,0,1,0,0,9,1.1305726355058152,1.1305726355058152,rt_mean_next_mean,7,C1M_on|C2M_on|C3M_on|C4M_on|C6M_on|C7M_on|C8EV_on|E1_on|H6M_on,8,10,1.269462365591398,1.120225806451613,75
1,1,1,1,0,1,1,1,1,0,1,1,0,10,0.9531282051282052,0.9531282051282052,rt_mean_next_mean,13,C1M_on|C2M_on|C3M_on|C4M_on|C6M_on|C7M_on|C8EV_on|E1_on|H6M_on|V3_on,6,10,1.0068333333333332,0.9107816180235536,108
1,1,1,1,0,1,1,1,1,0,1,1,1,11,1.0181048387096774,1.0181048387096774,rt_mean_next_mean,8,C1M_on|C2M_on|C3M_on|C4M_on|C6M_on|C7M_on|C8EV_on|E1_on|H6M_on|V3_on|V4_on,7,10,1.1125806451612903,1.0075612903225806,101
1,1,1,1,0,1,1,1,1,1,0,0,0,9,0.9631139784946235,0.9631139784946235,rt_mean_next_mean,15,C1M_on|C2M_on|C3M_on|C4M_on|C6M_on|C7M_on|C8EV_on|E1_on|H3_on,6,10,1.0068333333333332,0.9107816180235536,108
1,1,1,1,0,1,1,1,1,1,1,0,0,10,1.0594380010539652,1.0594380010539652,rt_mean_next_mean,137,C1M_on|C2M_on|C3M_on|C4M_on|C6M_on|C7M_on|C8EV_on|E1_on|H3_on|H6M_on,7,10,1.1125806451612903,1.0075612903225806,101
1,1,1,1,0,1,1,1,1,1,1,1,0,11,0.9794050597197403,0.9794050597197403,rt_mean_next_mean,98,C1M_on|C2M_on|C3M_on|C4M_on|C6M_on|C7M_on|C8EV_on|E1_on|H3_on|H6M_on|V3_on,6,10,1.0068333333333332,0.9107816180235536,108
1,1,1,1,0,1,1,1,1,1,1,1,1,12,1.0872972350230414,1.0872972350230414,rt_mean_next_mean,11,C1M_on|C2M_on|C3M_on|C4M_on|C6M_on|C7M_on|C8EV_on|E1_on|H3_on|H6M_on|V3_on|V4_on,7,10,1.1125806451612903,1.0075612903225806,101
1,1,1,1,1,0,0,0,0,1,1,1,1,9,0.9966666666666666,0.9966666666666666,rt_mean_next_mean,1,C1M_on|C2M_on|C3M_on|C4M_on|C5M_on|H3_on|H6M_on|V3_on|V4_on,6,10,1.0068333333333332,0.9107816180235536,108
1,1,1,1,1,0,0,1,0,0,1,0,0,7,0.785483870967742,0.785483870967742,rt_mean_next_mean,1,C1M_on|C2M_on|C3M_on|C4M_on|C5M_on|C8EV_on|H6M_on,4,10,0.8024135944700461,0.6738709677419356,79
1,1,1,1,1,0,0,1,0,0,1,1,0,8,0.7433905529953917,0.7433905529953917,rt_mean_next_mean,14,C1M_on|C2M_on|C3M_on|C4M_on|C5M_on|C8EV_on|H6M_on|V3_on,4,10,0.8024135944700461,0.6738709677419356,79
1,1,1,1,1,0,0,1,0,1,1,0,0,8,0.7873034306195597,0.7873034306195597,rt_mean_next_mean,15,C1M_on|C2M_on|C3M_on|C4M_on|C5M_on|C8EV_on|H3_on|H6M_on,4,10,0.8024135944700461,0.6738709677419356,79
1,1,1,1,1,0,0,1,0,1,1,1,0,9,0.9363712749615974,0.9363712749615974,rt_mean_next_mean,35,C1M_on|C2M_on|C3M_on|C4M_on|C5M_on|C8EV_on|H3_on|H6M_on|V3_on,6,10,1.0068333333333332,0.9107816180235536,108
1,1,1,1,1,0,0,1,0,1,1,1,1,10,0.9831521697388632,0.9831521697388632,rt_mean_next_mean,8,C1M_on|C2M_on|C3M_on|C4M_on|C5M_on|C8EV_on|H3_on|H6M_on|V3_on|V4_on,6,10,1.0068333333333332,0.9107816180235536,108
1,1,1,1,1,0,0,1,1,0,1,1,0,9,1.0075612903225806,1.0075612903225806,rt_mean_next_mean,10,C1M_on|C2M_on|C3M_on|C4M_on|C5M_on|C8EV_on|E1_on|H6M_on|V3_on,7,10,1.1125806451612903,1.0075612903225806,101
1,1,1,1,1,0,0,1,1,1,1,0,0,9,1.090173636001593,1.090173636001593,rt_mean_next_mean,27,C1M_on|C2M_on|C3M_on|C4M_on|C5M_on|C8EV_on|E1_on|H3_on|H6M_on,7,10,1.1125806451612903,1.0075612903225806,101
1,1,1,1,1,0,0,1,1,1,1,1,0,10,1.04278085865292,1.04278085865292,rt_mean_next_mean,59,C1M_on|C2M_on|C3M_on|C4M_on|C5M_on|C8EV_on|E1_on|H3_on|H6M_on|V3_on,7,10,1.1125806451612903,1.0075612903225806,101
1,1,1,1,1,0,0,1,1,1,1,1,1,11,1.0749408602150536,1.0749408602150536,rt_mean_next_mean,2,C1M_on|C2M_on|C3M_on|C4M_on|C5M_on|C8EV_on|E1_on|H3_on|H6M_on|V3_on|V4_on,7,10,1.1125806451612903,1.0075612903225806,101
1,1,1,1,1,0,1,1,0,0,1,1,0,9,0.9879784946236558,0.9879784946236558,rt_mean_next_mean,5,C1M_on|C2M_on|C3M_on|C4M_on|C5M_on|C7M_on|C8EV_on|H6M_on|V3_on,6,10,1.0068333333333332,0.9107816180235536,108
1,1,1,1,1,0,1,1,0,0,1,1,1,10,0.8113333333333334,0.8113333333333334,rt_mean_next_mean,1,C1M_on|C2M_on|C3M_on|C4M_on|C5M_on|C7M_on|C8EV_on|H6M_on|V3_on|V4_on,5,10,0.907956989247312,0.8080637480798771,86
1,1,1,1,1,0,1,1,0,1,0,1,1,10,0.7110000000000001,0.7110000000000001,rt_mean_next_mean,2,C1M_on|C2M_on|C3M_on|C4M_on|C5M_on|C7M_on|C8EV_on|H3_on|V3_on|V4_on,4,10,0.8024135944700461,0.6738709677419356,79
1,1,1,1,1,0,1,1,0,1,1,0,0,9,1.109726318484383,1.109726318484383,rt_mean_next_mean,12,C1M_on|C2M_on|C3M_on|C4M_on|C5M_on|C7M_on|C8EV_on|H3_on|H6M_on,7,10,1.1125806451612903,1.0075612903225806,101
1,1,1,1,1,0,1,1,0,1,1,1,0,10,1.002104742703533,1.002104742703533,rt_mean_next_mean,8,C1M_on|C2M_on|C3M_on|C4M_on|C5M_on|C7M_on|C8EV_on|H3_on|H6M_on|V3_on,6,10,1.0068333333333332,0.9107816180235536,108
1,1,1,1,1,0,1,1,0,1,1,1,1,11,0.8378010752688173,0.8378010752688173,rt_mean_next_mean,7,C1M_on|C2M_on|C3M_on|C4M_on|C5M_on|C7M_on|C8EV_on|H3_on|H6M_on|V3_on|V4_on,5,10,0.907956989247312,0.8080637480798771,86
1,1,1,1,1,0,1,1,1,0,1,1,0,10,1.068494623655914,1.068494623655914,rt_mean_next_mean,3,C1M_on|C2M_on|C3M_on|C4M_on|C5M_on|C7M_on|C8EV_on|E1_on|H6M_on|V3_on,7,10,1.1125806451612903,1.0075612903225806,101
1,1,1,1,1,0,1,1,1,1,0,0,0,9,1.1125806451612903,1.1125806451612903,rt_mean_next_mean,2,C1M_on|C2M_on|C3M_on|C4M_on|C5M_on|C7M_on|C8EV_on|E1_on|H3_on,7,10,1.1125806451612903,1.0075612903225806,101
1,1,1,1,1,0,1,1,1,1,1,0,0,10,1.0000078450735133,1.0000078450735133,rt_mean_next_mean,14,C1M_on|C2M_on|C3M_on|C4M_on|C5M_on|C7M_on|C8EV_on|E1_on|H3_on|H6M_on,6,10,1.0068333333333332,0.9107816180235536,108
1,1,1,1,1,0,1,1,1,1,1,1,0,11,0.9703743890518084,0.9703743890518084,rt_mean_next_mean,11,C1M_on|C2M_on|C3M_on|C4M_on|C5M_on|C7M_on|C8EV_on|E1_on|H3_on|H6M_on|V3_on,6,10,1.0068333333333332,0.9107816180235536,108
1,1,1,1,1,0,1,1,1,1,1,1,1,12,0.7892264208909371,0.7892264208909371,rt_mean_next_mean,5,C1M_on|C2M_on|C3M_on|C4M_on|C5M_on|C7M_on|C8EV_on|E1_on|H3_on|H6M_on|V3_on|V4_on,4,10,0.8024135944700461,0.6738709677419356,79
1,1,1,1,1,1,0,0,0,0,1,0,0,7,0.0483870967741935,0.0483870967741935,rt_mean_next_mean,1,C1M_on|C2M_on|C3M_on|C4M_on|C5M_on|C6M_on|H6M_on,1,10,0.2043620071684588,0.0,30
1,1,1,1,1,1,0,1,0,0,1,0,0,8,0.6361449518223712,0.6361449518223712,rt_mean_next_mean,11,C1M_on|C2M_on|C3M_on|C4M_on|C5M_on|C6M_on|C8EV_on|H6M_on,3,10,0.6685232974910394,0.516774193548387,43
1,1,1,1,1,1,0,1,0,0,1,1,0,9,0.9260309779825912,0.9260309779825912,rt_mean_next_mean,3,C1M_on|C2M_on|C3M_on|C4M_on|C5M_on|C6M_on|C8EV_on|H6M_on|V3_on,6,10,1.0068333333333332,0.9107816180235536,108
1,1,1,1,1,1,0,1,0,1,0,1,0,9,0.752,0.752,rt_mean_next_mean,1,C1M_on|C2M_on|C3M_on|C4M_on|C5M_on|C6M_on|C8EV_on|H3_on|V3_on,4,10,0.8024135944700461,0.6738709677419356,79
1,1,1,1,1,1,0,1,0,1,1,0,0,9,0.8575444444444444,0.8575444444444444,rt_mean_next_mean,15,C1M_on|C2M_on|C3M_on|C4M_on|C5M_on|C6M_on|C8EV_on|H3_on|H6M_on,5,10,0.907956989247312,0.8080637480798771,86
1,1,1,1,1,1,0,1,0,1,1,1,0,10,0.9518711180124224,0.9518711180124224,rt_mean_next_mean,46,C1M_on|C2M_on|C3M_on|C4M_on|C5M_on|C6M_on|C8EV_on|H3_on|H6M_on|V3_on,6,10,1.0068333333333332,0.9107816180235536,108
1,1,1,1,1,1,0,1,0,1,1,1,1,11,0.8499827956989247,0.8499827956989247,rt_mean_next_mean,5,C1M_on|C2M_on|C3M_on|C4M_on|C5M_on|C6M_on|C8EV_on|H3_on|H6M_on|V3_on|V4_on,5,10,0.907956989247312,0.8080637480798771,86
1,1,1,1,1,1,0,1,1,0,0,0,0,8,1.0923333333333332,1.0923333333333332,rt_mean_next_mean,1,C1M_on|C2M_on|C3M_on|C4M_on|C5M_on|C6M_on|C8EV_on|E1_on,7,10,1.1125806451612903,1.0075612903225806,101
1,1,1,1,1,1,0,1,1,0,1,1,0,10,1.1043990783410138,1.1043990783410138,rt_mean_next_mean,5,C1M_on|C2M_on|C3M_on|C4M_on|C5M_on|C6M_on|C8EV_on|E1_on|H6M_on|V3_on,7,10,1.1125806451612903,1.0075612903225806,101
1,1,1,1,1,1,0,1,1,1,0,0,0,9,1.2162933947772656,1.2162933947772656,rt_mean_next_mean,7,C1M_on|C2M_on|C3M_on|C4M_on|C5M_on|C6M_on|C8EV_on|E1_on|H3_on,8,10,1.269462365591398,1.120225806451613,75
1,1,1,1,1,1,0,1,1,1,1,0,0,10,1.0774100806451614,1.0774100806451614,rt_mean_next_mean,40,C1M_on|C2M_on|C3M_on|C4M_on|C5M_on|C6M_on|C8EV_on|E1_on|H3_on|H6M_on,7,10,1.1125806451612903,1.0075612903225806,101
1,1,1,1,1,1,0,1,1,1,1,1,0,11,0.9767552742616036,0.9767552742616036,rt_mean_next_mean,79,C1M_on|C2M_on|C3M_on|C4M_on|C5M_on|C6M_on|C8EV_on|E1_on|H3_on|H6M_on|V3_on,6,10,1.0068333333333332,0.9107816180235536,108
1,1,1,1,1,1,0,1,1,1,1,1,1,12,0.9724000896057348,0.9724000896057348,rt_mean_next_mean,12,C1M_on|C2M_on|C3M_on|C4M_on|C5M_on|C6M_on|C8EV_on|E1_on|H3_on|H6M_on|V3_on|V4_on,6,10,1.0068333333333332,0.9107816180235536,108
1,1,1,1,1,1,1,0,0,1,1,0,0,9,0.4774193548387097,0.4774193548387097,rt_mean_next_mean,1,C1M_on|C2M_on|C3M_on|C4M_on|C5M_on|C6M_on|C7M_on|H3_on|H6M_on,2,10,0.4776003659528327,0.2309354838709677,25
1,1,1,1,1,1,1,0,1,0,0,0,0,8,0.9259301075268818,0.9259301075268818,rt_mean_next_mean,2,C1M_on|C2M_on|C3M_on|C4M_on|C5M_on|C6M_on|C7M_on|E1_on,6,10,1.0068333333333332,0.9107816180235536,108
1,1,1,1,1,1,1,0,1,0,1,0,0,9,0.797,0.797,rt_mean_next_mean,1,C1M_on|C2M_on|C3M_on|C4M_on|C5M_on|C6M_on|C7M_on|E1_on|H6M_on,4,10,0.8024135944700461,0.6738709677419356,79
1,1,1,1,1,1,1,0,1,1,1,0,0,10,1.000962365591398,1.000962365591398,rt_mean_next_mean,2,C1M_on|C2M_on|C3M_on|C4M_on|C5M_on|C6M_on|C7M_on|E1_on|H3_on|H6M_on,6,10,1.0068333333333332,0.9107816180235536,108
1,1,1,1,1,1,1,1,0,0,1,0,0,9,1.0277083973374297,1.0277083973374297,rt_mean_next_mean,24,C1M_on|C2M_on|C3M_on|C4M_on|C5M_on|C6M_on|C7M_on|C8EV_on|H6M_on,7,10,1.1125806451612903,1.0075612903225806,101
1,1,1,1,1,1,1,1,0,0,1,1,0,10,0.9986666666666668,0.9986666666666668,rt_mean_next_mean,26,C1M_on|C2M_on|C3M_on|C4M_on|C5M_on|C6M_on|C7M_on|C8EV_on|H6M_on|V3_on,6,10,1.0068333333333332,0.9107816180235536,108
1,1,1,1,1,1,1,1,0,0,1,1,1,11,0.8109623655913979,0.8109623655913979,rt_mean_next_mean,4,C1M_on|C2M_on|C3M_on|C4M_on|C5M_on|C6M_on|C7M_on|C8EV_on|H6M_on|V3_on|V4_on,5,10,0.907956989247312,0.8080637480798771,86
1,1,1,1,1,1,1,1,0,1,0,0,0,9,1.0943888888888889,1.0943888888888889,rt_mean_next_mean,30,C1M_on|C2M_on|C3M_on|C4M_on|C5M_on|C6M_on|C7M_on|C8EV_on|H3_on,7,10,1.1125806451612903,1.0075612903225806,101
1,1,1,1,1,1,1,1,0,1,1,0,0,10,1.0081727812905608,1.0081727812905608,rt_mean_next_mean,129,C1M_on|C2M_on|C3M_on|C4M_on|C5M_on|C6M_on|C7M_on|C8EV_on|H3_on|H6M_on,7,10,1.1125806451612903,1.0075612903225806,101
1,1,1,1,1,1,1,1,0,1,1,1,0,11,0.978910606060606,0.978910606060606,rt_mean_next_mean,110,C1M_on|C2M_on|C3M_on|C4M_on|C5M_on|C6M_on|C7M_on|C8EV_on|H3_on|H6M_on|V3_on,6,10,1.0068333333333332,0.9107816180235536,108
1,1,1,1,1,1,1,1,0,1,1,1,1,12,0.9888149001536098,0.9888149001536098,rt_mean_next_mean,13,C1M_on|C2M_on|C3M_on|C4M_on|C5M_on|C6M_on|C7M_on|C8EV_on|H3_on|H6M_on|V3_on|V4_on,6,10,1.0068333333333332,0.9107816180235536,108
1,1,1,1,1,1,1,1,1,0,0,0,0,9,1.1119419354838709,1.1119419354838709,rt_mean_next_mean,5,C1M_on|C2M_on|C3M_on|C4M_on|C5M_on|C6M_on|C7M_on|C8EV_on|E1_on,7,10,1.1125806451612903,1.0075612903225806,101
1,1,1,1,1,1,1,1,1,0,1,0,0,10,1.0716766205837174,1.0716766205837174,rt_mean_next_mean,25,C1M_on|C2M_on|C3M_on|C4M_on|C5M_on|C6M_on|C7M_on|C8EV_on|E1_on|H6M_on,7,10,1.1125806451612903,1.0075612903225806,101
1,1,1,1,1,1,1,1,1,0,1,1,0,11,0.9608119317474156,0.9608119317474156,rt_mean_next_mean,37,C1M_on|C2M_on|C3M_on|C4M_on|C5M_on|C6M_on|C7M_on|C8EV_on|E1_on|H6M_on|V3_on,6,10,1.0068333333333332,0.9107816180235536,108
1,1,1,1,1,1,1,1,1,1,0,0,0,10,1.0219743589743588,1.0219743589743588,rt_mean_next_mean,65,C1M_on|C2M_on|C3M_on|C4M_on|C5M_on|C6M_on|C7M_on|C8EV_on|E1_on|H3_on,7,10,1.1125806451612903,1.0075612903225806,101
1,1,1,1,1,1,1,1,1,1,1,0,0,11,1.0162895194206714,1.0162895194206714,rt_mean_next_mean,350,C1M_on|C2M_on|C3M_on|C4M_on|C5M_on|C6M_on|C7M_on|C8EV_on|E1_on|H3_on|H6M_on,7,10,1.1125806451612903,1.0075612903225806,101
1,1,1,1,1,1,1,1,1,1,1,1,0,12,0.9975985023041476,0.9975985023041476,rt_mean_next_mean,272,C1M_on|C2M_on|C3M_on|C4M_on|C5M_on|C6M_on|C7M_on|C8EV_on|E1_on|H3_on|H6M_on|V3_on,6,10,1.0068333333333332,0.9107816180235536,108
1,1,1,1,1,1,1,1,1,1,1,1,1,13,0.96386354760603,0.96386354760603,rt_mean_next_mean,59,C1M_on|C2M_on|C3M_on|C4M_on|C5M_on|C6M_on|C7M_on|C8EV_on|E1_on|H3_on|H6M_on|V3_on|V4_on,6,10,1.0068333333333332,0.9107816180235536,108
